-- MySQL dump 10.13  Distrib 5.5.59, for debian-linux-gnu (x86_64)
--
-- Host: localhost    Database: ijd
-- ------------------------------------------------------
-- Server version	5.5.59-0ubuntu0.14.04.1

/*!40101 SET @OLD_CHARACTER_SET_CLIENT=@@CHARACTER_SET_CLIENT */;
/*!40101 SET @OLD_CHARACTER_SET_RESULTS=@@CHARACTER_SET_RESULTS */;
/*!40101 SET @OLD_COLLATION_CONNECTION=@@COLLATION_CONNECTION */;
/*!40101 SET NAMES utf8 */;
/*!40103 SET @OLD_TIME_ZONE=@@TIME_ZONE */;
/*!40103 SET TIME_ZONE='+00:00' */;
/*!40014 SET @OLD_UNIQUE_CHECKS=@@UNIQUE_CHECKS, UNIQUE_CHECKS=0 */;
/*!40014 SET @OLD_FOREIGN_KEY_CHECKS=@@FOREIGN_KEY_CHECKS, FOREIGN_KEY_CHECKS=0 */;
/*!40101 SET @OLD_SQL_MODE=@@SQL_MODE, SQL_MODE='NO_AUTO_VALUE_ON_ZERO' */;
/*!40111 SET @OLD_SQL_NOTES=@@SQL_NOTES, SQL_NOTES=0 */;

--
-- Table structure for table `auth_assignment`
--

DROP TABLE IF EXISTS `auth_assignment`;
/*!40101 SET @saved_cs_client     = @@character_set_client */;
/*!40101 SET character_set_client = utf8 */;
CREATE TABLE `auth_assignment` (
  `item_name` varchar(64) COLLATE utf8_unicode_ci NOT NULL,
  `user_id` varchar(64) COLLATE utf8_unicode_ci NOT NULL,
  `created_at` int(11) DEFAULT NULL,
  PRIMARY KEY (`item_name`,`user_id`),
  KEY `auth_assignment_user_id_idx` (`user_id`),
  CONSTRAINT `auth_assignment_ibfk_1` FOREIGN KEY (`item_name`) REFERENCES `auth_item` (`name`) ON DELETE CASCADE ON UPDATE CASCADE
) ENGINE=InnoDB DEFAULT CHARSET=utf8 COLLATE=utf8_unicode_ci;
/*!40101 SET character_set_client = @saved_cs_client */;

--
-- Dumping data for table `auth_assignment`
--

LOCK TABLES `auth_assignment` WRITE;
/*!40000 ALTER TABLE `auth_assignment` DISABLE KEYS */;
/*!40000 ALTER TABLE `auth_assignment` ENABLE KEYS */;
UNLOCK TABLES;

--
-- Table structure for table `auth_item`
--

DROP TABLE IF EXISTS `auth_item`;
/*!40101 SET @saved_cs_client     = @@character_set_client */;
/*!40101 SET character_set_client = utf8 */;
CREATE TABLE `auth_item` (
  `name` varchar(64) COLLATE utf8_unicode_ci NOT NULL,
  `type` smallint(6) NOT NULL,
  `description` text COLLATE utf8_unicode_ci,
  `rule_name` varchar(64) COLLATE utf8_unicode_ci DEFAULT NULL,
  `data` blob,
  `created_at` int(11) DEFAULT NULL,
  `updated_at` int(11) DEFAULT NULL,
  PRIMARY KEY (`name`),
  KEY `rule_name` (`rule_name`),
  KEY `idx-auth_item-type` (`type`),
  CONSTRAINT `auth_item_ibfk_1` FOREIGN KEY (`rule_name`) REFERENCES `auth_rule` (`name`) ON DELETE SET NULL ON UPDATE CASCADE
) ENGINE=InnoDB DEFAULT CHARSET=utf8 COLLATE=utf8_unicode_ci;
/*!40101 SET character_set_client = @saved_cs_client */;

--
-- Dumping data for table `auth_item`
--

LOCK TABLES `auth_item` WRITE;
/*!40000 ALTER TABLE `auth_item` DISABLE KEYS */;
/*!40000 ALTER TABLE `auth_item` ENABLE KEYS */;
UNLOCK TABLES;

--
-- Table structure for table `auth_item_child`
--

DROP TABLE IF EXISTS `auth_item_child`;
/*!40101 SET @saved_cs_client     = @@character_set_client */;
/*!40101 SET character_set_client = utf8 */;
CREATE TABLE `auth_item_child` (
  `parent` varchar(64) COLLATE utf8_unicode_ci NOT NULL,
  `child` varchar(64) COLLATE utf8_unicode_ci NOT NULL,
  PRIMARY KEY (`parent`,`child`),
  KEY `child` (`child`),
  CONSTRAINT `auth_item_child_ibfk_1` FOREIGN KEY (`parent`) REFERENCES `auth_item` (`name`) ON DELETE CASCADE ON UPDATE CASCADE,
  CONSTRAINT `auth_item_child_ibfk_2` FOREIGN KEY (`child`) REFERENCES `auth_item` (`name`) ON DELETE CASCADE ON UPDATE CASCADE
) ENGINE=InnoDB DEFAULT CHARSET=utf8 COLLATE=utf8_unicode_ci;
/*!40101 SET character_set_client = @saved_cs_client */;

--
-- Dumping data for table `auth_item_child`
--

LOCK TABLES `auth_item_child` WRITE;
/*!40000 ALTER TABLE `auth_item_child` DISABLE KEYS */;
/*!40000 ALTER TABLE `auth_item_child` ENABLE KEYS */;
UNLOCK TABLES;

--
-- Table structure for table `auth_rule`
--

DROP TABLE IF EXISTS `auth_rule`;
/*!40101 SET @saved_cs_client     = @@character_set_client */;
/*!40101 SET character_set_client = utf8 */;
CREATE TABLE `auth_rule` (
  `name` varchar(64) COLLATE utf8_unicode_ci NOT NULL,
  `data` blob,
  `created_at` int(11) DEFAULT NULL,
  `updated_at` int(11) DEFAULT NULL,
  PRIMARY KEY (`name`)
) ENGINE=InnoDB DEFAULT CHARSET=utf8 COLLATE=utf8_unicode_ci;
/*!40101 SET character_set_client = @saved_cs_client */;

--
-- Dumping data for table `auth_rule`
--

LOCK TABLES `auth_rule` WRITE;
/*!40000 ALTER TABLE `auth_rule` DISABLE KEYS */;
/*!40000 ALTER TABLE `auth_rule` ENABLE KEYS */;
UNLOCK TABLES;

--
-- Table structure for table `dosen`
--

DROP TABLE IF EXISTS `dosen`;
/*!40101 SET @saved_cs_client     = @@character_set_client */;
/*!40101 SET character_set_client = utf8 */;
CREATE TABLE `dosen` (
  `id` int(11) NOT NULL AUTO_INCREMENT,
  `nip` varchar(50) NOT NULL,
  `nama` varchar(200) NOT NULL,
  `user_created` int(11) NOT NULL,
  `user_updated` int(11) DEFAULT NULL,
  `update_time` datetime NOT NULL,
  PRIMARY KEY (`id`),
  UNIQUE KEY `nip-unique-dosen` (`nip`)
) ENGINE=InnoDB AUTO_INCREMENT=3908 DEFAULT CHARSET=latin1;
/*!40101 SET character_set_client = @saved_cs_client */;

--
-- Dumping data for table `dosen`
--

LOCK TABLES `dosen` WRITE;
/*!40000 ALTER TABLE `dosen` DISABLE KEYS */;
INSERT INTO `dosen` VALUES (2606,'195204011985031001 ','A. Rahman, Drs. M.Env. ',1,NULL,'2018-04-30 04:16:36'),(2607,'195409181980031003 ','A. Winoto Suhartono, drg. M.Si. ',1,NULL,'2018-04-30 04:16:36'),(2608,'195510101981112001 ','AAAA Kusumawardhani, dr. Sp.KJ.(K) ',1,NULL,'2018-04-30 04:16:36'),(2609,'195906141986021001 ','Abdul Latif, drg. Sp.BM (K) ',1,NULL,'2018-04-30 04:16:36'),(2610,'196412311991031039 ','Abdul Mun\'im, Dr. M.Si. Apt ',1,NULL,'2018-04-30 04:16:36'),(2611,'010602133 ','Abidin Widjanarko, Dr. dr. Sp.PD-KHOM ',1,NULL,'2018-04-30 04:16:36'),(2612,'195410231977112001 ','Achir Yani S. Hamid, Prof. MN., DN.Sc ',1,NULL,'2018-04-30 04:16:36'),(2613,'0107050252 ','Achmad Fauzi Kamal, Dr. dr. Sp.OT. ',1,NULL,'2018-04-30 04:16:36'),(2614,'196701241996031001 ','Achmad Fauzi, Dr. SpPD ',1,NULL,'2018-04-30 04:16:36'),(2615,'195008121979031001 ','Achmad Hudoyo, dr. Sp.P(K) ',1,NULL,'2018-04-30 04:16:36'),(2616,'011403030 ','Achmad Juandy, dr. Sp.M. ',1,NULL,'2018-04-30 04:16:36'),(2617,'100140310281608791 ','Achmad Kemal Harzif, dr. Sp.OG. ',1,NULL,'2018-04-30 04:16:36'),(2618,'196210011987031005 ','Achmad Kurnia, dr. SpB.(K)Onk ',1,NULL,'2018-04-30 04:16:36'),(2619,'011003042 ','Achmad Mulawarman Jayusman, dr. Sp.P.(K). ',1,NULL,'2018-04-30 04:16:36'),(2620,'195503171980121001 ','Adang Bachtiar, dr. MPH., DSc ',1,NULL,'2018-04-30 04:16:36'),(2621,'197204101998022001 ','Ade Arsianti, Dr. S.Si., M.Si. ',1,NULL,'2018-04-30 04:16:36'),(2622,'198108272010121002 ','Ade Firmansyah Sugiharto, dr. Sp.F. ',1,NULL,'2018-04-30 04:16:36'),(2623,'140176678 ','Ade Jeanne Domina, dr. L.Tobing SpKO ',1,NULL,'2018-04-30 04:16:36'),(2624,'101503008 ','Adenan S.T., M.K.K.K. ',1,NULL,'2018-04-30 04:16:36'),(2625,'011303002 ','Adhimukti Tathyahita Sampurna, dr. Sp.K.K. ',1,NULL,'2018-04-30 04:16:36'),(2626,'101503009 ','Adi Sasongko, dr. M.A. ',1,NULL,'2018-04-30 04:16:36'),(2627,'101203010 ','Adik Wibowo, Prof. Dr. dr. MPH ',1,NULL,'2018-04-30 04:16:36'),(2628,'195302221982022001 ','Adiningsih Srilestari, dr. Sp.Ak., M.Epid. ',1,NULL,'2018-04-30 04:16:36'),(2629,'198403072009122005 ','Adisti Dwijayanti, dr. M.Biomed. ',1,NULL,'2018-04-30 04:16:36'),(2630,'011003043 ','Aditya Suryansyah, dr. SpA ',1,NULL,'2018-04-30 04:16:36'),(2631,'010903162 ','Aditya Wadhana, dr. SpBP ',1,NULL,'2018-04-30 04:16:36'),(2632,'140175159 ','Adre Mayza, Dr. SpS(K) ',1,NULL,'2018-04-30 04:16:36'),(2633,'010903160 ','Adria Rusli, dr. Sp.P. ',1,NULL,'2018-04-30 04:16:36'),(2634,'195207201977022001 ','Afi Savitri Soetojo, drg. Sp.PM ',1,NULL,'2018-04-30 04:16:36'),(2635,'140187036 ','Agi Satria Putranto, dr. SpB(K)BD ',1,NULL,'2018-04-30 04:16:36'),(2636,'196205041990032002 ','Agnes Kurniawan, Prof. dr. Ph.D., SpParK ',1,NULL,'2018-04-30 04:16:36'),(2637,'011003044 ','Agnes Praptiwi, dr. SpA ',1,NULL,'2018-04-30 04:16:36'),(2638,'196306281991032002 ','Agnes Riyanti Inge Permadhi, Dr. dr. Sp.GK. ',1,NULL,'2018-04-30 04:16:36'),(2639,'011503011 ','Agnes Stephanie Harahap, dr. Sp.PA ',1,NULL,'2018-04-30 04:16:36'),(2640,'011003045 ','Agnes Yunie Purwita Sari, dr. SpA ',1,NULL,'2018-04-30 04:16:36'),(2641,'195503021980032001 ','Agoeng Tjahajani Sarwono, drg. M.S. ',1,NULL,'2018-04-30 04:16:36'),(2642,'010603037 ','Agung P. Sutiyoso, dr. Sp.OT ',1,NULL,'2018-04-30 04:16:36'),(2643,'196909191994031001 ','Agung Waluyo S.Kp., M.Sc., Ph.D. ',1,NULL,'2018-04-30 04:16:36'),(2644,'010903467 ','Agung Wibawanto, dr. SpB., SpBTKV ',1,NULL,'2018-04-30 04:16:36'),(2645,'195307221989031001 ','Agus Aulung, Drs. M.Biomed ',1,NULL,'2018-04-30 04:16:36'),(2646,'010903159 ','Agus Dwi Susanto, dr. Sp.P. ',1,NULL,'2018-04-30 04:16:36'),(2647,'195208071977081001 ','Agus Firmansyah, Prof. Dr. dr. Sp.A(K) ',1,NULL,'2018-04-30 04:16:36'),(2648,'195411091980031004 ','Agus Purwadianto, Prof. Dr. dr. DFM., S.H., M.Si.Sp.F(K) ',1,NULL,'2018-04-30 04:16:36'),(2649,'101403003 ','Agus Rahmanto S.K.M., M.A.R.S ',1,NULL,'2018-04-30 04:16:36'),(2650,'197706112009121002 ','Agus Rizal Ardy Hariandy Hamid, dr. Sp.U ',1,NULL,'2018-04-30 04:16:36'),(2651,'195508161988031001','Agus Sardjono, Prof. Dr. S.H., M.H.',1,NULL,'2018-04-30 04:16:36'),(2652,'197508052008121001 ','Agus Setiawan S.Kp., MN., D.N. ',1,NULL,'2018-04-30 04:16:36'),(2653,'010603162 ','Agus Sugiharto, drg. M.A.R.S. ',1,NULL,'2018-04-30 04:16:36'),(2654,'140192075 ','Agus Surur, dr. SpOG ',1,NULL,'2018-04-30 04:16:36'),(2655,'195303301979021001 ','Agus Syahrurachman, Prof. dr. Ph.D., SpMK ',1,NULL,'2018-04-30 04:16:36'),(2656,'131103009 ','Agustin Indracahyani, Ns. S.Kep., M.Sc. ',1,NULL,'2018-04-30 04:16:36'),(2657,'196108141987032001 ','Agustin Kusumayati, dr. M.Sc., Ph.D. ',1,NULL,'2018-04-30 04:16:36'),(2658,'196512041992031003 ','Ahmad Aulia, dr. Ph.D. ',1,NULL,'2018-04-30 04:16:36'),(2659,'198604072014041001 ','Ahmad Fuady, dr. M.Sc. ',1,NULL,'2018-04-30 04:16:36'),(2660,'196908042008121001 ','Ahmad Syafiq, Ir. M.Sc., Ph.D ',1,NULL,'2018-04-30 04:16:36'),(2661,'010903153 ','Ahmad Yani, dr. Sp.BA ',1,NULL,'2018-04-30 04:16:36'),(2662,'011103009 ','Ahmad Yanuar Safri, dr. Sp.S ',1,NULL,'2018-04-30 04:16:36'),(2663,'140159444 ','Aida Lydia, dr. SpPD ',1,NULL,'2018-04-30 04:16:36'),(2664,'140373872 ','Aida Rosita Tantri, dr. SpAn ',1,NULL,'2018-04-30 04:16:36'),(2665,'195210011980032001 ','Aida Suryadiredja, dr. Sp.KK(K) ',1,NULL,'2018-04-30 04:16:36'),(2666,'198008152010121003 ','Akhmadu, dr. Sp.B ',1,NULL,'2018-04-30 04:16:37'),(2667,'195507271980101001 ','Akmal Taher, Prof. Dr. dr. SpU(K) ',1,NULL,'2018-04-30 04:16:37'),(2668,'011203006 ','Aldy Heriwardito, dr. Sp.An. ',1,NULL,'2018-04-30 04:16:37'),(2669,'010903148 ','Alexander Jayadi, dr. ',1,NULL,'2018-04-30 04:16:37'),(2670,'197812042009121002 ','Alfan Mahdi Nugroho, dr. Sp.An. ',1,NULL,'2018-04-30 04:16:37'),(2671,'131103004 ','Alfani Prima Kusumasari, Ns. S.Kep., M.Kep. ',1,NULL,'2018-04-30 04:16:37'),(2672,'195409231980121001 ','Alfian Farid Hafil, dr. Sp.THT-KL(K) ',1,NULL,'2018-04-30 04:16:37'),(2673,'195105101983101001 ','Ali Baziad, Prof. Dr. Med. SpOG(K) ',1,NULL,'2018-04-30 04:16:37'),(2674,'196609291999031001 ','Ali Sungkar, Dr. dr. SpOG(K) ',1,NULL,'2018-04-30 04:16:37'),(2675,'011503024 ','Alida Roswita Harahap, dr. SpPK(K), PhD ',1,NULL,'2018-04-30 04:16:37'),(2676,'011003048 ','Alinda Rubiaty, Dr. SpA ',1,NULL,'2018-04-30 04:16:37'),(2677,'196707011993032002 ','Allenidekania, Dr. S.Kp., M.Sc ',1,NULL,'2018-04-30 04:16:37'),(2678,'196203141990101001 ','Al-Rasyid, Sp.S(K) ',1,NULL,'2018-04-30 04:16:37'),(2679,'198207312014042001 ','Alvina Widhani, dr. Sp.P.D. ',1,NULL,'2018-04-30 04:16:37'),(2680,'195007051976031002 ','Amal Chalik Sjaaf, S.KM., Dr.PH ',1,NULL,'2018-04-30 04:16:37'),(2681,'195711231987011001 ','Aman B Pulungan, dr. Sp.A(K) ',1,NULL,'2018-04-30 04:16:37'),(2682,'011603005 ','Amanda Pitarini Utari, dr. Sp.P.D. ',1,NULL,'2018-04-30 04:16:37'),(2683,'197612132009122003 ','Amanda Tiksnadi, dr. Sp.S. ',1,NULL,'2018-04-30 04:16:37'),(2684,'011003049 ','Amar Widhiani Adisasmito, dr. SpA(K) ',1,NULL,'2018-04-30 04:16:37'),(2685,'196410031990032002 ','Amarila Malik, Prof. Dr. Apt., M.Si ',1,NULL,'2018-04-30 04:16:37'),(2686,'195410251978032002 ','Ambar Wahyuningsih SKM., MOH. ',1,NULL,'2018-04-30 04:16:37'),(2687,'101003007 ','Amila Megraini S.E., MBA. ',1,NULL,'2018-04-30 04:16:37'),(2688,'010603194 ','Amiliana Mardiani Soesanto, dr. SpJP(K) ',1,NULL,'2018-04-30 04:16:37'),(2689,'195307021979021002 ','Amin Subandrio W. Kusumo, Prof. dr. Ph.D., SpMK ',1,NULL,'2018-04-30 04:16:37'),(2690,'197612242009121002 ','Amir Shidik, dr. SpM ',1,NULL,'2018-04-30 04:16:37'),(2691,'011003050 ','Amril Amirman Burhany, Dr. SpA(K), MM ',1,NULL,'2018-04-30 04:16:37'),(2692,'021403005 ','Amrita Widyagarini, drg. Sp.K.G.A ',1,NULL,'2018-04-30 04:16:37'),(2693,'197704102008122002 ','Anandina Irmagita, drg. SpPM ',1,NULL,'2018-04-30 04:16:37'),(2694,'011503007 ','Anas Alatas, dr. Sp.An ',1,NULL,'2018-04-30 04:16:37'),(2695,'140081814 ','Andang H. Joesoef, dr. SpJP(K) ',1,NULL,'2018-04-30 04:16:37'),(2696,'011003015 ','Andhika Rachman, Dr. dr. SpPD ',1,NULL,'2018-04-30 04:16:37'),(2697,'197109282000032001 ','Andi Ade Wijaya, Dr. SpAn ',1,NULL,'2018-04-30 04:16:37'),(2698,'195907201984101001 ','Andi Arus Viktor, Dr. SpM ',1,NULL,'2018-04-30 04:16:37'),(2699,'196903151999071001 ','Andi Darma Putra, dr. SpOG ',1,NULL,'2018-04-30 04:16:37'),(2700,'011003133 ','Andi Darwis, Dr. SpRad(K) ',1,NULL,'2018-04-30 04:16:37'),(2701,'0106050121 ','Andi Yasmon, Dr. S.Pi., M.Biomed. ',1,NULL,'2018-04-30 04:16:37'),(2702,'011603001 ','Andika Chandra Putra, dr. Ph.D., Sp.P ',1,NULL,'2018-04-30 04:16:37'),(2703,'196011271985121001 ','Andon Hestiantoro, dr. SpOG(K) ',1,NULL,'2018-04-30 04:16:37'),(2704,'196811051999031001 ','Andri Maruli Tua Lubis, Dr. dr. SpOT ',1,NULL,'2018-04-30 04:16:37'),(2705,'010603184 ','Andri Sanityoso Sulaiman, dr. SpPD ',1,NULL,'2018-04-30 04:16:37'),(2706,'0106050070 ','Andri Sanityoso Sulaiman, dr. SpPD ',1,NULL,'2018-04-30 04:16:37'),(2707,'195308071978041001 ','Andrijono, Prof.Dr. dr. SpOG(K) ',1,NULL,'2018-04-30 04:16:37'),(2708,'194802141980112001 ','Angela Bibiana Maria Tulaar Y De Kort, Prof. Dr. dr. Sp.RM. ',1,NULL,'2018-04-30 04:16:37'),(2709,'100240310201504891 ','Anggi Gayatri, dr. Sp.F.K. ',1,NULL,'2018-04-30 04:16:37'),(2710,'196402051989032001 ','Anggraini Margono, Dr. drg. Sp.KG(K). ',1,NULL,'2018-04-30 04:16:37'),(2711,'131103008 ','Anggri Noorana Zahra, Ns. S.Kep., M.Sc. ',1,NULL,'2018-04-30 04:16:37'),(2712,'010903141 ','Anggun Rama Yudantha, dr. Sp.M ',1,NULL,'2018-04-30 04:16:37'),(2713,'011203003 ','Angky Budianti, dr. Sp.M.K. ',1,NULL,'2018-04-30 04:16:37'),(2714,'101203011 ','Anhari Achadi, Prof. dr. S.K.M., Sc.D. ',1,NULL,'2018-04-30 04:16:37'),(2715,'196101121988112002 ','Ani Retno Prijanti, Dr. dr. M.Biomed. ',1,NULL,'2018-04-30 04:16:37'),(2716,'196509171991102001 ','Anis Karuniawati, dr. SpMK., Ph.D ',1,NULL,'2018-04-30 04:16:37'),(2717,'195602171982102001 ','Anita Ratnawati, dr. Sp.RM. ',1,NULL,'2018-04-30 04:16:37'),(2718,'197807052006042001 ','Anna Mira Lubis, dr. SpPD ',1,NULL,'2018-04-30 04:16:37'),(2719,'011003142 ','Anna Puspitasari Bani, dr. Sp.M. ',1,NULL,'2018-04-30 04:16:37'),(2720,'197211032008122001 ','Anna Rozaliyani, Dr. dr. M.Biomed., Sp.P. ',1,NULL,'2018-04-30 04:16:37'),(2721,'031003020 ','Anna Setiadi, Dr. Ranti Apt ',1,NULL,'2018-04-30 04:16:37'),(2722,'140095244 ','Anna Ulfa Rahajoe, dr. SpJP(K) ',1,NULL,'2018-04-30 04:16:37'),(2723,'197306091998021001 ','Anton Bahtiar, Dr. S.Si., M.Si. ',1,NULL,'2018-04-30 04:16:37'),(2724,'195406021983031002 ','Anton Rahardjo, drg. MKM. PhD ',1,NULL,'2018-04-30 04:16:37'),(2725,'140099054 ','Antonius H. Pudjiadi, dr. Sp.A(K) ',1,NULL,'2018-04-30 04:16:37'),(2726,'020903018 ','Antonius Irwan, drg. K. Sp.Perio. ',1,NULL,'2018-04-30 04:16:37'),(2727,'195509091981031002 ','Anwar Hassan, drs. MPH ',1,NULL,'2018-04-30 04:16:37'),(2728,'195207201984031001 ','Anwar Santoso, Dr.dr. Sp.JP. ',1,NULL,'2018-04-30 04:16:37'),(2729,'131103003 ','Arcellia Farosyah Putri, Ns. S.Kep., M.Sc. ',1,NULL,'2018-04-30 04:16:37'),(2730,'197710272009122002 ','Ardi Findyartini, dr. Ph.D. ',1,NULL,'2018-04-30 04:16:37'),(2731,'011103028 ','Ardiana Kusumaningrum, dr. Sp.M.K. ',1,NULL,'2018-04-30 04:16:37'),(2732,'196304221991032001 ','Arfiyanti, Dra. M.Kes ',1,NULL,'2018-04-30 04:16:37'),(2733,'196912122009121002 ','Ari Djatikusumo, dr. SpM ',1,NULL,'2018-04-30 04:16:37'),(2734,'196404041994032001 ','Ari Estuningtyas, Dr. Dra. Apt., M.Biomed.',1,NULL,'2018-04-30 04:16:37'),(2735,'196606191997011001 ','Ari Fahrial Syam, dr. SpPD-KGEH., MMB ',1,NULL,'2018-04-30 04:16:37'),(2736,'198104172008121003 ','Aria Kekalih, dr. M.T.I ',1,NULL,'2018-04-30 04:16:37'),(2737,'196908171999031010 ','Aria Wibawa, dr. SpOG ',1,NULL,'2018-04-30 04:16:37'),(2738,'011403033 ','Aria Yudhistira, dr. Sp.F. ',1,NULL,'2018-04-30 04:16:37'),(2739,'195604261983031002 ','Ariadna Adisattya Djais, drg. M.Biomed., Ph.D. ',1,NULL,'2018-04-30 04:16:37'),(2740,'196204061988021001 ','Arie Cahyono, dr. Sp.THT-KL ',1,NULL,'2018-04-30 04:16:37'),(2741,'0108050375 ','Arie Sulistyowati, dr. M.Sc. ',1,NULL,'2018-04-30 04:16:38'),(2742,'010603004 ','Aries Perdana, dr. SpAn(K) ',1,NULL,'2018-04-30 04:16:38'),(2743,'010603331 ','Arieska Ann Soenarta, Dr. Sp.JP.(K). ',1,NULL,'2018-04-30 04:16:38'),(2744,'131103010 ','Ariesta Milanti, Ns. S.Kep., M.Sc. ',1,NULL,'2018-04-30 04:16:38'),(2745,'011103043 ','Arietta Rathmanaswari Djuned Pusponegoro, dr. Sp.OG. ',1,NULL,'2018-04-30 04:16:38'),(2746,'100111610262509891','Arif Arrahman M.Farm., Apt. ',1,NULL,'2018-04-30 04:16:38'),(2747,'195603081981121001 ','Arif HM Marsaban, Dr. SpAn(K) ',1,NULL,'2018-04-30 04:16:38'),(2748,'010903137 ','Arif Mansjoer, dr. Sp.P.D. ',1,NULL,'2018-04-30 04:16:38'),(2749,'171503004 ','Arikadia Noviani M.Farm., Apt. ',1,NULL,'2018-04-30 04:16:38'),(2750,'196801011995122001 ','Ariyani Kiranasari, Dra. M.Biomed. ',1,NULL,'2018-04-30 04:16:38'),(2751,'196506271994122001 ','Arleni, Dr. M.S. ',1,NULL,'2018-04-30 04:16:38'),(2752,'195306141983031002 ','Armasastra Bahar, Prof. drg. Ph.D ',1,NULL,'2018-04-30 04:16:38'),(2753,'140068102 ','Arnold B. H. Simandjuntak, dr. ',1,NULL,'2018-04-30 04:16:38'),(2754,'196005311989031002 ','Arry Rodjani, dr. SpU ',1,NULL,'2018-04-30 04:16:38'),(2755,'196501071991031002 ','Arry Yanuar, Dr. M.Si. ',1,NULL,'2018-04-30 04:16:38'),(2756,'140236958 ','Arsanto Triwidodo, dr. SpOT ',1,NULL,'2018-04-30 04:16:38'),(2757,'197305272010121001 ','Artha Prabawa S.KM., M.Si. ',1,NULL,'2018-04-30 04:16:38'),(2758,'195106291976081001 ','Aru Wisaksono Sudoyo, Prof. Dr. dr. SpPD ',1,NULL,'2018-04-30 04:16:38'),(2759,'196704051996071001 ','Arya Govinda Rooshoeroe, dr. SpPD, FINASIM ',1,NULL,'2018-04-30 04:16:38'),(2760,'197011292000031001 ','Aryadi Kurniawan, dr. SpB ',1,NULL,'2018-04-30 04:16:38'),(2761,'197502022008121001 ','Aryo Tedjo S.Si., M.Si ',1,NULL,'2018-04-30 04:16:38'),(2762,'196004291985121001 ','Aryono Hendarto, Dr. dr. SpA(K). ',1,NULL,'2018-04-30 04:16:38'),(2763,'101103003 ','Ascobat Gani, Prof. dr. MPH., Dr.PH ',1,NULL,'2018-04-30 04:16:38'),(2764,'196905211993032001 ','Asih Setiarini, Ir. M.Sc. ',1,NULL,'2018-04-30 04:16:38'),(2765,'196511211991032001 ','Asmarinah, Dr. rer. nat. Dra. M.Si. ',1,NULL,'2018-04-30 04:16:38'),(2766,'195707231988112001 ','Asri C. Adisasmita, dr. MPH., M.Phil., Ph.D ',1,NULL,'2018-04-30 04:16:38'),(2767,'010602136 ','Asrul Harsal, Dr. Sp.P.D. ',1,NULL,'2018-04-30 04:16:38'),(2768,'197803212010122002 ','Astri Budikayanti, dr. Sp.S ',1,NULL,'2018-04-30 04:16:38'),(2769,'011403016 ','Astrianda Nadya Suryono, dr. Sp.M. ',1,NULL,'2018-04-30 04:16:38'),(2770,'195209091980032001 ','Astrid Widayati Hardjono, Dr. dr. MPH., SpOk ',1,NULL,'2018-04-30 04:16:38'),(2771,'010903132 ','Astuti Giantini, dr. Sp.PK ',1,NULL,'2018-04-30 04:16:38'),(2772,'197006091994032002 ','Astuti Yuni Nursasi, Dr. S.Kp., M.N ',1,NULL,'2018-04-30 04:16:38'),(2773,'197607032010122001 ','Atik Nurwahyuni S.KM., M.KM. ',1,NULL,'2018-04-30 04:16:38'),(2774,'198709062015042004','Atika Wahyu Puspitasari S.Farm., Apt., M.Farm. ',1,NULL,'2018-04-30 04:16:38'),(2775,'197106161997032001 ','Atikah Chalida Barasila, dr. M.Biomed ',1,NULL,'2018-04-30 04:16:38'),(2776,'011003053 ','Attila Dewanti Poerbojo, dr. SpA ',1,NULL,'2018-04-30 04:16:38'),(2777,'011403005 ','Aulia Rizka, dr. Sp.P.D. ',1,NULL,'2018-04-30 04:16:38'),(2778,'010602238 ','Aulia Sani, Dr. SpJP(K) ',1,NULL,'2018-04-30 04:16:38'),(2779,'196611181996032004 ','Aviyanti Djurzan, dr. SpRad ',1,NULL,'2018-04-30 04:16:38'),(2780,'195112241982031001 ','Azen Salim, dr. SpOG ',1,NULL,'2018-04-30 04:16:38'),(2781,'171703007','Azizahwati, Dra. M.S., Apt. ',1,NULL,'2018-04-30 04:16:38'),(2782,'195205241979021001 ','B. M. Bachtiar, Prof. drg. M.S., Ph.D ',1,NULL,'2018-04-30 04:16:38'),(2783,'010603081 ','B. R. M Sarsono, dr. SpB ',1,NULL,'2018-04-30 04:16:38'),(2784,'140150493 ','Badriul Hegar Syarif, dr. SpA(K) ',1,NULL,'2018-04-30 04:16:38'),(2785,'1000400009 ','Baiduri, drg. M.K.K.K., Ph.D.',1,NULL,'2018-04-30 04:16:38'),(2786,'031103001 ','Baitha Palanggatan Maggadani M.Farm., Apt. ',1,NULL,'2018-04-30 04:16:38'),(2787,'195608021982031014 ','Bambang Budi Siswanto, Prof. Dr. dr. SpJP(K) ',1,NULL,'2018-04-30 04:16:38'),(2788,'010602304 ','Bambang Gunawan, dr. SpOG ',1,NULL,'2018-04-30 04:16:38'),(2789,'196404071989021002 ','Bambang Gunawan, dr. SpOT ',1,NULL,'2018-04-30 04:16:38'),(2790,'194805081974031001 ','Bambang Hermani, Prof. dr. SpTHT-KL(K) ',1,NULL,'2018-04-30 04:16:38'),(2791,'195306151980031005 ','Bambang Irawan, Prof. drg. Ph.D. ',1,NULL,'2018-04-30 04:16:38'),(2792,'140096424 ','Bambang Karsono, dr. SpOG ',1,NULL,'2018-04-30 04:16:38'),(2793,'140091795 ','Bambang Nugroho, dr. SpOT ',1,NULL,'2018-04-30 04:16:38'),(2794,'195111261981031003 ','Bambang Nursasongko, drg. SpKG(K) ',1,NULL,'2018-04-30 04:16:38'),(2795,'195712261982031001 ','Bambang Setyohadi, Dr. SpPD-KR ',1,NULL,'2018-04-30 04:16:38'),(2796,'196011221986011001 ','Bambang Supriyatno, Prof. DR. dr. Sp.A(K) ',1,NULL,'2018-04-30 04:16:38'),(2797,'195002121976031001 ','Bambang Sutrisna, Prof. Dr. dr. MHSc(Epidemiology) ',1,NULL,'2018-04-30 04:16:38'),(2798,'195410091981121001 ','Bambang Tridjaja, dr. SpA (K)., M.M (Paed) ',1,NULL,'2018-04-30 04:16:38'),(2799,'196608201992031002 ','Bambang Wispriyono, Drs. Apt., Ph.D. ',1,NULL,'2018-04-30 04:16:38'),(2800,'010602240 ','Barita S. Sitompul, Dr. SpJP(K) ',1,NULL,'2018-04-30 04:16:38'),(2801,'140356491 ','Basuni Radi, dr. SpJP ',1,NULL,'2018-04-30 04:16:38'),(2802,'198403152015041001 ','Benindra Nehemia, drg. M.Si. ',1,NULL,'2018-04-30 04:16:38'),(2803,'010602024 ','Bennardus Philippi, dr. SpB(K)BD ',1,NULL,'2018-04-30 04:16:38'),(2804,'020803001 ','Benny Mulyono Soegiharto, drg. M.Sc., MOrth RCS, Ph.D.,Sp.Ort. ',1,NULL,'2018-04-30 04:16:38'),(2805,'195310191979021001 ','Benny Sjarief Sjah Latief, Prof. Dr. drg. Sp.BM.(K). ',1,NULL,'2018-04-30 04:16:38'),(2806,'010603208 ','Benny Zulkarnaen, dr. SpRad ',1,NULL,'2018-04-30 04:16:38'),(2807,'021503005 ','Benso Sulijaya, drg. Sp.Perio ',1,NULL,'2018-04-30 04:16:38'),(2808,'195107111980031002 ','Benyamin Makes, dr. SpPA(K) ',1,NULL,'2018-04-30 04:16:38'),(2809,'196405071988112001 ','Berna Elya, Prof. Dr. Dra. Apt., M.Si. ',1,NULL,'2018-04-30 04:16:38'),(2810,'031303002 ','Bernard Tirtomoeljono, Prof. Dr. Ir. Widjaja M.M. ',1,NULL,'2018-04-30 04:16:38'),(2811,'0108050368 ','Bernie Endyarni, dr. Sp.A. ',1,NULL,'2018-04-30 04:16:38'),(2812,'197201311997021001 ','Besral, Dr. S.KM., M.Sc. ',1,NULL,'2018-04-30 04:16:38'),(2813,'196802291998022001 ','Beti Ernawati Dewi, Dra. Ph.D. ',1,NULL,'2018-04-30 04:16:38'),(2814,'140165765 ','Bing Wantoro, dr. M.S., SpOk ',1,NULL,'2018-04-30 04:16:38'),(2815,'011503013 ','Biran Affandi, Prof. Dr. dr. SpOG(K) ',1,NULL,'2018-04-30 04:16:38'),(2816,'011403013 ','Birry Karim, dr. Sp.P.D. ',1,NULL,'2018-04-30 04:16:38'),(2817,'195204101984101001 ','Boedi Swidarmoko, dr. Sp.P (K) ',1,NULL,'2018-04-30 04:16:38'),(2818,'195303221979031001 ','Bondan Harmani, Dr. SpM ',1,NULL,'2018-04-30 04:16:38'),(2819,'195810121984101001 ','Boy Subirosa Sabarguna, Dr. dr. MARS. ',1,NULL,'2018-04-30 04:16:38'),(2820,'010603080 ','Boyke Budiman Sumantri, dr. SpU ',1,NULL,'2018-04-30 04:16:39'),(2821,'198001212014041001 ','Bramma Kiswanjaya, drg. Ph.D. ',1,NULL,'2018-04-30 04:16:39'),(2822,'196108201989111001 ','Brastho Bramantyo, dr. Sp.THT-KL ',1,NULL,'2018-04-30 04:16:39'),(2823,'010903119 ','BRM Ario Soeryo Kuncoro, dr. Sp.JP(K). ',1,NULL,'2018-04-30 04:16:39'),(2824,'140370729 ','Budhi Antariksa, Dr. Ph.D., Sp.P. ',1,NULL,'2018-04-30 04:16:39'),(2825,'140088048 ','Budhi Setianto, Prof. Dr. dr. SpJP(K) ',1,NULL,'2018-04-30 04:16:39'),(2826,'195204051974122001 ','Budi Anna Keliat, Prof. Dr. S.Kp., M.AppSc ',1,NULL,'2018-04-30 04:16:39'),(2827,'150903112 ','Budi Hartono, Dr. S.E., MARS.',1,NULL,'2018-04-30 04:16:39'),(2828,'197311092012121002 ','Budi Hartono, Dr. S.Si., M.K.M. ',1,NULL,'2018-04-30 04:16:39'),(2829,'197202071997031001 ','Budi Hidayat, Prof. S.KM., MPPM., Ph.D ',1,NULL,'2018-04-30 04:16:39'),(2830,'195409051981101001 ','Budi Iman Santoso, Dr. dr. Sp.OG(K). ',1,NULL,'2018-04-30 04:16:39'),(2831,'011003056 ','Budi Purnomo, Dr. SpA ',1,NULL,'2018-04-30 04:16:39'),(2832,'010903117 ','Budi Rahmat, dr. SpBTKV ',1,NULL,'2018-04-30 04:16:39'),(2833,'195407231980031003 ','Budi Sampurna, Prof. dr. DFM., S.H., Sp.F(K), SpKP ',1,NULL,'2018-04-30 04:16:39'),(2834,'140222418 ','Budi Santoso, dr. SpOG ',1,NULL,'2018-04-30 04:16:39'),(2835,'194908141975031001 ','Budi Utomo, Prof. dr. MPH., Ph.D ',1,NULL,'2018-04-30 04:16:39'),(2836,'0108050257 ','Budi Wiweko, Dr. dr. Sp.OG(K). ',1,NULL,'2018-04-30 04:16:39'),(2837,'195212061990021001 ','Budiana Tanurahardja, dr. SpPA,(K) ',1,NULL,'2018-04-30 04:16:39'),(2838,'196504091992031002 ','Budiman Bela, Dr. dr. Sp.MK. ',1,NULL,'2018-04-30 04:16:39'),(2839,'195407021982121001 ','Budiman, dr. SpPD ',1,NULL,'2018-04-30 04:16:39'),(2840,'195202151979022001 ','Budiningsih Siregar, dr. MS,SpPA(K) ',1,NULL,'2018-04-30 04:16:39'),(2841,'010903114 ','C. Rinaldi Lesmana, Dr. SpPD-KGEH ',1,NULL,'2018-04-30 04:16:39'),(2842,'196206081992032001 ','Caroline Endah Wuryaningsih, dra. M.Kes ',1,NULL,'2018-04-30 04:16:39'),(2843,'198901092012121001 ','Catur Jatmika S.Farm., M.Si. ',1,NULL,'2018-04-30 04:16:39'),(2844,'140337156 ','Ceva Wijaksono, dr. SpPD ',1,NULL,'2018-04-30 04:16:39'),(2845,'195412111985031002 ','Chaidar Masulili, drg. Sp.Pros. ',1,NULL,'2018-04-30 04:16:39'),(2846,'140206894 ','Chaidir Arif Mochtar, Dr. dr. SpU ',1,NULL,'2018-04-30 04:16:39'),(2847,'195212171982031003 ','Chairil Hamdani, Dr. dr. SpPA(K) ',1,NULL,'2018-04-30 04:16:39'),(2848,'195906211984101001 ','Chandra Satrya, dr. M.App.Sc ',1,NULL,'2018-04-30 04:16:39'),(2849,'195206011979121001 ','Charles E. Damping, dr. SpKJ(K) ',1,NULL,'2018-04-30 04:16:39'),(2850,'194912081976032002 ','Chaula Luthfia D.S. Hardjakusumah, Prof. dr. SpB., Sp.BP. ',1,NULL,'2018-04-30 04:16:39'),(2851,'131103005 ','Chiyar Edison Sunarya, Ns. S.Kep., M.Sc ',1,NULL,'2018-04-30 04:16:39'),(2852,'195605291983012001 ','Christina Lanny Simadibrata, dr. Sp.Ak., M.Kes. ',1,NULL,'2018-04-30 04:16:39'),(2853,'197903282009121002 ','Christopher Kapuangan, dr. Sp.An. ',1,NULL,'2018-04-30 04:16:39'),(2854,'021503004 ','Citra Kusumasari, drg. Sp.KG. ',1,NULL,'2018-04-30 04:16:39'),(2855,'140254909 ','Cleopas Martin R., Dr. dr. SpPD-KP ',1,NULL,'2018-04-30 04:16:39'),(2856,'196709081994032001','Conny Riana Tjampakasari, Dra. M.S.',1,NULL,'2018-04-30 04:16:39'),(2857,'195805161983031002 ','Corputty Johan E.M., Dr. drg. SpBM ',1,NULL,'2018-04-30 04:16:39'),(2858,'195909061986031004 ','Cosphiadi Irawan, dr. SpPD ',1,NULL,'2018-04-30 04:16:39'),(2859,'196006121985121001 ','Czeresna Heriawan Soejono, Dr. dr. Sp.PD., K.Ger., M.Epid. ',1,NULL,'2018-04-30 04:16:39'),(2860,'197301062010121001 ','Dadan Erwandi S.Psi., M.Psi. ',1,NULL,'2018-04-30 04:16:39'),(2861,'195911191985121001 ','Dadang Makmun, dr. SpPD-KGEH ',1,NULL,'2018-04-30 04:16:39'),(2862,'010903111 ','Dafsah Aripa Juzar, dr. Sp.J.P. ',1,NULL,'2018-04-30 04:16:39'),(2863,'195208031978022001 ','Dalima Astrawinata, dr. SpPK(K)., MEpid ',1,NULL,'2018-04-30 04:16:39'),(2864,'010903110 ','Damar Prasmusinto, dr. Med. ',1,NULL,'2018-04-30 04:16:39'),(2865,'140159189 ','Damayanti Rusli Sjarif, Dr. dr. SpA(K) ',1,NULL,'2018-04-30 04:16:39'),(2866,'010603336 ','Daniel P. L. Tobing, dr. SpJP ',1,NULL,'2018-04-30 04:16:39'),(2867,'197303232009121002 ','Dante Saksono Harbuwono, dr. Sp.PD. ',1,NULL,'2018-04-30 04:16:39'),(2868,'010903108 ','Darma Imran, dr. SpS ',1,NULL,'2018-04-30 04:16:39'),(2869,'140191477 ','Darmawan Budi S., dr. SpA(K) ',1,NULL,'2018-04-30 04:16:39'),(2870,'021403007 ','Daru Indrawati, drg. I.S. Sp.KG ',1,NULL,'2018-04-30 04:16:39'),(2871,'021503009 ','David Maxwell, drg. Sp.Pros. ',1,NULL,'2018-04-30 04:16:39'),(2872,'195801241983121001 ','David Tandian, dr. SpBS ',1,NULL,'2018-04-30 04:16:39'),(2873,'030903024 ','Debby Daniel, Dra. M.Epid. ',1,NULL,'2018-04-30 04:16:39'),(2874,'196712271994032001 ','Debie Dahlia, Dr. S.Kp., MHSM ',1,NULL,'2018-04-30 04:16:39'),(2875,'196006191986032001 ','Decky Joesiana Indrani, Dr. drg. MDSc ',1,NULL,'2018-04-30 04:16:39'),(2876,'011003059 ','Deddy Ria Saputra, Dr. SpA ',1,NULL,'2018-04-30 04:16:39'),(2877,'196004301989011001 ','Deddy Tedjasukmana, dr. SpRM ',1,NULL,'2018-04-30 04:16:39'),(2878,'196206121988021001 ','Dedy Pratama, dr. SpB(K)V ',1,NULL,'2018-04-30 04:16:39'),(2879,'020903020 ','Dedy Yudha Rismanto, drg. Sp.Perio ',1,NULL,'2018-04-30 04:16:39'),(2880,'011103027 ','Delly Chipta Lestari, dr. Sp.M.K. ',1,NULL,'2018-04-30 04:16:39'),(2881,'171503006 ','Delly Ramadon M.Farm., Apt. ',1,NULL,'2018-04-30 04:16:39'),(2882,'131303004 ','Denissa Faradita Aryani, Ns. S.Kep. ',1,NULL,'2018-04-30 04:16:39'),(2883,'198412092015042001 ','Desak Gede Budi Krisnamurti S.Farm., Apt., M.Biomed. ',1,NULL,'2018-04-30 04:16:39'),(2884,'197312171998022001 ','Dessie Wanda S.Kp., M.N ',1,NULL,'2018-04-30 04:16:39'),(2885,'197209191999032003 ','Deswaty Furqonita S.Si., M.Biomed ',1,NULL,'2018-04-30 04:16:39'),(2886,'195906171985032003 ','Dewi Fatma Suniarti Sastradipura, drg. M.S., Ph.D. ',1,NULL,'2018-04-30 04:16:39'),(2887,'197804132009122002 ','Dewi Friska, dr. M.K.K',1,NULL,'2018-04-30 04:16:39'),(2888,'197112221996032001 ','Dewi Gayatri, Dr. S.Kp., M.Kes ',1,NULL,'2018-04-30 04:16:39'),(2889,'195206011974112001 ','Dewi Irawati M.A., Ph.D. ',1,NULL,'2018-04-30 04:16:39'),(2890,'195407131980032002 ','Dewi Irawati Soeria Santoso, Dr. dr. M.S. ',1,NULL,'2018-04-30 04:16:39'),(2891,'197905082009122001 ','Dewi Selvina Rosdiana, dr. M.Kes ',1,NULL,'2018-04-30 04:16:39'),(2892,'197506172009122002 ','Dewi Sukmawati, dr. M.Kes, Ph.D. ',1,NULL,'2018-04-30 04:16:39'),(2893,'196211291988112001 ','Dewi Sumaryani Soemarko, dr. M.S., Sp.Ok ',1,NULL,'2018-04-30 04:16:39'),(2894,'196312021988032002 ','Dewi Susanna, Dr. dra. M.Kes ',1,NULL,'2018-04-30 04:16:39'),(2895,'197009051997022002 ','Dewi Wulandari, dr. SpPK ',1,NULL,'2018-04-30 04:16:39'),(2896,'196503131991032001 ','Dhanasari Vidiawati Sanyoto, Dr. dr. M.Sc., CM-FM ',1,NULL,'2018-04-30 04:16:40'),(2897,'011003040 ','Dharma Kumara Widya, dr. Sp.Ak., M.Kes. ',1,NULL,'2018-04-30 04:16:40'),(2898,'140160869 ','Dharmadi Masdulhak, dr. SpOT ',1,NULL,'2018-04-30 04:16:40'),(2899,'195207241977081001 ','Dharmeizar, dr. SpPD ',1,NULL,'2018-04-30 04:16:40'),(2900,'198012202010122002 ','Diah Ayu Maharani, drg. S.K.G., Ph.D. ',1,NULL,'2018-04-30 04:16:40'),(2901,'196904201998032001 ','Diah Mulyawati Utari, Dr. Ir. M.Kes ',1,NULL,'2018-04-30 04:16:40'),(2902,'0107050184 ','Diah Rini Handjari, dr. Sp.PA(K). ',1,NULL,'2018-04-30 04:16:40'),(2903,'197208251997021002 ','Dian Ayubi, Dr. S.KM., M.QIH ',1,NULL,'2018-04-30 04:16:40'),(2904,'198007012012122001 ','Dian Estu Yulia, dr. Sp ',1,NULL,'2018-04-30 04:16:40'),(2905,'010603160 ','Dian Kusumadewi, dr. M.Gizi. ',1,NULL,'2018-04-30 04:16:40'),(2906,'100240310261116791 ','Dian Novita Chandra, dr. M.Gizi. ',1,NULL,'2018-04-30 04:16:40'),(2907,'197611072014041001 ','Dian Zamroni, dr. Sp.J.P. ',1,NULL,'2018-04-30 04:16:40'),(2908,'195405231981032001 ','Diana Aulia, Dr. dr. SpPK ',1,NULL,'2018-04-30 04:16:40'),(2909,'010603281 ','Diana Paramita, Dr. SpPD ',1,NULL,'2018-04-30 04:16:40'),(2910,'100240310291219691 ','Diana Sunardi, dr. M.Gizi., Sp.G.K. ',1,NULL,'2018-04-30 04:16:40'),(2911,'011003016 ','Diani Kartini, dr. SpB.K.Onk ',1,NULL,'2018-04-30 04:16:40'),(2912,'195803071984032001 ','Dianiati Kusumo Sutoyo, dr. SpP(K) ',1,NULL,'2018-04-30 04:16:40'),(2913,'198110152008122002 ','Diantha Soemantri, dr. M.Med.Ed., Ph.D. ',1,NULL,'2018-04-30 04:16:40'),(2914,'196306171988032002 ','Diatri Nari Lastri, dr. Sp.S(K) ',1,NULL,'2018-04-30 04:16:40'),(2915,'010903096 ','Dicky Fakhri, dr. SpB., SpBTKV ',1,NULL,'2018-04-30 04:16:40'),(2916,'010903095 ','Dicky Hanafi, dr. ',1,NULL,'2018-04-30 04:16:40'),(2917,'198012302012121001 ','Dicky Levenus Tahapary, dr. SP.PD. ',1,NULL,'2018-04-30 04:16:40'),(2918,'010903351 ','Dicky Soehardiman, dr. Sp.P. ',1,NULL,'2018-04-30 04:16:40'),(2919,'140376487 ','Didik Librianto, dr. SpOT ',1,NULL,'2018-04-30 04:16:40'),(2920,'197606282008121001 ','Dien Anshari S.Sos., M.Si ',1,NULL,'2018-04-30 04:16:40'),(2921,'131203002 ','Dikha Ayu Kurnia, Ns. Sp.Kep. M.B ',1,NULL,'2018-04-30 04:16:40'),(2922,'011203011 ','Dimas Seto Prasetyo, dr. Sp.M.K. ',1,NULL,'2018-04-30 04:16:40'),(2923,'197608242009122002 ','Dina Muktiarti, dr. Sp.A ',1,NULL,'2018-04-30 04:16:40'),(2924,'010602321 ','Dina Sari Dewi, dr. SpKK ',1,NULL,'2018-04-30 04:16:40'),(2925,'196007291989032001 ','Dina Savitri Utomo, dr. SpRM. ',1,NULL,'2018-04-30 04:16:40'),(2926,'021003003 ','Dini Asrianti, drg. Sp.KG. ',1,NULL,'2018-04-30 04:16:40'),(2927,'195901151985122001 ','Dini Widiarni Widodo, dr. Sp.THT-KL(K) ',1,NULL,'2018-04-30 04:16:40'),(2928,'197506152008122002 ','Dita Aditianingsih, dr. SpAn ',1,NULL,'2018-04-30 04:16:40'),(2929,'010903094 ','Diyah Eka Andayani, dr. Sp.GK., M.Gizi. ',1,NULL,'2018-04-30 04:16:40'),(2930,'196702201995122001 ','Diyah Kristanty Rediyanto, Dra. M.Biomed ',1,NULL,'2018-04-30 04:16:40'),(2931,'196005191988111001 ','Djaja Surya Atmadja, dr. DFM., S.H., SpF., Ph.D ',1,NULL,'2018-04-30 04:16:40'),(2932,'010602265 ','Djajadilaga, Dr. ',1,NULL,'2018-04-30 04:16:40'),(2933,'010903475 ','Djasarito, dr. SpOG ',1,NULL,'2018-04-30 04:16:40'),(2934,'171303002 ','Djohan S.Si. ',1,NULL,'2018-04-30 04:16:40'),(2935,'140076465 ','Djoko Sekti Wibisono, dr. SpOG ',1,NULL,'2018-04-30 04:16:40'),(2936,'194803131975011001 ','Djoko Widodo, Prof. dr. SpPD(K) ',1,NULL,'2018-04-30 04:16:40'),(2937,'010903090 ','Dody Ranuhardy, dr. Sp.P.D. ',1,NULL,'2018-04-30 04:16:40'),(2938,'140345922 ','Doni Firman, dr. SpJP ',1,NULL,'2018-04-30 04:16:40'),(2939,'197011271997021001 ','Doni Hikmat Ramdhan S.KM., MKKK., Ph.D. ',1,NULL,'2018-04-30 04:16:40'),(2940,'196404031989031002 ','Dono Antono, dr. SpPD ',1,NULL,'2018-04-30 04:16:40'),(2941,'195105281980032001 ','Drupadi Harnopidjati, Dr. M.Sc., Ph.D., SpGK ',1,NULL,'2018-04-30 04:16:40'),(2942,'1000400019 ','Dumilah Ayuningtyas, Dr. dra. M.A.R.S. ',1,NULL,'2018-04-30 04:16:40'),(2943,'0100500033 ','Dwi Anita Suryandari, Dr. dra. M.Biomed. ',1,NULL,'2018-04-30 04:16:40'),(2944,'196811241995011001 ','Dwi Ari Pujianto, Drs. MS, PhD ',1,NULL,'2018-04-30 04:16:40'),(2945,'197501102009121002 ','Dwi Ariawan, drg. M.A.R.S. ',1,NULL,'2018-04-30 04:16:40'),(2946,'131203001 ','Dwi Cahya Rahmadiyah, Ns. S.Kep., M.Kep ',1,NULL,'2018-04-30 04:16:40'),(2947,'197607182014042001 ','Dwi Gayatri, drg. M.P.H. ',1,NULL,'2018-04-30 04:16:40'),(2948,'198011012010122002 ','Dwi Nurviyandari Kusuma Wati S.Kep., M.N. ',1,NULL,'2018-04-30 04:16:40'),(2949,'140146741 ','Dwi Putro Widodo, dr. Sp.A(K)., Mneuro Sci ',1,NULL,'2018-04-30 04:16:40'),(2950,'196110041987032002 ','Dwiana Ocviyanti, Dr. dr. SpOG ',1,NULL,'2018-04-30 04:16:40'),(2951,'196101231989102001 ','Dwirini Retno Gunarti, drg. M.S. ',1,NULL,'2018-04-30 04:16:40'),(2952,'101503001 ','Dyah Utari, Ns. S.Kep., M.K.K.K. ',1,NULL,'2018-04-30 04:16:40'),(2953,'195307271984031002 ','E. Mudjaddid, Dr. SpPD-KPsi ',1,NULL,'2018-04-30 04:16:40'),(2954,'195603161981101001 ','Eddy Harijanto, dr. SpAn-KIC ',1,NULL,'2018-04-30 04:16:40'),(2955,'0108050306 ','Eddy Kartadjukardi, dr. Sp.KK. ',1,NULL,'2018-04-30 04:16:40'),(2956,'011003061 ','Eddy Suratman, Dr. SpP(K) ',1,NULL,'2018-04-30 04:16:40'),(2957,'010903083 ','Eddy Toenbee, dr. SpOG ',1,NULL,'2018-04-30 04:16:40'),(2958,'011003062 ','Eddy Widodo, Dr. dr. SpA(K), FCCP ',1,NULL,'2018-04-30 04:16:40'),(2959,'1000400020 ','Ede Surya Darmawan, Dr. S.K.M., M.D.M. ',1,NULL,'2018-04-30 04:16:40'),(2960,'195910161989031002 ','Edrial N.Eddin, Ir. MBA ',1,NULL,'2018-04-30 04:16:40'),(2961,'196810201999031001 ','Edy Rizal Wahyudi, dr. SpPD ',1,NULL,'2018-04-30 04:16:40'),(2962,'194811171976032005 ','Effionora A, Prof. Dr. M.S ',1,NULL,'2018-04-30 04:16:40'),(2963,'196805111993032002 ','Efy Afifah S.Kp., M.Kes ',1,NULL,'2018-04-30 04:16:40'),(2964,'197709172010122004 ','Eka Dian Safitri, dr. Sp., THT. ',1,NULL,'2018-04-30 04:16:40'),(2965,'010903080 ','Eka Ginanjar, dr. SpPD ',1,NULL,'2018-04-30 04:16:40'),(2966,'0108050369 ','Eka Laksmi Hidayati, dr. Sp.A. ',1,NULL,'2018-04-30 04:16:40'),(2967,'195911191984101001 ','Eka Rusdianto, dr. SpOG(K) ',1,NULL,'2018-04-30 04:16:40'),(2968,'011503027 ','Eka Susanto, dr. Sp.P.A. ',1,NULL,'2018-04-30 04:16:41'),(2969,'197911222008122001 ','Eky Indyanty W.L, dr. ',1,NULL,'2018-04-30 04:16:41'),(2970,'196105041987032003 ','Eldafira, Dra. M.Si ',1,NULL,'2018-04-30 04:16:41'),(2971,'196904021994032002 ','Elfi Syahreni S.Kp ',1,NULL,'2018-04-30 04:16:41'),(2972,'195001251981102001 ','Elida Ilyas, dr. SpRM ',1,NULL,'2018-04-30 04:16:41'),(2973,'195905051987092001 ','Elisna Syahruddin, dr. Ph.D., Sp.P(K) ',1,NULL,'2018-04-30 04:16:41'),(2974,'010903072 ','Eliza Miranda, dr. Sp.KK ',1,NULL,'2018-04-30 04:16:41'),(2975,'101503013 ','Elizabeth Indah Prihanti S.P. S.Kp., M.A.R.S. ',1,NULL,'2018-04-30 04:16:41'),(2976,'196004281990032001 ','Ella Nurlaella Hadi, Dr. drg. M.Kes ',1,NULL,'2018-04-30 04:16:41'),(2977,'194808171971092001 ','Elly Nurachmah, Prof. Dra. M.App.Sc., DNSc ',1,NULL,'2018-04-30 04:16:41'),(2978,'195709171983032002 ','Ellyza Herda, Dr. drg. M.Si. ',1,NULL,'2018-04-30 04:16:41'),(2979,'010603183 ','Elvie Zulka K. Rachmawati, dr. SpTHT-KL ',1,NULL,'2018-04-30 04:16:41'),(2980,'196101041987091001 ','Elvioza, Dr. SpM ',1,NULL,'2018-04-30 04:16:41'),(2981,'195402121980032001 ','Elza Ibrahim, Prof. Dr. drg. M.Biomed. ',1,NULL,'2018-04-30 04:16:41'),(2982,'140321909 ','Em Yunir, dr. SpPD-KEMD ',1,NULL,'2018-04-30 04:16:41'),(2983,'197210032010122001 ','Ema Hermawati S.Si., M.KM. ',1,NULL,'2018-04-30 04:16:41'),(2984,'198704252012122003 ','Eme Stepani Sitepu S.Farm., M.Sc., Apt. ',1,NULL,'2018-04-30 04:16:41'),(2985,'011003066 ','Emma Nurhema, dr. SpA ',1,NULL,'2018-04-30 04:16:41'),(2986,'140078962 ','Emmy Sudarmi, dr. SpKK(K) ',1,NULL,'2018-04-30 04:16:41'),(2987,'197002251995122001 ','Endah Zuraidah S.Si., M.Epid ',1,NULL,'2018-04-30 04:16:41'),(2988,'031003023 ','Endang Hanani, Prof. Dr. MS., Apt. ',1,NULL,'2018-04-30 04:16:41'),(2989,'195111171980032001 ','Endang Laksminingsih, Prof. dr. MPH., Dr.PH ',1,NULL,'2018-04-30 04:16:41'),(2990,'132176927 ','Endang Setianingrum, Dra. ',1,NULL,'2018-04-30 04:16:41'),(2991,'011203001 ','Endang Sri M. Basuki, Prof. Dr. dr. MPH ',1,NULL,'2018-04-30 04:16:41'),(2992,'195212281978032001 ','Endang Sri Roostini Hardianto, dr. M.S., SpPA (K) ',1,NULL,'2018-04-30 04:16:41'),(2993,'195205251978022002 ','Endang Suprastiwi, Prof. Dr. drg. SpKG(K) ',1,NULL,'2018-04-30 04:16:41'),(2994,'194901071975031001 ','Endang Susalit, Prof. Dr. dr. SpPD ',1,NULL,'2018-04-30 04:16:41'),(2995,'030603076 ','Endang Suyarti, Dra. MBA. ',1,NULL,'2018-04-30 04:16:41'),(2996,'011003067 ','Endang Triningsih, Dr. SpA(K) ',1,NULL,'2018-04-30 04:16:41'),(2997,'195309251979042001 ','Endang Windiastuti, Dr. dr. SpA(K)., M.M (PAED) ',1,NULL,'2018-04-30 04:16:41'),(2998,'196010041986032002 ','Endang Winiati, drg. M.Biomed., Ph.D ',1,NULL,'2018-04-30 04:16:41'),(2999,'195102191980032004 ','Endarti, Dra. Apt., M.Si ',1,NULL,'2018-04-30 04:16:41'),(3000,'197811122009121003 ','Endi Novianto, dr. Sp.KK. ',1,NULL,'2018-04-30 04:16:41'),(3001,'196711201992032010 ','Enie Novieastari, Dr. S.Kp., MSN ',1,NULL,'2018-04-30 04:16:41'),(3002,'195909011986032010 ','Ening Krisnuhoni, dr. M.S., SpPA ',1,NULL,'2018-04-30 04:16:41'),(3003,'101503004 ','Eny Juliati M.K.M. ',1,NULL,'2018-04-30 04:16:41'),(3004,'195111061977032001 ','Erdina HDP, dr. Sp.KK ',1,NULL,'2018-04-30 04:16:41'),(3005,'198105292009122003 ','Erfi Prafiantini, dr. M.Kes ',1,NULL,'2018-04-30 04:16:41'),(3006,'198112302014041001 ','Erik Idrus, drg. Ph.D. ',1,NULL,'2018-04-30 04:16:41'),(3007,'011603002 ','Erlang Samoedro, dr. Sp.P ',1,NULL,'2018-04-30 04:16:41'),(3008,'010903064 ','Erlina Burhan, Dr. dr. MSc, Sp.P ',1,NULL,'2018-04-30 04:16:41'),(3009,'100903011 ','Erlina Puspitaloka Maha Dewi S.E., M.M. ',1,NULL,'2018-04-30 04:16:41'),(3010,'195212081981032003 ','Ermita Isfandiary Ibrahim, Dr. dr. M.S. ',1,NULL,'2018-04-30 04:16:41'),(3011,'140088509 ','Erna Tresnaningsih, dr. MOH., Ph.D, SpOk ',1,NULL,'2018-04-30 04:16:41'),(3012,'030903065 ','Ernawati Sinaga, Prof. Dr. MS., Apt. ',1,NULL,'2018-04-30 04:16:41'),(3013,'195305161980032001 ','Erni Hernawati Purwaningsih, Prof. Dr. dr. M.S. ',1,NULL,'2018-04-30 04:16:41'),(3014,'197709052009122001 ','Erni Juwita, dr. Sp.PD. ',1,NULL,'2018-04-30 04:16:41'),(3015,'171403010 ','Erny Sagita M.Farm., Apt. ',1,NULL,'2018-04-30 04:16:41'),(3016,'010903522 ','Erwin Danil Yulian, dr. SpB(K)Onk ',1,NULL,'2018-04-30 04:16:41'),(3017,'195509061985031002 ','Erwin Siregar, drg. Sp.Orth(K). ',1,NULL,'2018-04-30 04:16:41'),(3018,'197710222010122003 ','Esthika Dewiasty, dr. Sp. Pd. ',1,NULL,'2018-04-30 04:16:41'),(3019,'011003017 ','Estivana Felaza, dr. M.Pd.Ked. ',1,NULL,'2018-04-30 04:16:41'),(3020,'196901281993032001 ','Etty Rekawati, Dr. S.Kp., MKM. ',1,NULL,'2018-04-30 04:16:41'),(3021,'198105062015042002 ','Euis Maras Purwati S.Si., Apt., M.Sc. ',1,NULL,'2018-04-30 04:16:41'),(3022,'196404291990022001 ','Eva Dewati, dr. SpS(K) ',1,NULL,'2018-04-30 04:16:41'),(3023,'197805052009122003 ','Eva Fauziah, Dr. drg. SpKGA ',1,NULL,'2018-04-30 04:16:41'),(3024,'011003070 ','Eva Jeumpa Soelaeman, Dr. SpA(K) ',1,NULL,'2018-04-30 04:16:41'),(3025,'140336643 ','Eva Roria Silalahi, dr. SpOG ',1,NULL,'2018-04-30 04:16:41'),(3026,'011303010 ','Evi Ermayani S.Hut., M.Gizi. ',1,NULL,'2018-04-30 04:16:41'),(3027,'196303311989012001 ','Evi Martha, Dr. dra. M.Kes. ',1,NULL,'2018-04-30 04:16:41'),(3028,'101403006 ','Eviati Adawiyah S.Kom, M.Si ',1,NULL,'2018-04-30 04:16:41'),(3029,'195308211979122001 ','Evita Halim, dr. Sp.KK(K) ',1,NULL,'2018-04-30 04:16:41'),(3030,'195812241983102001 ','Evita Karijani Bermanshah, dr. Sp.A(K) ',1,NULL,'2018-04-30 04:16:41'),(3031,'010603186 ','Evy Yunihastuti, dr. Sp.PD. ',1,NULL,'2018-04-30 04:16:41'),(3032,'195202261987011001 ','Fachrial Harahap, dr. SpP ',1,NULL,'2018-04-30 04:16:41'),(3033,'141103007 ','Fadilah S.Si., M.Si. ',1,NULL,'2018-04-30 04:16:41'),(3034,'197804192008122001 ','Fadlina Chany Saputri, Dr. S.Si., M.Si., Apt ',1,NULL,'2018-04-30 04:16:41'),(3035,'030903189 ','Faiq Bahfen, Dr. S.H ',1,NULL,'2018-04-30 04:16:41'),(3036,'195107081986031001 ','Faisal Yunus, Prof. dr. Ph.D., Sp.P(K) ',1,NULL,'2018-04-30 04:16:41'),(3037,'101303003 ','Fajar Ariyanti S.K.M., M.K.M., Ph.D ',1,NULL,'2018-04-30 04:16:41'),(3038,'197612212000032001 ','Fajar Tri Waluyanti S.Kp., M Kep ',1,NULL,'2018-04-30 04:16:41'),(3039,'011003072 ','Falentina Panjaitan, dr. SpA ',1,NULL,'2018-04-30 04:16:41'),(3040,'195104041978022001 ','Farida Usman, dr. SpPK ',1,NULL,'2018-04-30 04:16:41'),(3041,'140071315 ','Farida Zubier, dr. SpKK(K) ',1,NULL,'2018-04-30 04:16:41'),(3042,'195312171981032001 ','Farisza Gita Mahidin, drg. Sp.Pros(K) ',1,NULL,'2018-04-30 04:16:41'),(3043,'196401101989032005 ','Fathema Djan, dr. SpB., SpBTKV ',1,NULL,'2018-04-30 04:16:41'),(3044,'010903519 ','Fathiyah Isbaniah, dr. Sp.P. ',1,NULL,'2018-04-30 04:16:41'),(3045,'197209272009122001 ','Fatima Safira Alatas, dr. Sp.A., Ph.D. ',1,NULL,'2018-04-30 04:16:41'),(3046,'198204242012122004 ','Fatimah Maria Tadjoedin, drg. Sp.Perio.',1,NULL,'2018-04-30 04:16:42'),(3047,'196809091995122001 ','Fatma Lestari, Prof. dra. M.Si., Ph.D ',1,NULL,'2018-04-30 04:16:42'),(3048,'196911231995122001 ','Fatmah, Dr. SKM., M.S. ',1,NULL,'2018-04-30 04:16:42'),(3049,'195612221988112001','Fatmawaty, Dra. M.Si',1,NULL,'2018-04-30 04:16:42'),(3050,'171503007 ','Fauzi Kasim, Drs. M.Kes., Apt. ',1,NULL,'2018-04-30 04:16:42'),(3051,'011003074 ','Fauzi Mahfuzh, Dr. SpA ',1,NULL,'2018-04-30 04:16:42'),(3052,'195112171974032001 ','Fauzia, Dra. Apt., M.S ',1,NULL,'2018-04-30 04:16:42'),(3053,'010903008 ','Fauziah Fardizza, dr. ',1,NULL,'2018-04-30 04:16:42'),(3054,'100240310290209791 ','Febriana Catur Iswanti, dr. M.Biomed. ',1,NULL,'2018-04-30 04:16:42'),(3055,'196402191989032001 ','Febriana Setiawati, Dr. drg. M.Kes. ',1,NULL,'2018-04-30 04:16:42'),(3056,'010903463 ','Febriansyah Darus, dr. SpOG ',1,NULL,'2018-04-30 04:16:42'),(3057,'020903019 ','Felix Hartono, drg. K Sp.Perio ',1,NULL,'2018-04-30 04:16:42'),(3058,'010903053 ','Fenny Fitriani, dr. ',1,NULL,'2018-04-30 04:16:42'),(3059,'197508092009122003 ','Feranindhya Agiananda, dr. Sp.KJ ',1,NULL,'2018-04-30 04:16:42'),(3060,'197512022009121001 ','Fernandi, dr. Sp.OG ',1,NULL,'2018-04-30 04:16:42'),(3061,'195812071987031002 ','Ferry P Gultom, Dr. drg. M.Biomed ',1,NULL,'2018-04-30 04:16:42'),(3062,'140100292 ','Fiastuti Witjaksono, Dr. dr. M.S., SpGK ',1,NULL,'2018-04-30 04:16:42'),(3063,'011003018 ','Fifinela Raissa, dr. M.Kes. ',1,NULL,'2018-04-30 04:16:42'),(3064,'140205466 ','Fify Henrika Damita Hosfiar Hasnan, dr. SpPK(K) ',1,NULL,'2018-04-30 04:16:42'),(3065,'195105061979031001 ','Fikry Effendi, Dr. dr. MOH, SpOk ',1,NULL,'2018-04-30 04:16:42'),(3066,'010903104 ','Fikry Hamdan Yasin, dr. Sp.THT ',1,NULL,'2018-04-30 04:16:42'),(3067,'100240310221204891 ','Fithriyah M.Biomed. ',1,NULL,'2018-04-30 04:16:42'),(3068,'101003016 ','Fitra Yelda SKM., M.Epid ',1,NULL,'2018-04-30 04:16:42'),(3069,'198010302009122002 ','Fitri Ambar Sari, dr. Sp.F ',1,NULL,'2018-04-30 04:16:42'),(3070,'197510072009122001 ','Fitri Octaviana, dr. Sp.S. ',1,NULL,'2018-04-30 04:16:42'),(3071,'101003025 ','Fitriati S.K.M., M.Kes ',1,NULL,'2018-04-30 04:16:42'),(3072,'196601221991031001 ','Fitriyadi Kusuma, Dr. Sp.O.G.(K). ',1,NULL,'2018-04-30 04:16:42'),(3073,'194912091978031002 ','Franciscus D.Suyatna, Prof. dr. Ph.D., Sp.FK ',1,NULL,'2018-04-30 04:16:42'),(3074,'010903469 ','Frans Barna Busro, dr. SpB., SpBTKV ',1,NULL,'2018-04-30 04:16:42'),(3075,'197802092014042001 ','Fransiska M. Kaligis, dr. Sp.K.J. ',1,NULL,'2018-04-30 04:16:42'),(3076,'195607021983121001 ','Freddy Sitorus, dr. SpS(K) ',1,NULL,'2018-04-30 04:16:42'),(3077,'197908032014042001 ','Frida Soesanti, dr. Sp. A ',1,NULL,'2018-04-30 04:16:42'),(3078,'011003075 ','G. Dharma Mulyo, Dr. SpA ',1,NULL,'2018-04-30 04:16:42'),(3079,'195804081984101001 ','Gatot Purwoto, dr. SpOG ',1,NULL,'2018-04-30 04:16:42'),(3080,'101003024 ','Gemala Rabi\'ah Hatta, Dr. Dra. MRA., M.Kes ',1,NULL,'2018-04-30 04:16:42'),(3081,'196006161986031004 ','Ginova Nainggolan, Dr. SpPD-KGH ',1,NULL,'2018-04-30 04:16:42'),(3082,'011103042 ','Gita Pratama, dr. Sp.OG. ',1,NULL,'2018-04-30 04:16:42'),(3083,'0108050353 ','Gitalisa Andayani, dr. Sp.M. ',1,NULL,'2018-04-30 04:16:42'),(3084,'197806182009122003 ','Githa Rahmayunita, dr. Sp.KK. ',1,NULL,'2018-04-30 04:16:42'),(3085,'100111610262109891','Giur Hargiana, Ns. S.Kep. ',1,NULL,'2018-04-30 04:16:42'),(3086,'011003076 ','Gunawan Sugiarto, dr. SpA ',1,NULL,'2018-04-30 04:16:42'),(3087,'011403041 ','Gurmeet Singh, dr. Sp.P.D ',1,NULL,'2018-04-30 04:16:42'),(3088,'195502251980031002 ','Gus Permana, drg. Ph.D., SpPM ',1,NULL,'2018-04-30 04:16:42'),(3089,'140212089 ','Gusti Gede Suardana, Dr. SpM ',1,NULL,'2018-04-30 04:16:42'),(3090,'140216504 ','H Chamim, dr. SpOG ',1,NULL,'2018-04-30 04:16:42'),(3091,'195310281980121001 ','Engkus Kusdinar Achmad, dr. MPH ',1,NULL,'2018-04-30 04:16:42'),(3092,'010602073 ','H. F. Wulandari, dr. Sp.A. ',1,NULL,'2018-04-30 04:16:42'),(3093,'194803061976031001 ','Hadi Pratomo, Prof. dr. MPH., Dr.PH ',1,NULL,'2018-04-30 04:16:42'),(3094,'010602243 ','Hadi Purnomo, dr. SpJP(K) ',1,NULL,'2018-04-30 04:16:42'),(3095,'140165899 ','Hamzah Shatri, Dr. dr. SpPD ',1,NULL,'2018-04-30 04:16:42'),(3096,'140187694 ','Hananto Andriantoro, dr. Sp.J.P.(K). ',1,NULL,'2018-04-30 04:16:42'),(3097,'195712231983031002 ','Hanif G. Tobing, dr. Sp.B.S. ',1,NULL,'2018-04-30 04:16:42'),(3098,'140253730 ','Hanifah Oswari, Dr. dr. SpA(K) ',1,NULL,'2018-04-30 04:16:42'),(3099,'195611051982032001 ','Hanna Bachtiar, Prof. Dr. drg. SpRKG(K) ',1,NULL,'2018-04-30 04:16:42'),(3100,'197212231997022001 ','Hanny Handiyani S.Kp., M.Kep. ',1,NULL,'2018-04-30 04:16:42'),(3101,'0107050226 ','Hanny Nilasari, dr. Sp.K.K. ',1,NULL,'2018-04-30 04:16:42'),(3102,'197707022010122001 ','Happy Hayati S.Kp. M.Kep. ',1,NULL,'2018-04-30 04:16:42'),(3103,'195111221977061001 ','Hardiono D. Pusponegoro, dr. Sp. A(K) ',1,NULL,'2018-04-30 04:16:42'),(3104,'195512251985031001 ','Hari Sunarto, drg. Sp.Perio(K) ',1,NULL,'2018-04-30 04:16:42'),(3105,'010903041 ','Harim Priyono, dr. Sp.T.H.T. ',1,NULL,'2018-04-30 04:16:42'),(3106,'0107050186 ','Hariyono Winarto, dr. Sp.OG. ',1,NULL,'2018-04-30 04:16:42'),(3107,'140376486 ','Harjo Sakdomo Bajuadji, dr. SpOG ',1,NULL,'2018-04-30 04:16:42'),(3108,'195107211979031003 ','Harmita, Prof. Dr. Apt. ',1,NULL,'2018-04-30 04:16:42'),(3109,'197610092008122001 ','Harrina Erlianti Rahardjo, dr. Sp.U, PhD. ',1,NULL,'2018-04-30 04:16:42'),(3110,'194812241975011002 ','Harry Isbagio, Prof. Dr. dr. SpPD-KR., K.Ger ',1,NULL,'2018-04-30 04:16:42'),(3111,'140113555 ','Harry Syarif, dr. SpOG ',1,NULL,'2018-04-30 04:16:42'),(3112,'195810231984101001 ','Hartono Gunardi, dr. Sp.A(K) ',1,NULL,'2018-04-30 04:16:42'),(3113,'195803231983032002 ','Haru Setyo Anggani, Dr.drg. Sp.Ort(K.) ',1,NULL,'2018-04-30 04:16:42'),(3114,'195103161977032001 ','Harum Sasanti Yudoyono, DR. drg. Sp PM ',1,NULL,'2018-04-30 04:16:42'),(3115,'195210301979021001 ','Harun Asjiq Gunawan, Dr. drg. M.S., PAK ',1,NULL,'2018-04-30 04:16:42'),(3116,'195009301975031001 ','Haryoto Kusnoputranto, Prof. dr. S.KM., Dr.PH ',1,NULL,'2018-04-30 04:16:42'),(3117,'195302081982031001 ','Hasan Mihardja, dr. Sp.Ak., M.Kes. ',1,NULL,'2018-04-30 04:16:42'),(3118,'011603006 ','Hasan, dr. Sp.P.D. ',1,NULL,'2018-04-30 04:16:42'),(3119,'195405211984121001 ','Hasbullah Thabrany, Prof. dr. MPH., Dr.PH ',1,NULL,'2018-04-30 04:16:42'),(3120,'195706131988111001 ','Hayun, Dr. Drs. M.Si. ',1,NULL,'2018-04-30 04:16:42'),(3121,'197103301997022001 ','Hayuni Rahmah S.Kp., MNS ',1,NULL,'2018-04-30 04:16:42'),(3122,'195212281979022001 ','Hediyanti Joenoes, drg. M.Si. ',1,NULL,'2018-04-30 04:16:42'),(3123,'197408312009122001 ','Heidy Agustin, dr. Sp.P. ',1,NULL,'2018-04-30 04:16:42'),(3124,'196510241991022001 ','Helda, Dr. dr. M.Kes. ',1,NULL,'2018-04-30 04:16:43'),(3125,'197504112000031001 ','Hendra S.KM., MKKK ',1,NULL,'2018-04-30 04:16:43'),(3126,'010602327 ','Hendragini, dr. SpKK ',1,NULL,'2018-04-30 04:16:43'),(3127,'196103271990032001 ','Hendri Astuty, Dra. M.S. ',1,NULL,'2018-04-30 04:16:43'),(3128,'021503007 ','Hendry, drg. Sp.Pros. ',1,NULL,'2018-04-30 04:16:43'),(3129,'197701192000022001 ','Hening Pujasari S.Kp., M.Biomed., MANP ',1,NULL,'2018-04-30 04:16:43'),(3130,'195502101980112001 ','Henni Koesmaningati, drg. Sp.Pros (K.Remov) ',1,NULL,'2018-04-30 04:16:43'),(3131,'196710021997022001 ','Henny Permatasari S.Kp., M.Kep., Sp.Kom ',1,NULL,'2018-04-30 04:16:43'),(3132,'011003080 ','Henny Rosita Iskandar, dr. SpA ',1,NULL,'2018-04-30 04:16:43'),(3133,'195111021979022001 ','Herawati Aru Sudojo, dr. Ph.D. ',1,NULL,'2018-04-30 04:16:43'),(3134,'197510102010121001 ','Herbert Situmorang, dr. Sp.OG. ',1,NULL,'2018-04-30 04:16:43'),(3135,'194809171975031002 ','Herdiman T. Pohan, Prof. dr. DTM&H., SpPD(K) ',1,NULL,'2018-04-30 04:16:43'),(3136,'0100400024 ','Heri Wibowo, Dr. Drs. M.S. ',1,NULL,'2018-04-30 04:16:43'),(3137,'195410061981031004 ','Heriandi Sutadi, Prof. drg. SpKGA (K)., Ph.D. ',1,NULL,'2018-04-30 04:16:43'),(3138,'195710211984032002 ','Heriani, dr. Sp.K.J.(K). ',1,NULL,'2018-04-30 04:16:43'),(3139,'195305031980031004 ','Herkutanto, Prof. Dr. dr. Sp.F(K), SH, LLM, FACLM ',1,NULL,'2018-04-30 04:16:43'),(3140,'010903474 ','Herman Fikri, dr. SpOG ',1,NULL,'2018-04-30 04:16:43'),(3141,'196511201991031002 ','Herman Suryadi, Dr. Drs. M.S., Apt ',1,NULL,'2018-04-30 04:16:43'),(3142,'195407051982122001 ','Hernawita, Dr. SpM ',1,NULL,'2018-04-30 04:16:43'),(3143,'197512061999032001 ','Herni Susanti S.Kp., M.N ',1,NULL,'2018-04-30 04:16:43'),(3144,'197009181997031001 ','Herqutanto, dr. MPH., MARS ',1,NULL,'2018-04-30 04:16:43'),(3145,'197511102008121001 ','Herry Novrinda S.K.G., M.Kes. ',1,NULL,'2018-04-30 04:16:43'),(3146,'101503012 ','Heru Suparno, Drs. M.Kes ',1,NULL,'2018-04-30 04:16:43'),(3147,'195703161985031003 ','Heru Suryonegoro, drg. SpRKG(K). ',1,NULL,'2018-04-30 04:16:43'),(3148,'197606242008122002 ','Hervita Diatri, dr. Sp.KJ ',1,NULL,'2018-04-30 04:16:43'),(3149,'196908162000031001 ','Hikari Ambara Sjakti, Dr. SpA ',1,NULL,'2018-04-30 04:16:43'),(3150,'195302231983121001 ','Hilman Ibrahim, dr. SpB(K)BV ',1,NULL,'2018-04-30 04:16:43'),(3151,'010602156 ','Hilman Tadjoedin, dr. Sp.P.D. ',1,NULL,'2018-04-30 04:16:43'),(3152,'195406101981101001 ','Hindra Irawan Satari, dr. Sp.A(K)., MTrop(Paed) ',1,NULL,'2018-04-30 04:16:43'),(3153,'011003031 ','Husniah Rubiana Thamrin, dr. Sp.FK., M.Kes. ',1,NULL,'2018-04-30 04:16:43'),(3154,'194903221976031001 ','I Made Djaja, Prof. Dr. dr. S.KM., M.Sc ',1,NULL,'2018-04-30 04:16:43'),(3155,'196612061992031001 ','I Made Kariasa S.Kp., M.M., M.Kep ',1,NULL,'2018-04-30 04:16:43'),(3156,'195505051988031003 ','I Nyoman Murdana, dr. SpRM ',1,NULL,'2018-04-30 04:16:43'),(3157,'196405231991021001 ','I Putu Gede Kayika, Dr. dr. Sp.OG (K) ',1,NULL,'2018-04-30 04:16:43'),(3158,'196310251991031004 ','I Wayan Murna Y, dr. SpRad ',1,NULL,'2018-04-30 04:16:43'),(3159,'195509171984031002 ','Ibrahim Basir, dr. SpB(K)BD ',1,NULL,'2018-04-30 04:16:43'),(3160,'101403005 ','Ice Sesi Wulandari S.K.M., M.K.M ',1,NULL,'2018-04-30 04:16:43'),(3161,'197607132009122001 ','Ice Yulia Wardani SKp., M.Kep. ',1,NULL,'2018-04-30 04:16:43'),(3162,'011003137 ','Ida Gunawan, dr. M.S., Sp.G.K.(K). ',1,NULL,'2018-04-30 04:16:43'),(3163,'195903231984031003 ','Idham Amir, dr. SpA(K) ',1,NULL,'2018-04-30 04:16:43'),(3164,'196203221987031006 ','Idrus Alwi, Prof. Dr. dr. SpPD-KKV ',1,NULL,'2018-04-30 04:16:43'),(3165,'021503008 ','Iffi Aprillia, drg. Sp.KG. ',1,NULL,'2018-04-30 04:16:43'),(3166,'195604211982121001 ','Ifran Saleh, dr. SpOT ',1,NULL,'2018-04-30 04:16:43'),(3167,'196006101984101001 ','Ign.Wuryantoro, dr. SpB., SpBTKV ',1,NULL,'2018-04-30 04:16:43'),(3168,'197911302010121002 ','Ihsan Oesman, dr. Sp.OT. ',1,NULL,'2018-04-30 04:16:43'),(3169,'010903023 ','Ika Dewi Mayangsari, dr. Sp.THT ',1,NULL,'2018-04-30 04:16:43'),(3170,'196703261995122001 ','Ika Ningsih, Dra. DMM ',1,NULL,'2018-04-30 04:16:43'),(3171,'196801051997031002 ','Ika Prasetya, dr. SpPD ',1,NULL,'2018-04-30 04:16:43'),(3172,'010603203 ','Ika Puspa Sari, dr. M.Biomed. ',1,NULL,'2018-04-30 04:16:43'),(3173,'100211610270905891','Ike Dwi Maharti, drg. Sp.K.G. ',1,NULL,'2018-04-30 04:16:43'),(3174,'101303001 ','Ike Pujiriani M.K.K.K. ',1,NULL,'2018-04-30 04:16:43'),(3175,'195909121987032001 ','Ike Siti Indiarti, drg. Ph.D., SpKGA(K). ',1,NULL,'2018-04-30 04:16:43'),(3176,'010903024 ','Ikhwan Rinaldi, dr. Sp.P.D. ',1,NULL,'2018-04-30 04:16:43'),(3177,'195806221984031003 ','Imam Subekti, Dr. SpPD-KEMD ',1,NULL,'2018-04-30 04:16:43'),(3178,'195003111976061001 ','Imam Susanto, dr. SpB., SpBP ',1,NULL,'2018-04-30 04:16:43'),(3179,'197006191996012001 ','Imami Nur Rachmawati, Dr. S.Kp., M.Sc.',1,NULL,'2018-04-30 04:16:43'),(3180,'195507301981032001 ','Ina Susianti Timan, Dr. dr. SpPK ',1,NULL,'2018-04-30 04:16:43'),(3181,'011003081 ','Ina Zarlina, dr. SpA ',1,NULL,'2018-04-30 04:16:43'),(3182,'101003012 ','Indah Rosana Dj, Alpisahar, drg. M.Kes ',1,NULL,'2018-04-30 04:16:43'),(3183,'0106050129 ','Indah Suci Widyahening, dr. M.S., M.Sc.,CM-FM ',1,NULL,'2018-04-30 04:16:43'),(3184,'196108131989112001 ','Indang Trihandini, Dr. drg. M.Kes ',1,NULL,'2018-04-30 04:16:43'),(3185,'195407291983031002 ','Indra Gusti Mansur, Dr. dr. DHES., SpAnd ',1,NULL,'2018-04-30 04:16:43'),(3186,'195601101983122001 ','Indrati Suroyo, dr. SpRad(K) ',1,NULL,'2018-04-30 04:16:43'),(3187,'197708122014092003','Indri Hapsari Susilowati, Dr. S.K.M., M.K.K.K.',1,NULL,'2018-04-30 04:16:43'),(3188,'196310131989122001 ','Indriani, dr. Sp.RM. ',1,NULL,'2018-04-30 04:16:43'),(3189,'197604272008122001 ','Indriasti Indah Wardhany, drg. SpPM ',1,NULL,'2018-04-30 04:16:43'),(3190,'195709281983122001 ','Indriati MS Tobing, dr. Sp.RM. ',1,NULL,'2018-04-30 04:16:43'),(3191,'140223613 ','Indriwanto Sakidjan, dr. SpJP ',1,NULL,'2018-04-30 04:16:43'),(3192,'140053503 ','Indro Mulyono, dr. SpAn(K) ',1,NULL,'2018-04-30 04:16:43'),(3193,'195504011981032003 ','Inge Sutanto, Prof. Dr. dr. M.Phill., SpParK ',1,NULL,'2018-04-30 04:16:44'),(3194,'0108050305 ','Instiaty, dr. Sp.FK., Ph.D. ',1,NULL,'2018-04-30 04:16:44'),(3195,'101503007 ','Ira Gustina S.Stat., M.K.M. ',1,NULL,'2018-04-30 04:16:44'),(3196,'196907262000072002 ','Ira Mistivani, dr. SpRM ',1,NULL,'2018-04-30 04:16:44'),(3197,'196904041998022001 ','Ira Tanti, Sp.Pros(K). ',1,NULL,'2018-04-30 04:16:44'),(3198,'195902281985021001 ','Irawan Mangunatmadja, dr. SpA(K) ',1,NULL,'2018-04-30 04:16:44'),(3199,'197506252009122001 ','Irene Yuniar, dr. Sp.A ',1,NULL,'2018-04-30 04:16:44'),(3200,'140354294 ','Irfan Wahyudi, Dr. dr. SpU ',1,NULL,'2018-04-30 04:16:44'),(3201,'195806291983122001 ','Iris Rengganis, dr. SpPD-KAI ',1,NULL,'2018-04-30 04:16:44'),(3202,'0107050225 ','Irma Bernadette Tiorita Simbolon, dr. Sp.K.K. ',1,NULL,'2018-04-30 04:16:44'),(3203,'195711081984032002 ','Irmia Kusumadewi, dr. SpKJ(K) ',1,NULL,'2018-04-30 04:16:44'),(3204,'196310281989021001 ','Irsan Hasan, Dr. SpPD-KGEH ',1,NULL,'2018-04-30 04:16:44'),(3205,'195608231982111001 ','Irwan Ramli, dr. SpRad(K) Onk.Rad ',1,NULL,'2018-04-30 04:16:44'),(3206,'010603543 ','Isabella Kurnia Liem, dr. M.Biomed., Ph.D. ',1,NULL,'2018-04-30 04:16:44'),(3207,'010903013 ','Iskandar R. Budianto, dr. Sp.B., Sp.BA. ',1,NULL,'2018-04-30 04:16:44'),(3208,'010903454 ','Iskandar Wakhidiyat, Prof. Dr. dr. SpA ',1,NULL,'2018-04-30 04:16:44'),(3209,'196502241991031002 ','Iskandarsyah, Dr. M.S., Apt. ',1,NULL,'2018-04-30 04:16:44'),(3210,'0106050068 ','Ismail, Dr. dr. Sp.OT. ',1,NULL,'2018-04-30 04:16:44'),(3211,'010903521 ','Ismail, dr. SpBTKV ',1,NULL,'2018-04-30 04:16:44'),(3212,'010903012 ','Isman Firdaus, dr. Sp.J.P. ',1,NULL,'2018-04-30 04:16:44'),(3213,'140120810 ','Ismoyo Sunu, Dr. dr. SpJP(K) ',1,NULL,'2018-04-30 04:16:44'),(3214,'196410211991031001 ','Iwan Ariawan dr.  MSPH ',1,NULL,'2018-04-30 04:16:44'),(3215,'140328906 ','Iwan Dakota, Dr. dr. SpJP(K) ',1,NULL,'2018-04-30 04:16:44'),(3216,'195204181977021001 ','Iwan Tofani, Prof. drg. SpBM., Ph.D. ',1,NULL,'2018-04-30 04:16:44'),(3217,'196905111996012001 ','Iwany Amalliah, drg. M.Epid. ',1,NULL,'2018-04-30 04:16:44'),(3218,'140258435 ','J. M. Seno Adjie, Dr. ',1,NULL,'2018-04-30 04:16:44'),(3219,'196208071990031002 ','Jacub Pandelaki, dr. SpRad ',1,NULL,'2018-04-30 04:16:44'),(3220,'197703292009121002 ','Jamal, dr. Sp.P., Ph.D. ',1,NULL,'2018-04-30 04:16:44'),(3221,'195107151979031004 ','Jaslis Ilyas, Dr. drg. MPH.',1,NULL,'2018-04-30 04:16:44'),(3222,'195407251980032003 ','Jeanne Adiwinata, Prof. dr. M.S., Ph.D. ',1,NULL,'2018-04-30 04:16:44'),(3223,'197508052009121005 ','Jeferson, dr. SpAn ',1,NULL,'2018-04-30 04:16:44'),(3224,'195801111983122001 ','Jenny Bashiruddin, Prof. Dr. dr. Sp.THT-KL(K) ',1,NULL,'2018-04-30 04:16:44'),(3225,'140090468 ','Jetty R.H. Sedyawan, dr. SpJP(K) ',1,NULL,'2018-04-30 04:16:44'),(3226,'140109469 ','Johana Titus, Dr. dr. M.S., SpGK ',1,NULL,'2018-04-30 04:16:44'),(3227,'140080173 ','Jose R.L Batubara, Prof. dr. SpA(K)., Ph.D ',1,NULL,'2018-04-30 04:16:44'),(3228,'171503001 ','Joshita Djajadisastra, Dr. M.S., Apt. ',1,NULL,'2018-04-30 04:16:44'),(3229,'140171763 ','Judi J. Endjun, dr. SpOG ',1,NULL,'2018-04-30 04:16:44'),(3230,'011003144 ','Juferdy Kurniawan, dr. Sp.P.D. ',1,NULL,'2018-04-30 04:16:44'),(3231,'031303011 ','Juheini, Dra. M.Si ',1,NULL,'2018-04-30 04:16:44'),(3232,'195107311976032001 ','Julianti Soewondo, drg. SpPerio(K) ',1,NULL,'2018-04-30 04:16:44'),(3233,'195407141980031003 ','Julianto Witjaksono A. S., Dr. SpOG ',1,NULL,'2018-04-30 04:16:44'),(3234,'010903176 ','Julie Dewi Barliana, dr. Sp.M., M.Biomed. ',1,NULL,'2018-04-30 04:16:44'),(3235,'196107121987031002 ','Jull Kurniarobbi, dr. SpKO ',1,NULL,'2018-04-30 04:16:44'),(3236,'011003084 ','Jully Nelly Kasie, Dr. SpA ',1,NULL,'2018-04-30 04:16:44'),(3237,'196102241986022002 ','July Kumalawati, dr. DMM., SpPK(K) ',1,NULL,'2018-04-30 04:16:44'),(3238,'195701151980032002 ','Junaiti Sahar, Dra. S.Kp., M.App.Sc., Ph.D ',1,NULL,'2018-04-30 04:16:44'),(3239,'195906131984112002 ','Junita Indarti, Dr. SpOG ',1,NULL,'2018-04-30 04:16:44'),(3240,'140081665 ','Jusuf Rachmat, dr. SpBTKV ',1,NULL,'2018-04-30 04:16:44'),(3241,'011403007 ','Kaka Renaldi, dr. Sp.P.D. ',1,NULL,'2018-04-30 04:16:44'),(3242,'195409071982032002 ','Kamizar, drg. SpKG(K) ',1,NULL,'2018-04-30 04:16:44'),(3243,'196811041998071001 ','Kanadi Sumapradja, Dr. SpOG., M.Sc ',1,NULL,'2018-04-30 04:16:44'),(3244,'199004082015042001 ','Kartika Anggun Dimar Setio S.K.M., M.K.M. ',1,NULL,'2018-04-30 04:16:44'),(3245,'010903178 ','Kartiwa Hadi Nuryanto, dr. Sp.OG ',1,NULL,'2018-04-30 04:16:44'),(3246,'031303010 ','Katrin, Dr. M.S., Apt. ',1,NULL,'2018-04-30 04:16:44'),(3247,'195109011976031004 ','Kemal Nazarudin Siregar, dr. SKM., M.A., Ph.D ',1,NULL,'2018-04-30 04:16:44'),(3248,'011003029 ','Kemas Abdurrohim, dr. Sp.Ak., MARS., M.Kes. ',1,NULL,'2018-04-30 04:16:44'),(3249,'140089021 ','Kemas Firman, dr. Sp.A(K) ',1,NULL,'2018-04-30 04:16:44'),(3250,'010603187 ','Khie Chen, dr. Sp.P.D.(K) ',1,NULL,'2018-04-30 04:16:44'),(3251,'011003086 ','Khumaedi, dr. SpA, Magister ',1,NULL,'2018-04-30 04:16:44'),(3252,'195503091978102001 ','Krisna Yetti, Dr. S.Kp., M.App.Sc. ',1,NULL,'2018-04-30 04:16:44'),(3253,'195504181992022001 ','Krisnawati Bantas, Dr. dr. M.Kes. ',1,NULL,'2018-04-30 04:16:44'),(3254,'196006291987032001 ','Krisnawati, drg. SpOrt(K). ',1,NULL,'2018-04-30 04:16:44'),(3255,'010903184 ','Kristaninta Bangun, dr. Sp.BP ',1,NULL,'2018-04-30 04:16:44'),(3256,'140125273 ','Kumara B. Hera Pratiwi, dr. Sp.RM. ',1,NULL,'2018-04-30 04:16:44'),(3257,'197603112008122001 ','Kuntarti S.Kp., M.Biomed. ',1,NULL,'2018-04-30 04:16:44'),(3258,'1008050331 ','Kurnia Sari S.K.M., M.S.E. ',1,NULL,'2018-04-30 04:16:44'),(3259,'100903003 ','Kusharisupeni Djokosujono, Prof. Dr. dr. M.Sc. ',1,NULL,'2018-04-30 04:16:44'),(3260,'196503271990031001 ','Kusmardi, Dr. Drs. M.S. ',1,NULL,'2018-04-30 04:16:44'),(3261,'140078948 ','Kusmarinah Bramono, Dr. SpKK(K)., Ph.D ',1,NULL,'2018-04-30 04:16:44'),(3262,'195004261980032001 ','L. Meily, Prof. Dr. dr. M.Sc., Sp.Ok. ',1,NULL,'2018-04-30 04:16:44'),(3263,'197311041998032004 ','Laila Fitria, Dr. S.K.M., M.K.M. ',1,NULL,'2018-04-30 04:16:44'),(3264,'195404101980032004 ','Laila Nuranna, Dr. dr. SpOG(K) ',1,NULL,'2018-04-30 04:16:44'),(3265,'011003088 ','Lanny Christine Gultom, Dr. Sp.A ',1,NULL,'2018-04-30 04:16:44'),(3266,'198004082012122001 ','Larisa Paramitha, dr. Sp.K.K. ',1,NULL,'2018-04-30 04:16:44'),(3267,'194711161975032001 ','Laura Susanti, Prof. drg. SpPros (K) ',1,NULL,'2018-04-30 04:16:44'),(3268,'020903011 ','Leonard Christiaan, drg. Sp.Pros ',1,NULL,'2018-04-30 04:16:44'),(3269,'196302151989111001 ','Leonard Nainggolan, Dr. SpPD-KPTI ',1,NULL,'2018-04-30 04:16:45'),(3270,'197306061997022005 ','Lestari Sukmarini S.Kp., M.N ',1,NULL,'2018-04-30 04:16:45'),(3271,'197109171999032001 ','Lia Damayanti, dr. M.Biomed., SpPA ',1,NULL,'2018-04-30 04:16:45'),(3272,'197908152012122001 ','Lia Kartika Wulansari Sri Gunoro Puteri, drg. SpPros. ',1,NULL,'2018-04-30 04:16:45'),(3273,'140216005 ','Lies Dina Liastuti, dr. Sp.JP ',1,NULL,'2018-04-30 04:16:45'),(3274,'0107050227 ','Lili Legiawati, dr. Sp.K.K. ',1,NULL,'2018-04-30 04:16:45'),(3275,'196403061989032001 ','Lilies Dwi Sulistyani, Dr. drg. Sp.BM. ',1,NULL,'2018-04-30 04:16:45'),(3276,'011003089 ','Lilis D. Hendrawati, dr. SpA ',1,NULL,'2018-04-30 04:16:45'),(3277,'011403036 ','Lis Surachmiati Suseno, dr. Sp.K.K ',1,NULL,'2018-04-30 04:16:45'),(3278,'197609172010122002 ','Lisa Rinanda Amir, Dr. drg. ',1,NULL,'2018-04-30 04:16:45'),(3279,'195809241990122001 ','Lisawati Susanto, dr. M.Kes ',1,NULL,'2018-04-30 04:16:45'),(3280,'196705101992032003 ','Lisnawati, dr. SpPA(K) ',1,NULL,'2018-04-30 04:16:45'),(3281,'197608222012122001 ','Listya Tresnanti Mirtha, dr. Sp.K.O. ',1,NULL,'2018-04-30 04:16:45'),(3282,'131403001 ','Liya Arista, Ns. S.Kep., M.Kep. ',1,NULL,'2018-04-30 04:16:45'),(3283,'011003092 ','Lola Purnama Dewi, Dr. SpA ',1,NULL,'2018-04-30 04:16:45'),(3284,'195910171984122001 ','Lucky Aziza Bawazier, Dr. Sp.P.D. ',1,NULL,'2018-04-30 04:16:45'),(3285,'195603251982032001 ','Lucky Hartati Moehario, dr. Ph.D., Sp.MK ',1,NULL,'2018-04-30 04:16:45'),(3286,'140206501 ','Ludwig Andribert Powantia, dr. SpOT ',1,NULL,'2018-04-30 04:16:45'),(3287,'010603189 ','Lugyanti Sukrisman, dr. SpPD ',1,NULL,'2018-04-30 04:16:45'),(3288,'011103016 ','Luh Ade Ari Wiradnyani S.Si., M.Sc. ',1,NULL,'2018-04-30 04:16:45'),(3289,'011503006 ','Luh Ari Indrawati, dr. Sp.S ',1,NULL,'2018-04-30 04:16:45'),(3290,'196101281988122001 ','Luh Karunia Wahyuni, dr. SpRM ',1,NULL,'2018-04-30 04:16:45'),(3291,'197208072005011002 ','Lukman Edwar, dr. Sp.M. ',1,NULL,'2018-04-30 04:16:45'),(3292,'011503020 ','Lukman Halim, dr. M.Gizi., Sp.G.K.(K). ',1,NULL,'2018-04-30 04:16:45'),(3293,'140090932 ','Lukman Shebubakar, dr. SpOT ',1,NULL,'2018-04-30 04:16:45'),(3294,'100803001 ','Luknis Sabri, dr. ',1,NULL,'2018-04-30 04:16:45'),(3295,'010903523 ','Luluk Yunaini S.Si., M.Biomed. ',1,NULL,'2018-04-30 04:16:45'),(3296,'011103034 ','Lusiani, dr. Sp.P.D. ',1,NULL,'2018-04-30 04:16:45'),(3297,'010603044 ','Luthfi Gatam, dr. SpOT ',1,NULL,'2018-04-30 04:16:45'),(3298,'010903333 ','Luthfi Hardiyanto, dr. Ph.D. ',1,NULL,'2018-04-30 04:16:45'),(3299,'198010072005021004 ','M. Arza Putra, dr. Sp.BTKV ',1,NULL,'2018-04-30 04:16:45'),(3300,'010903328 ','M. Kurniawan, dr. ',1,NULL,'2018-04-30 04:16:45'),(3301,'196710311997021001 ','M. Nasrul, drg. ',1,NULL,'2018-04-30 04:16:45'),(3302,'198109072012121004 ','M. Radhian Arief, dr. Sp. B.S. ',1,NULL,'2018-04-30 04:16:45'),(3303,'140127293 ','M. Sidik, Dr. SpM. ',1,NULL,'2018-04-30 04:16:45'),(3304,'140087979 ','M. Syarif Darmasetiawan, dr. SpOG ',1,NULL,'2018-04-30 04:16:45'),(3305,'140245409 ','M. Yamin, dr. ',1,NULL,'2018-04-30 04:16:45'),(3306,'196806072009122002 ','Made Susiyanti, dr. SpM ',1,NULL,'2018-04-30 04:16:45'),(3307,'196009041988111001 ','Mahdi Jufri, Dr. M.Si ',1,NULL,'2018-04-30 04:16:45'),(3308,'010903323 ','Maizul Anwar, dr. SpB., SpBTKV ',1,NULL,'2018-04-30 04:16:45'),(3309,'195012121982111001 ','Maksum Radji, Prof. Dr. M.Biomed., Apt. ',1,NULL,'2018-04-30 04:16:45'),(3310,'193209241989021002 ','Manfaluthy Hakim, dr. Sp.S(K) ',1,NULL,'2018-04-30 04:16:45'),(3311,'140078952 ','Manoefris Kasim, dr. SpJP(K) ',1,NULL,'2018-04-30 04:16:45'),(3312,'197403172008121002 ','Marcel Prasetyo, dr. Sp.Rad ',1,NULL,'2018-04-30 04:16:45'),(3313,'195709041982111001 ','Marcellus Simadibrata, Prof. dr. Ph.D., Sp.PD(K). ',1,NULL,'2018-04-30 04:16:45'),(3314,'196206101988112001 ','Mardiastuti H Wahid, Dr. dr. M.Sc., SpMK ',1,NULL,'2018-04-30 04:16:45'),(3315,'195603101982112001 ','Mardiati Nadjib, Dr. drg. M.S. ',1,NULL,'2018-04-30 04:16:45'),(3316,'195309201980032002 ','Margaretha Suharsini Soetopo, Prof. Dr. drg. SU., SpKGA(K) ',1,NULL,'2018-04-30 04:16:45'),(3317,'010903320 ','Maria Francisca Ham, dr. ',1,NULL,'2018-04-30 04:16:45'),(3318,'196309211989032003 ','Maria Francisca Lindawati Soetanto, Prof. Dr. drg. Sp.Pros(K) ',1,NULL,'2018-04-30 04:16:45'),(3319,'010903319 ','Maria Mayasari, dr. Sp.B. ',1,NULL,'2018-04-30 04:16:45'),(3320,'196310311988032001 ','Maria Purbiati,  Dr. drg. Sp.Ort(K). ',1,NULL,'2018-04-30 04:16:45'),(3321,'011503022 ','Marini Stephanie, dr. Sp.P.A. ',1,NULL,'2018-04-30 04:16:45'),(3322,'011503014 ','Mario Marbungaran Hutapea, dr. Sp.M ',1,NULL,'2018-04-30 04:16:45'),(3323,'171403009 ','Marista Gilang Mauldina M.Farm ',1,NULL,'2018-04-30 04:16:45'),(3324,'010602221 ','Marlinda Adham, dr. Sp.T.H.T.K.L(K), Ph.D. ',1,NULL,'2018-04-30 04:16:45'),(3325,'011003095 ','Martani Widjajanti, dr. SpA ',1,NULL,'2018-04-30 04:16:45'),(3326,'195905301987012001 ','Martina W Nasrun, Dr. dr. SpKJ(K) ',1,NULL,'2018-04-30 04:16:45'),(3327,'1000400008','Martya Rahmaniati, S.Si., M.Si',1,NULL,'2018-04-30 04:16:45'),(3328,'140255136 ','Maruhum Bonar Hasiholan Marbun, dr. Sp.P.D. KGH. ',1,NULL,'2018-04-30 04:16:45'),(3329,'011403042 ','Marya Warascesaria Haryono, dr. Sp.G.K. ',1,NULL,'2018-04-30 04:16:45'),(3330,'197302021998031002 ','Masfuri S.Kp., M.N ',1,NULL,'2018-04-30 04:16:45'),(3331,'100240310232200891 ','Masyitoh, drg. M.A.R.S. ',1,NULL,'2018-04-30 04:16:45'),(3332,'195110091981031003 ','Maulana Silalahi, Drs. M.Eng.Sc ',1,NULL,'2018-04-30 04:16:45'),(3333,'171403004 ','Mayagustina Andarini, Dra. M.Sc. ',1,NULL,'2018-04-30 04:16:45'),(3334,'011503001 ','Meidianie Camellia Sutrisna, dr. Sp.S ',1,NULL,'2018-04-30 04:16:45'),(3335,'011503019 ','Meilani Kumala, Dr. dr. M.Gizi., Sp.G.K.(K). ',1,NULL,'2018-04-30 04:16:45'),(3336,'198005312014042001 ','Meilania Saraswati, dr. Sp.P.A. ',1,NULL,'2018-04-30 04:16:45'),(3337,'010602334 ','Meita Dewayani, dr. SpKK ',1,NULL,'2018-04-30 04:16:45'),(3338,'195305151985032001 ','Meiwita Paulina Budiharsana, dr. MPA., Ph.D. ',1,NULL,'2018-04-30 04:16:45'),(3339,'011303003 ','Melani Marissa, dr. Sp.K.K. ',1,NULL,'2018-04-30 04:16:45'),(3340,'101503003 ','Meliana Sari S.K.M., M.K.M. ',1,NULL,'2018-04-30 04:16:45'),(3341,'100240310270402891 ','Melisa Leviana, dr. M.Kes. ',1,NULL,'2018-04-30 04:16:45'),(3342,'198405202015042001 ','Melissa Adiatman, drg. Ph.D. ',1,NULL,'2018-04-30 04:16:45'),(3343,'0108050352 ','Melva Louisa, Dr. S.Si., M.Biomed. ',1,NULL,'2018-04-30 04:16:45'),(3344,'195509301982091001 ','Menaldi Rasmin, Prof. dr. H. Sp.P(K), FCCP ',1,NULL,'2018-04-30 04:16:45'),(3345,'196510211991032001 ','Menik Priaminiarti, Dr. drg. Sp.RKG ',1,NULL,'2018-04-30 04:16:46'),(3346,'195303251986022001 ','Meny Hartati, Dra. M.S. ',1,NULL,'2018-04-30 04:16:46'),(3347,'011503028 ','Merci Monica Br Pasaribu, dr. Sp.PK ',1,NULL,'2018-04-30 04:16:46'),(3348,'195202101979022001 ','Mia Damiyanti, Dr. drg. M.Pd. ',1,NULL,'2018-04-30 04:16:46'),(3349,'196901251998022001 ','Mieke Savitri, dr. M.Kes ',1,NULL,'2018-04-30 04:16:46'),(3350,'195408031980112001 ','Miesje Karmiati Purwanegara, Dr. drg. S.U., Sp.Ort(K). ',1,NULL,'2018-04-30 04:16:46'),(3351,'100240310210507791 ','Mila Maidarti, dr. Sp.O.G. ',1,NULL,'2018-04-30 04:16:46'),(3352,'197511232008122002 ','Mila Tejamaya S.Si., MOHS., Ph.D. ',1,NULL,'2018-04-30 04:16:46'),(3353,'197205311999032003 ','Milla Herdayati S.KM., M.Si ',1,NULL,'2018-04-30 04:16:46'),(3354,'195102251978032001 ','Minarma Siagian, Dr. dr. M.S., AIF ',1,NULL,'2018-04-30 04:16:46'),(3355,'195506251983032001 ','Mindya Yuniastuti, drg. M.S. ',1,NULL,'2018-04-30 04:16:46'),(3356,'197505182009122003 ','Mirta Hediyati Reksodiputro, Dr.dr. Sp.THT ',1,NULL,'2018-04-30 04:16:46'),(3357,'197410101998021001 ','Mochamad Fahlevi Rizal, Dr. drg. Sp.KGA (K) ',1,NULL,'2018-04-30 04:16:46'),(3358,'140076093 ','Moh. Arifin Nawas, dr. SpP(K)., MARS ',1,NULL,'2018-04-30 04:16:46'),(3359,'011403011 ','Mohamad Fahmi, dr. Sp.P. ',1,NULL,'2018-04-30 04:16:46'),(3360,'194811061975031001 ','Mohamad Sadikin, Prof. dr. D.Sc. ',1,NULL,'2018-04-30 04:16:46'),(3361,'0107050228 ','Mohamad Saekhu, dr. Sp.BS. ',1,NULL,'2018-04-30 04:16:46'),(3362,'011403039 ','Mohammad Ardhian Syaifuddin, dr. Sp.F. ',1,NULL,'2018-04-30 04:16:46'),(3363,'196209191990031001 ','Mondastri Korib Sudaryo, dr. MS, D.Sc ',1,NULL,'2018-04-30 04:16:46'),(3364,'195812181983121002 ','Muchtaruddin Mansyur, Dr. dr. M.S., Sp.OK., Ph.D. ',1,NULL,'2018-04-30 04:16:46'),(3365,'011003019 ','Muhadi, dr. Sp.P.D. ',1,NULL,'2018-04-30 04:16:46'),(3366,'198403302014041001 ','Muhamad Adam, Ns. M.Kep., Sp.Kep.M.B. ',1,NULL,'2018-04-30 04:16:46'),(3367,'010903471 ','Muhammad Arman, dr. Sp.B.TKV. ',1,NULL,'2018-04-30 04:16:46'),(3368,'031103006 ','Muhammad Hanafi, Dr. M.Sc ',1,NULL,'2018-04-30 04:16:46'),(3369,'198212272012121003 ','Muhammad Iqbal Sofyan, dr. Sp.M. ',1,NULL,'2018-04-30 04:16:46'),(3370,'010602252 ','Muhammad Munawar, Dr. SpJP(K) ',1,NULL,'2018-04-30 04:16:46'),(3371,'010602253 ','Muhammad Yusak, dr. SpJP(K) ',1,NULL,'2018-04-30 04:16:46'),(3372,'140120581 ','Mukhtar Ikhsan, dr. Sp.P(K), MARS ',1,NULL,'2018-04-30 04:16:46'),(3373,'196911092009122001 ','Mulya Rahma Karyanti, dr. Sp.A(K) ',1,NULL,'2018-04-30 04:16:46'),(3374,'140246525 ','Mulyadi, DR. Dr. M. Djer. SpA(K) ',1,NULL,'2018-04-30 04:16:46'),(3375,'195910251989032001 ','Mulyati, Dra. M.S ',1,NULL,'2018-04-30 04:16:46'),(3376,'195407051982032002 ','Munyati Usman, drg. SpKG(K) ',1,NULL,'2018-04-30 04:16:46'),(3377,'196206121989011002 ','Murdani Abdullah, Dr. dr. SpPD-KGEH ',1,NULL,'2018-04-30 04:16:46'),(3378,'0106050154 ','Murti Andriastuti, Dr. dr. Sp.A(K). ',1,NULL,'2018-04-30 04:16:46'),(3379,'196202121987012001 ','Muslita Indrasari, drg. M.Kes., Sp.Pros(K) ',1,NULL,'2018-04-30 04:16:46'),(3380,'197011141997022001 ','Mustikasari, Dr. S.Kp., MARS. ',1,NULL,'2018-04-30 04:16:46'),(3381,'196311061991021001 ','Muzal Kadim, dr. Sp.A(K) ',1,NULL,'2018-04-30 04:16:46'),(3382,'197204281997022001 ','Nada Ismah, drg. Sp.Ort. ',1,NULL,'2018-04-30 04:16:46'),(3383,'196012271990031001 ','Nadar Sukri, Drs. M.S. ',1,NULL,'2018-04-30 04:16:46'),(3384,'021503006 ','Nadhia Anindhita Harsas, drg. Sp.Perio. ',1,NULL,'2018-04-30 04:16:46'),(3385,'010903310 ','Nadia Ayu Mulansari, dr. SpPD ',1,NULL,'2018-04-30 04:16:46'),(3386,'198310152010122003 ','Nadia Farhanah Syafhan S.Farm., M.Si. ',1,NULL,'2018-04-30 04:16:46'),(3387,'198306012014042001 ','Nadia Nastassia Primananda Putri Shah Ifran, dr. Sp.O.T. ',1,NULL,'2018-04-30 04:16:46'),(3388,'196110301988111001 ','Nafrialdi, dr. Ph.D., SpPD ',1,NULL,'2018-04-30 04:16:46'),(3389,'195504261980031002 ','Najib Advani, dr. SpA(K)., M.Med(Paed) ',1,NULL,'2018-04-30 04:16:46'),(3390,'100211610281808891','Nanda Asyura Rizkyani M.Farm., Apt. ',1,NULL,'2018-04-30 04:16:46'),(3391,'140222109 ','Nani Cahyani Sudarsono, Dr. SpKO ',1,NULL,'2018-04-30 04:16:46'),(3392,'140074646 ','Nani Hersunarti, dr. Sp.JP(K) ',1,NULL,'2018-04-30 04:16:46'),(3393,'196805251993032001 ','Nani Nurhaeni, Dr. S.Kp., M.N ',1,NULL,'2018-04-30 04:16:46'),(3394,'194812291975061001 ','Nasrin Kodim, Prof. Dr. dr. M.PH ',1,NULL,'2018-04-30 04:16:46'),(3395,'010603082 ','Nasrul Liza, dr. SpB(K)BD ',1,NULL,'2018-04-30 04:16:46'),(3396,'197011121999072001 ','Nastiti Kaswandani, dr. Sp.A ',1,NULL,'2018-04-30 04:16:46'),(3397,'197312092008122002 ','Natalia Widiasih Raharjanti, dr. Sp.KJ ',1,NULL,'2018-04-30 04:16:46'),(3398,'031203004 ','Nelly Dhevita Leswara, Dra. M.Sc., Apt., Ph.D. ',1,NULL,'2018-04-30 04:16:46'),(3399,'197209032001122001 ','Neng Tine Kartinah, Dr. dr. M.Kes. ',1,NULL,'2018-04-30 04:16:46'),(3400,'196902272009122001 ','Neni Anggraini, dr. SpM ',1,NULL,'2018-04-30 04:16:46'),(3401,'011403046 ','Ni Made Hustrini, dr. Sp.P.D. ',1,NULL,'2018-04-30 04:16:46'),(3402,'011503005 ','Ni Nengah Rida Ariarini, dr. Sp.S ',1,NULL,'2018-04-30 04:16:46'),(3403,'196301121989032001 ','Nia Ayu Ismaniati Suria, drg. MDSc., SpOrt(K). ',1,NULL,'2018-04-30 04:16:46'),(3404,'196508081991032002 ','Nia Kurniati, dr. Sp.A(K) ',1,NULL,'2018-04-30 04:16:46'),(3405,'0108050281 ','Niken Lestari, dr. Sp.THT-KL ',1,NULL,'2018-04-30 04:16:46'),(3406,'197710312010122002 ','Nikmah Salamia Idris, dr. Sp.A. ',1,NULL,'2018-04-30 04:16:46'),(3407,'194904111976032001 ','Nila Djuwita F. Muluk, Prof. Dr. dr. SpM(K) ',1,NULL,'2018-04-30 04:16:46'),(3408,'197907082010122002 ','Nina Ariani, drg. Sp.Pros. ',1,NULL,'2018-04-30 04:16:46'),(3409,'198302282015042003 ','Nina Dwi Putri S.Ked., Sp.A. ',1,NULL,'2018-04-30 04:16:46'),(3410,'196005161985122001 ','Nina Irawati, dr. Sp.THT-KL ',1,NULL,'2018-04-30 04:16:46'),(3411,'140323289 ','Nina Kemalasari, Dr. SpPD ',1,NULL,'2018-04-30 04:16:46'),(3412,'195212121979022001 ','Niniarty Z. Djamal, drg. M.Kes ',1,NULL,'2018-04-30 04:16:46'),(3413,'195807011987032002 ','Ninik Mudjihartini, Dr. dr. M.S. ',1,NULL,'2018-04-30 04:16:46'),(3414,'196403291990032002 ','Ninik Sukartini, dr. Sp.PK ',1,NULL,'2018-04-30 04:16:47'),(3415,'196609051992032002 ','Noenoek Poerwaningsih, Dra.  ',1,NULL,'2018-04-30 04:16:47'),(3416,'195706011983032002 ','Noorhana SW, dr. SpKJ ',1,NULL,'2018-04-30 04:16:47'),(3417,'010602176 ','Noorwati Sutandyo, dr. Sp.PD-KHOM ',1,NULL,'2018-04-30 04:16:47'),(3418,'196202201987092001 ','Nora Sutarina, dr. SpKO ',1,NULL,'2018-04-30 04:16:47'),(3419,'196011211986011002 ','Noroyono Wibowo, Dr. dr. SpOG(K) ',1,NULL,'2018-04-30 04:16:47'),(3420,'011003101 ','Noto Dwimartutie, dr. SpPD ',1,NULL,'2018-04-30 04:16:47'),(3421,'010903462 ','Novi Resistantie, dr. SpOG ',1,NULL,'2018-04-30 04:16:47'),(3422,'197911042008122001 ','Novi Silvia Hardiany, Dr. dr. M.Biomed. ',1,NULL,'2018-04-30 04:16:47'),(3423,'196911181999032001 ','Novie Amelia C, Dr. SpA ',1,NULL,'2018-04-30 04:16:47'),(3424,'196811071993032003 ','Novy Helena Catharina Daulima, Dr. S.Kp., M.Sc. ',1,NULL,'2018-04-30 04:16:47'),(3425,'010602177 ','Nugroho Prayogo, dr. Sp.PD.KHOM ',1,NULL,'2018-04-30 04:16:47'),(3426,'101203004 ','Nuning Maria Kiptiyah, Prof. dr. MPH., Dr.PH ',1,NULL,'2018-04-30 04:16:47'),(3427,'197008191995122001 ','Nur Agustini S.Kp., M.Si. ',1,NULL,'2018-04-30 04:16:47'),(3428,'195109191980101001 ','Nur Haryono, dr. SpJP(K) ',1,NULL,'2018-04-30 04:16:47'),(3429,'198003202014042002 ','Nur Rahadiani, dr. Ph.D. ',1,NULL,'2018-04-30 04:16:47'),(3430,'196411211991031002 ','Nur Rasyid, Dr. dr. Sp.U. ',1,NULL,'2018-04-30 04:16:47'),(3431,'011003103 ','Nuraini Irma Susanti, Dr. Sp.A. ',1,NULL,'2018-04-30 04:16:47'),(3432,'171403005 ','Nuraini Puspitasari M.Si., Apt. ',1,NULL,'2018-04-30 04:16:47'),(3433,'196101051989031003 ','Nurhadi Ibrahim, dr. Ph.D. ',1,NULL,'2018-04-30 04:16:47'),(3434,'195510121982112001 ','Nurhayati Adnan, drg. MPH., M.Sc., ScD ',1,NULL,'2018-04-30 04:16:47'),(3435,'195702041990031001 ','Nurhuda, Dr. M.S. ',1,NULL,'2018-04-30 04:16:47'),(3436,'010603549 ','Nuri Purwito Adi, dr. M.K.K. ',1,NULL,'2018-04-30 04:16:47'),(3437,'140206912 ','Nurman Effendi, dr. SpOT ',1,NULL,'2018-04-30 04:16:47'),(3438,'195303011982012001 ','Nurmiati Amir, Dr. dr. SpKJ(K) ',1,NULL,'2018-04-30 04:16:47'),(3439,'197406152008122002 ','Nurtami, drg. Ph.D. ',1,NULL,'2018-04-30 04:16:47'),(3440,'010603191 ','Nurul Paramita, dr. M.Biomed. ',1,NULL,'2018-04-30 04:16:47'),(3441,'011203010 ','Nurul Ratna Mutu Manikam, dr. M.Gizi., Sp.G.K. ',1,NULL,'2018-04-30 04:16:47'),(3442,'197006122000072002 ','Nury Dyah Indrasari, dr. Sp.PK ',1,NULL,'2018-04-30 04:16:47'),(3443,'195405091983022001 ','Nury Nusdwinuringtyas, Dr. dr. SpRM., M.Epid ',1,NULL,'2018-04-30 04:16:47'),(3444,'195403121980032001 ','Nuryati Chairani Siregar, dr. M.S., Ph.D., SpPA(K) ',1,NULL,'2018-04-30 04:16:47'),(3445,'196007091987112001 ','Nyimas Diana Yulisa, dr. SpRad.(K) ',1,NULL,'2018-04-30 04:16:47'),(3446,'197110112008012010 ','Oktavia Lilyasari, dr. M.Kes, SpJP ',1,NULL,'2018-04-30 04:16:47'),(3447,'0106050159 ','Oktavinda Safitry, dr. Sp.F., M.Pd.Ked. ',1,NULL,'2018-04-30 04:16:47'),(3448,'195806181983121001 ','Omo A. Madjid, Dr. ',1,NULL,'2018-04-30 04:16:47'),(3449,'195604221981101001 ','Pandu Riono, Dr. MPH., Ph.D ',1,NULL,'2018-04-30 04:16:47'),(3450,'010903297 ','Parintosa Atmodiwirjo, dr. Sp.BP ',1,NULL,'2018-04-30 04:16:47'),(3451,'195008201975031003 ','Parlindungan Siregar, Prof. Dr. dr. Sp.PD-KGH ',1,NULL,'2018-04-30 04:16:47'),(3452,'140102537 ','Partini P. Trihono, Dr. dr. SpA(K)., M.Med(Paed) ',1,NULL,'2018-04-30 04:16:47'),(3453,'011503018 ','Patrianef, dr. SpB(K)V ',1,NULL,'2018-04-30 04:16:47'),(3454,'011603004 ','Paulus Daniel Sahanggamu M.Gizi ',1,NULL,'2018-04-30 04:16:47'),(3455,'195310291983032001 ','Peni K. Samsuria, Dr. dr. M.S. ',1,NULL,'2018-04-30 04:16:47'),(3456,'195502271980032001 ','Peni Kusumastuti, dr. Sp.RM. ',1,NULL,'2018-04-30 04:16:47'),(3457,'196006201987031001 ','Peter E. F. Andreas, drg. M.Kes ',1,NULL,'2018-04-30 04:16:47'),(3458,'0108050374 ','Petrin Redayani Lukman, dr. Sp.KJ. ',1,NULL,'2018-04-30 04:16:47'),(3459,'021503002 ','Pinta Marito, drg. Sp.Pros. ',1,NULL,'2018-04-30 04:16:47'),(3460,'140323235 ','Piprim Basarah Yanuarso, dr. Sp.A ',1,NULL,'2018-04-30 04:16:47'),(3461,'011103004 ','Pompini Agustina Sitompul, dr. SpP ',1,NULL,'2018-04-30 04:16:47'),(3462,'0106050073 ','Ponco Birowo, dr. Sp.U., Ph.D. ',1,NULL,'2018-04-30 04:16:47'),(3463,'197709222010122001 ','Poppy Fitriyani S.Kep., M.Kep. ',1,NULL,'2018-04-30 04:16:47'),(3464,'140080169 ','Poppy S. Roebiono, dr. SpJP(K) ',1,NULL,'2018-04-30 04:16:47'),(3465,'100220310261607791 ','Popy Yuniar S.K.M., M.M. ',1,NULL,'2018-04-30 04:16:47'),(3466,'195204191977081001 ','Pradana Soewondo, Prof. Dr. dr. SpPD-KEMD ',1,NULL,'2018-04-30 04:16:47'),(3467,'195306211981021001 ','Pradono, Dr. drg. Sp.BM ',1,NULL,'2018-04-30 04:16:47'),(3468,'140207237 ','Pramita Gayatri Dwipoerwantoro, dr. Sp.A(K) ',1,NULL,'2018-04-30 04:16:47'),(3469,'010603083 ','Pramudji Abdulgani, dr. SpB(K)Onk ',1,NULL,'2018-04-30 04:16:47'),(3470,'198303272009121007 ','Prasandhya Astagiri Yusuf S.Si., MT ',1,NULL,'2018-04-30 04:16:47'),(3471,'196503191995031002 ','Prasenohadi, Dr. SpP., Ph.D ',1,NULL,'2018-04-30 04:16:47'),(3472,'195506241988112001 ','Prastuti Soewondo S.E., MPH., Ph.D ',1,NULL,'2018-04-30 04:16:47'),(3473,'011003104 ','Pratiwi Andayani, dr. SpA ',1,NULL,'2018-04-30 04:16:47'),(3474,'195207311978022001 ','Pratiwi Pudjilestari Sudarmono, Prof. dr. Ph.D., SpMK ',1,NULL,'2018-04-30 04:16:47'),(3475,'010903294 ','Pribadi Wiranda Busro, dr. SpBTKV ',1,NULL,'2018-04-30 04:16:47'),(3476,'195803111984031002 ','Prijo Sidipratomo, dr. SpRad(K) ',1,NULL,'2018-04-30 04:16:47'),(3477,'198708292015042001 ','Prima Agustia Nova S.Kep., Ns., M.Sc. ',1,NULL,'2018-04-30 04:16:47'),(3478,'0106050120 ','Primariadewi Rustamadji, Dr. dr. M.M., SpPA(K) ',1,NULL,'2018-04-30 04:16:47'),(3479,'100140310252404791 ','Pringgodigdo Nugroho, dr. Sp.PD. ',1,NULL,'2018-04-30 04:16:47'),(3480,'140096040 ','Priyanti Zuswayudha Soepandi, dr. Sp.P (K) ',1,NULL,'2018-04-30 04:16:47'),(3481,'197903162012122003 ','Profitasari Kusumaningrum, dr. Sp. KJ. ',1,NULL,'2018-04-30 04:16:47'),(3482,'010603014 ','Pryambodho, dr. Sp.An ',1,NULL,'2018-04-30 04:16:47'),(3483,'196012061984032001 ','Pudji Sari, Dr. Dra. M.S. ',1,NULL,'2018-04-30 04:16:47'),(3484,'196311081986031004 ','Pujiyanto, Dr. S.KM., M.Kes. ',1,NULL,'2018-04-30 04:16:47'),(3485,'198304052008121002 ','Pukovisa Prawiroharjo, dr. ',1,NULL,'2018-04-30 04:16:47'),(3486,'197910152010122004 ','Puput Oktamianti S.KM.MM. ',1,NULL,'2018-04-30 04:16:48'),(3487,'195306111980031001 ','Purnawan Junadi, Prof. dr. MPH., Ph.D. ',1,NULL,'2018-04-30 04:16:48'),(3488,'011503021 ','Purnawati Hustina Rachman M.Gizi ',1,NULL,'2018-04-30 04:16:48'),(3489,'194712251973031001 ','Purnomo Suharso, Prof. Drs. Ph.D ',1,NULL,'2018-04-30 04:16:48'),(3490,'101003005 ','Purwa Kurnia Sucahya S.K.M., M.M. ',1,NULL,'2018-04-30 04:16:48'),(3491,'194903271978032001 ','Purwanty Astuti Ascobat, Prof. Dr. dr. M.Sc., SpFK ',1,NULL,'2018-04-30 04:16:48'),(3492,'197605102008122003 ','Purwita Wijaya Laksmi, dr. SpPD ',1,NULL,'2018-04-30 04:16:48'),(3493,'196504201991032004 ','Puspita Eka Wuyung, Dr. Dra. M.S. ',1,NULL,'2018-04-30 04:16:48'),(3494,'140191434 ','Pustika Amalia Wahidiyat, Dr. SpA(K) ',1,NULL,'2018-04-30 04:16:48'),(3495,'100240310271904891 ','Putri Bungsu S.K.M., M.Epid. ',1,NULL,'2018-04-30 04:16:48'),(3496,'011003105 ','R. Anna Tjandrajani, dr. SpA ',1,NULL,'2018-04-30 04:16:48'),(3497,'195909201989031002 ','R. Budi Haryanto, Dr. SKM., M.Kes., M.Sc. ',1,NULL,'2018-04-30 04:16:48'),(3498,'196002171989032002 ','R. Fera Ibrahim, dr. M.Sc., Ph.D., SpMK. ',1,NULL,'2018-04-30 04:16:48'),(3499,'030603072 ','R. Kurniasih, Dra. M.Pharm., Apt. ',1,NULL,'2018-04-30 04:16:48'),(3500,'171303001 ','R. Muhammad Sumarno, Drs. Apt. ',1,NULL,'2018-04-30 04:16:48'),(3501,'196704151997071002 ','R. Muharam, dr. SpOG(K) ',1,NULL,'2018-04-30 04:16:48'),(3502,'130142999 ','R. Sjamsuhidajat, Prof. Dr. SpB(KBD) ',1,NULL,'2018-04-30 04:16:48'),(3503,'140222412 ','R. Suhartono, dr. SpB(K)BV ',1,NULL,'2018-04-30 04:16:48'),(3504,'197403102008121003 ','R. Sutiawan S.Kom., M.Si ',1,NULL,'2018-04-30 04:16:48'),(3505,'011403008 ','R.M. Suryo Anggoro Kusumo Wibowo, dr. Sp.P.D. ',1,NULL,'2018-04-30 04:16:48'),(3506,'196706031993032002 ','R.T. Ayu Dewi Sartika, Prof. Dr. Dra. Apt., M.Sc. ',1,NULL,'2018-04-30 04:16:48'),(3507,'195503211981032001 ','RA Nilakusuma Djauharie, drg. MPH., SpKG(K) ',1,NULL,'2018-04-30 04:16:48'),(3508,'140323530 ','RA. Setyo Handryastuti, dr. Sp.A ',1,NULL,'2018-04-30 04:16:48'),(3509,'101203008 ','Rachmadhi Purwana, Prof. Dr. dr. S.K.M. ',1,NULL,'2018-04-30 04:16:48'),(3510,'011503009 ','Rachmat Hamonangan, dr. Sp.P.D. ',1,NULL,'2018-04-30 04:16:48'),(3511,'198012212015042001 ','Rachmitha Anne, drg. Sp.B.M. ',1,NULL,'2018-04-30 04:16:48'),(3512,'011203005 ','Raden Besthadi Sukmono, dr. Sp.An. ',1,NULL,'2018-04-30 04:16:48'),(3513,'195205081981012001 ','Raden Irawati Ismail, Prof. Dr. dr. Sp.KJ(K)., M.Epid. ',1,NULL,'2018-04-30 04:16:48'),(3514,'197607102010122003 ','Raden Rara Diah Handayani, dr. Sp.P. ',1,NULL,'2018-04-30 04:16:48'),(3515,'197811212008122002 ','Radiana Dhewayani Antarianto, dr. M.Biomed, Ph.D. ',1,NULL,'2018-04-30 04:16:48'),(3516,'198706232012121002 ','Raditya Iswandana S.Farm., M.Farm., Apt ',1,NULL,'2018-04-30 04:16:48'),(3517,'010903290 ','Radityo Prakoso, dr. ',1,NULL,'2018-04-30 04:16:48'),(3518,'010903289 ','Rahadi Rihatmadja, dr. Sp.K.K. ',1,NULL,'2018-04-30 04:16:48'),(3519,'011303001 ','Rahayuningsih Dharma, Prof. Dr. dr. SpPK(K) ',1,NULL,'2018-04-30 04:16:48'),(3520,'011403009 ','Rahendra, dr. Sp.An. ',1,NULL,'2018-04-30 04:16:48'),(3521,'101003029 ','Rahma Indira Wardani, drg. MARS ',1,NULL,'2018-04-30 04:16:48'),(3522,'196501111995031002 ','Rahmad Mulyadi, dr. SpRad ',1,NULL,'2018-04-30 04:16:48'),(3523,'010603545 ','Rahmadini, dr. M.Biomed. ',1,NULL,'2018-04-30 04:16:48'),(3524,'010903288 ','Rahmanova, dr. ',1,NULL,'2018-04-30 04:16:48'),(3525,'197010232009122001 ','Rahmi Afifi, dr. SpRad ',1,NULL,'2018-04-30 04:16:48'),(3526,'195906051985032003 ','Rahmiati, dr. SpPA(K) ',1,NULL,'2018-04-30 04:16:48'),(3527,'0108050351 ','Rahyussalim, Dr. dr. Sp.OT., K-Spine. ',1,NULL,'2018-04-30 04:16:48'),(3528,'195101261977031001 ','Rainy Umbas, Prof. dr. H. Ph.D ',1,NULL,'2018-04-30 04:16:48'),(3529,'198101112012121001 ','Rakhmad Hidayat, dr. Sp.S. ',1,NULL,'2018-04-30 04:16:48'),(3530,'140097200 ','Rama Tjandra, dr. SpOG ',1,NULL,'2018-04-30 04:16:48'),(3531,'031003026 ','Rani Sauriasari S.Si., Apt., M.Med.Sci., Ph.D. ',1,NULL,'2018-04-30 04:16:48'),(3532,'011503010 ','Rani Wardani Hakim S.Si.,Apt.,,M.Biomed ',1,NULL,'2018-04-30 04:16:48'),(3533,'011403025 ','Rarsari Soerarso, dr. Sp.JP. ',1,NULL,'2018-04-30 04:16:48'),(3534,'195007251980032001 ','Ratna Djuwita, Prof. Dr. dr. MPH. ',1,NULL,'2018-04-30 04:16:48'),(3535,'196303281989022001 ','Ratna Dwi Restuti, Dr. dr. Sp.THT-KL ',1,NULL,'2018-04-30 04:16:48'),(3536,'010603009 ','Ratna Farida Soenarto, Dr. dr. SpAn ',1,NULL,'2018-04-30 04:16:48'),(3537,'195406171980022001 ','Ratna Farida, drg. M.Phil ',1,NULL,'2018-04-30 04:16:48'),(3538,'195805161983032001 ','Ratna Meidyawati, Dr. drg. E.H. SpKG(K). ',1,NULL,'2018-04-30 04:16:48'),(3539,'196801081993012002 ','Ratna Sari Dewi, Dr. drg. Sp.Pros. ',1,NULL,'2018-04-30 04:16:48'),(3540,'196102061987032005 ','Ratna Sitompul, Dr. dr. Sp.M(K) ',1,NULL,'2018-04-30 04:16:48'),(3541,'194905031971092001 ','Ratna Sitorus, Prof. Dr. S.Kp., M.App.Sc ',1,NULL,'2018-04-30 04:16:48'),(3542,'196011111989012001 ','Ratnawati, dr. Sp.P(K)., Ph.D. ',1,NULL,'2018-04-30 04:16:48'),(3543,'196012311989032004 ','Rawina Winita, Dra. M.S., DAP&E ',1,NULL,'2018-04-30 04:16:48'),(3544,'196908172009121001 ','Renan Sukmawan, dr. S.T., Sp.JP., Ph.D. ',1,NULL,'2018-04-30 04:16:48'),(3545,'010903279 ','Reni Paramita, Dr. dr. M.Biomed. ',1,NULL,'2018-04-30 04:16:48'),(3546,'196412211990101001 ','Renindra Ananda Aman, Dr. dr. Sp.BS ',1,NULL,'2018-04-30 04:16:48'),(3547,'011003108 ','Renita Zein SpRad ',1,NULL,'2018-04-30 04:16:48'),(3548,'197403132010122001 ','Renti Mahkota S.KM., M.Epid. ',1,NULL,'2018-04-30 04:16:48'),(3549,'197508252008122001 ','Retno Asti Werdhani, Dr. dr. M.Epid ',1,NULL,'2018-04-30 04:16:48'),(3550,'140205719 ','Retno Kadarsih Soemanto, dr. SpMK ',1,NULL,'2018-04-30 04:16:48'),(3551,'140268378 ','Retno S.Wardani, Dr. dr. Sp.THT-KL ',1,NULL,'2018-04-30 04:16:48'),(3552,'010603465 ','Retno Wahyuningsih, Prof. Dr. dr. M.S ',1,NULL,'2018-04-30 04:16:48'),(3553,'196505221992032002 ','Retno Widayati, Dr. drg. Sp.Ort(K). ',1,NULL,'2018-04-30 04:16:48'),(3554,'011003109 ','Retno Widyaningsih, dr. SpA ',1,NULL,'2018-04-30 04:16:48'),(3555,'171603001','Retnosari Andrajati, Dra. M.S., Ph.D., Apt. ',1,NULL,'2018-04-30 04:16:48'),(3556,'100120310272218891 ','Rezi Riadhi Syahdi S.Farm., M.Farm. ',1,NULL,'2018-04-30 04:16:48'),(3557,'196504151984122001 ','Ria Kodariah, Dra. M.S. ',1,NULL,'2018-04-30 04:16:48'),(3558,'197911272009122003 ','Ria Margiana, dr. M.Biomed. ',1,NULL,'2018-04-30 04:16:48'),(3559,'196209011987032002 ','Ria Puspitawati, Dr. drg. ',1,NULL,'2018-04-30 04:16:48'),(3560,'197102271997022001 ','Ria Utami Panjaitan S.Kp., M.Kep. ',1,NULL,'2018-04-30 04:16:48'),(3561,'196311171990032002 ','Riana Pauline Tamba, dr. SpBA ',1,NULL,'2018-04-30 04:16:48'),(3562,'194809251975031001 ','Rianto Setiabudy, Prof. Dr. dr. SpFK ',1,NULL,'2018-04-30 04:16:49'),(3563,'101003009 ','Riati Anggriani S.H., MARS, M.Hum. ',1,NULL,'2018-04-30 04:16:49'),(3564,'195012161982111001 ','Richard Budiman, dr. SpKJ(K) ',1,NULL,'2018-04-30 04:16:49'),(3565,'101503006 ','Rico Kurniawan S.K.M., M.K.M. ',1,NULL,'2018-04-30 04:16:49'),(3566,'195704141987032001 ','Ridhawati, Dra. M.Biomed. ',1,NULL,'2018-04-30 04:16:49'),(3567,'195311121982031002 ','Ridwan Zahdi Syaaf, Drs.(Psi). MPH ',1,NULL,'2018-04-30 04:16:49'),(3568,'010603205 ','Riesye Arisanty, dr. Sp.P.A. ',1,NULL,'2018-04-30 04:16:49'),(3569,'011003111 ','Rifan Fauzie, dr. SpA ',1,NULL,'2018-04-30 04:16:49'),(3570,'011003112 ','Rika Oktarina Rony, dr. SpA, MARS ',1,NULL,'2018-04-30 04:16:49'),(3571,'198007132014042001 ','Rima Irwinda, dr. Sp.OG. ',1,NULL,'2018-04-30 04:16:49'),(3572,'100240310272800791 ','Rina Agustina, Dr. M.Gizi. ',1,NULL,'2018-04-30 04:16:49'),(3573,'101503014 ','Rina Khairunnisa Fadli S.K.M., M.K.M. ',1,NULL,'2018-04-30 04:16:49'),(3574,'197911072010122002 ','Rina La Distia Nora, dr. Sp.M ',1,NULL,'2018-04-30 04:16:49'),(3575,'030603073 ','Rina Mutiara, Dra. M.Pharm ',1,NULL,'2018-04-30 04:16:49'),(3576,'198307072014042001 ','Rinadewi Astriningrum, dr. Sp.K.K. ',1,NULL,'2018-04-30 04:16:49'),(3577,'196007281987092001 ','Rinawati Rohsiswatmo, Dr. dr. Sp.A(K). ',1,NULL,'2018-04-30 04:16:49'),(3578,'196506021991012001 ','Rini Sekartini, Dr. dr. SpA(K) ',1,NULL,'2018-04-30 04:16:49'),(3579,'196206171988031004 ','Rino A. Gani, Dr. SpPD-KGEH ',1,NULL,'2018-04-30 04:16:49'),(3580,'197603242012122001 ','Riri Maria S.Kp., MANP. ',1,NULL,'2018-04-30 04:16:49'),(3581,'195912201988032001 ','Ririn Arminsih Wulandari, Dr. drg. M.Kes ',1,NULL,'2018-04-30 04:16:49'),(3582,'196304171990072001 ','Risma Kerina Kaban, Dr. SpA ',1,NULL,'2018-04-30 04:16:49'),(3583,'0108050367 ','Rismala Dewi, Dr. dr. Sp.A. ',1,NULL,'2018-04-30 04:16:49'),(3584,'196003131986032002 ','Risqa Rina Darwita, Prof. drg. Ph.D. ',1,NULL,'2018-04-30 04:16:49'),(3585,'198107132012122003 ','Rissyelly S.Si., M.Farm., Apt ',1,NULL,'2018-04-30 04:16:49'),(3586,'196203111988032001 ','Rita Damayanti, Dr. dra. MSPH ',1,NULL,'2018-04-30 04:16:49'),(3587,'011003022 ','Rita Mustika, dr. M.Epid. ',1,NULL,'2018-04-30 04:16:49'),(3588,'196107151989102001 ','Rita Rogayah, dr. Sp.P(K) ',1,NULL,'2018-04-30 04:16:49'),(3589,'195908081986032000 ','Rita Sita Sitorus, Prof. Dr. SpM(K)., Ph.D ',1,NULL,'2018-04-30 04:16:49'),(3590,'011003114 ','Rita Wahyunarti, Dr. SpA ',1,NULL,'2018-04-30 04:16:49'),(3591,'197605152009122004 ','Rita Zahara, dr. SpJP ',1,NULL,'2018-04-30 04:16:49'),(3592,'0108050310 ','Riwanti Estiasari, dr. Sp.S. ',1,NULL,'2018-04-30 04:16:49'),(3593,'197706112009121003 ','Riyadh Firdaus, dr. Sp.AN ',1,NULL,'2018-04-30 04:16:49'),(3594,'140172394 ','Rizal Irvan Shiddieqy Pohan, dr. SpOT ',1,NULL,'2018-04-30 04:16:49'),(3595,'196302021991031003 ','Rizal Subahar, Dr. Drs. M.Biomed ',1,NULL,'2018-04-30 04:16:49'),(3596,'131303002 ','Rizka Ristriyani, Ns. S.Kep. ',1,NULL,'2018-04-30 04:16:49'),(3597,'010903470 ','Rizka Yurinda, dr. SpOG ',1,NULL,'2018-04-30 04:16:49'),(3598,'021203002 ','RM Tri Ardi Mahendra, drg. Sp.Pros. ',1,NULL,'2018-04-30 04:16:49'),(3599,'196112021989031003 ','Robert Lessang, drg. Sp.Perio(K) ',1,NULL,'2018-04-30 04:16:49'),(3600,'197101301994032001 ','Robiana Modjo, Dr. SKM., M.Kes ',1,NULL,'2018-04-30 04:16:49'),(3601,'010903273 ','Robiatul Adawiyah, Dr. dr. M.Biomed. ',1,NULL,'2018-04-30 04:16:49'),(3602,'010602182 ','Rochsismandoko, dr. SpPD ',1,NULL,'2018-04-30 04:16:49'),(3603,'011203008 ','Roman Ardian Goenarjo, dr. M.Biomed ',1,NULL,'2018-04-30 04:16:49'),(3604,'195505221983031004 ','Ronnie Rivany, Dr. drg. M.Sc. ',1,NULL,'2018-04-30 04:16:49'),(3605,'195406121980111001 ','Ronny Suwento, dr. Sp.THT-KL(K) ',1,NULL,'2018-04-30 04:16:49'),(3606,'010603173 ','Roro Inge Ade Krisanti, dr. SpKK ',1,NULL,'2018-04-30 04:16:49'),(3607,'196709222009122001 ','Rosalina Dewi R., dr.  ',1,NULL,'2018-04-30 04:16:49'),(3608,'011103005 ','Rosamarlina, dr. SpP ',1,NULL,'2018-04-30 04:16:49'),(3609,'195304151978022001 ','Roselani Widajati L., drg. MDSc., SpPros(K) ',1,NULL,'2018-04-30 04:16:49'),(3610,'195311301984102001 ','Rosiana Pradanasari, dr. Sp.RM. ',1,NULL,'2018-04-30 04:16:49'),(3611,'031203003 ','Rosmala Dewi, Dra. Apt. ',1,NULL,'2018-04-30 04:16:49'),(3612,'195810161990032001 ','Rosmalena, Dra. M.Biomed ',1,NULL,'2018-04-30 04:16:49'),(3613,'140154801 ','Rossalyn Sandra Andrisa, dr. SpM, M.Epid ',1,NULL,'2018-04-30 04:16:49'),(3614,'197801212012122001 ','RR. Amanda Soebadi, dr. Sp.A ',1,NULL,'2018-04-30 04:16:49'),(3615,'197605132009122001 ','Rr. Dyah Purnamasari Sulistianingsih, dr. Sp.PD ',1,NULL,'2018-04-30 04:16:49'),(3616,'195908101985032003 ','Rr. Tut Wuri Andajani, Dr. drg. M.Biomed ',1,NULL,'2018-04-30 04:16:49'),(3617,'197111181999032001 ','Rr. Tutik Sri Hariyati, Dr. S.Kp., MARS. ',1,NULL,'2018-04-30 04:16:49'),(3618,'011403045 ','Rr.Prasetyanugraheni Kreshanti, dr. Sp.B.P. ',1,NULL,'2018-04-30 04:16:49'),(3619,'140350119 ','Rudi Putranto, dr. Sp.PD. ',1,NULL,'2018-04-30 04:16:49'),(3620,'010903270 ','Rudy Hidayat, dr. Sp.P.D. ',1,NULL,'2018-04-30 04:16:49'),(3621,'196909191999031003 ','Rudyanto Sedono, dr. SpAn.KIC ',1,NULL,'2018-04-30 04:16:49'),(3622,'197408272008122002 ','Rulliana Agustin, dr. M.Med.Ed ',1,NULL,'2018-04-30 04:16:49'),(3623,'195608131982112001 ','Sabarinah, Dr. M.Sc. ',1,NULL,'2018-04-30 04:16:49'),(3624,'195709291984032001 ','Saleha Sungkar, Prof. dr. DAP&E, MS, SpParK ',1,NULL,'2018-04-30 04:16:49'),(3625,'195409221983121001 ','Salim Haris, dr. H. SpS (K) ',1,NULL,'2018-04-30 04:16:49'),(3626,'196708081997072001 ','Sally A. Nasution, dr. SpPD-KKV ',1,NULL,'2018-04-30 04:16:49'),(3627,'195711141983111001 ','Samsul Ashari, Dr. SpBS ',1,NULL,'2018-04-30 04:16:49'),(3628,'140139035 ','Samuel Oetoro, Dr. dr. M.S., Sp.GK (K). ',1,NULL,'2018-04-30 04:16:49'),(3629,'195306211978081001 ','Sandi Iljanto, Dr. dr. MPH ',1,NULL,'2018-04-30 04:16:49'),(3630,'196305181992022001 ','Sandra Fikawati, Dr. drg. MPH ',1,NULL,'2018-04-30 04:16:49'),(3631,'021403006 ','Sandra Olivia Kuswandani, drg. Sp.Perio ',1,NULL,'2018-04-30 04:16:49'),(3632,'196009011988012001 ','Sandra Widaty, Dr. dr. Sp.KK(K). ',1,NULL,'2018-04-30 04:16:49'),(3633,'197503261999032001 ','Santi Purna Sari S.Si., M.Si ',1,NULL,'2018-04-30 04:16:49'),(3634,'010602257 ','Santoso Karo Karo, Dr. SpJP(K) ',1,NULL,'2018-04-30 04:16:49'),(3635,'195309271980072001 ','Saptawati Bardosono, Dr. dr. M.Sc. ',1,NULL,'2018-04-30 04:16:49'),(3636,'197705282010122001 ','Saraventi, drg. Sp.Pros ',1,NULL,'2018-04-30 04:16:50'),(3637,'195103241980021001 ','Sardikin Giriputro, Dr. SpP(K) ',1,NULL,'2018-04-30 04:16:50'),(3638,'021003006 ','Sariesendy, drg. Sp.Ort. ',1,NULL,'2018-04-30 04:16:50'),(3639,'195205201982032001 ','Sarworini B. Budiardjo, Dr. drg. SpKGA(K) ',1,NULL,'2018-04-30 04:16:50'),(3640,'0108050363 ','Sasanthy Kusumaningtyas S.Si., M.Biomed. ',1,NULL,'2018-04-30 04:16:50'),(3641,'195502081983021001 ','Sastiono, dr. SpB., SpBA ',1,NULL,'2018-04-30 04:16:50'),(3642,'196001221987012001 ','Sawitri Darmiati, dr. SpRad ',1,NULL,'2018-04-30 04:16:50'),(3643,'140135017 ','Semiramis Zizlavsky, Dr. dr. Sp.THT-KL ',1,NULL,'2018-04-30 04:16:50'),(3644,'196209091988112001 ','Septelia Inawati Wanandi, Dr. rer. physiol. dr. ',1,NULL,'2018-04-30 04:16:50'),(3645,'140137071 ','Setyo Hermanto, dr. SpOG ',1,NULL,'2018-04-30 04:16:50'),(3646,'196209291996031001 ','Setyo Widi Nugroho, dr. Sp.BS ',1,NULL,'2018-04-30 04:16:50'),(3647,'195404271977032001 ','Setyowati, Prof. Dra. M.App.Sc., Ph.D. ',1,NULL,'2018-04-30 04:16:50'),(3648,'021503003 ','Shalina Ricardo, drg. Sp.KG. ',1,NULL,'2018-04-30 04:16:50'),(3649,'195809291983032018 ','Shannaz Nadia Yusharyahya, dr. SpKK ',1,NULL,'2018-04-30 04:16:50'),(3650,'140136628 ','Shufrie Effendi, Dr. ',1,NULL,'2018-04-30 04:16:50'),(3651,'021403001 ','Sigit Handoko Utomo, drg. Sp.Ort. ',1,NULL,'2018-04-30 04:16:50'),(3652,'196605291993031004 ','Sigit Mulyono, Dr. S.Kp., M.N ',1,NULL,'2018-04-30 04:16:50'),(3653,'195810191986011003 ','Sigit Purbadi, dr. Sp.OG. ',1,NULL,'2018-04-30 04:16:50'),(3654,'010903254 ','Sila Wiweka, dr. Sp.P. ',1,NULL,'2018-04-30 04:16:50'),(3655,'197305151998022002 ','Silvia Surini M.Pharm.Sc., Ph.D. ',1,NULL,'2018-04-30 04:16:50'),(3656,'197612022009122002 ','Silvia Werdhy Lestari, Dr.dr. M.Biomed ',1,NULL,'2018-04-30 04:16:50'),(3657,'195803091984101001 ','Singkat Dohar Apul L.Tobing, dr. SpOT ',1,NULL,'2018-04-30 04:16:50'),(3658,'197811032010122001 ','Siska Suridanda Danny, dr. Sp. JP ',1,NULL,'2018-04-30 04:16:50'),(3659,'010903009 ','Sita L. Andarini, dr. ',1,NULL,'2018-04-30 04:16:50'),(3660,'060603648 ','Sitaresmi Sulistyawati, Dr. Dra. M. Psi.T ',1,NULL,'2018-04-30 04:16:50'),(3661,'021603003 ','Siti Aliyah Pradono, drg. Sp.PM. ',1,NULL,'2018-04-30 04:16:50'),(3662,'150903002 ','Siti Annisa Nuhonni, dr. SpRM-K ',1,NULL,'2018-04-30 04:16:50'),(3663,'196404221991032002 ','Siti Arifah Pujonarti, Ir. MPH ',1,NULL,'2018-04-30 04:16:50'),(3664,'197203131999032002 ','Siti Chodidjah S.Kp., M.N. ',1,NULL,'2018-04-30 04:16:50'),(3665,'196407311997022001 ','Siti Farida, Dr. dr. M.Kes. ',1,NULL,'2018-04-30 04:16:50'),(3666,'011525003 ','Siti Fatimah S.E. ',1,NULL,'2018-04-30 04:16:50'),(3667,'197802212010122002 ','Siti Handayani, dr. Sp.Bp. ',1,NULL,'2018-04-30 04:16:50'),(3668,'020903013 ','Siti Mardewi Soerono Akbar, Prof. Dr. drg. SpKG ',1,NULL,'2018-04-30 04:16:50'),(3669,'011525004 ','Siti Masitoh S.T ',1,NULL,'2018-04-30 04:16:50'),(3670,'196306091995122001 ','Siti Nurbaya, Dra. M.Si. ',1,NULL,'2018-04-30 04:16:50'),(3671,'196110151987032002 ','Siti Setiati, Prof. Dr. dr. SpPD-KGer, M.Epid, FINASIM ',1,NULL,'2018-04-30 04:16:50'),(3672,'195410301980032002 ','Siti Triaminingsih Prawirowinoto, drg. M.T. ',1,NULL,'2018-04-30 04:16:50'),(3673,'020903012 ','Siti Wuryan A Prayitno, Prof. drg. S.K.M., M.Sc., Ph.D, Sp.Perio(K) ',1,NULL,'2018-04-30 04:16:50'),(3674,'195512121983031007 ','Sjahrul Meizar Nasri, Dr. Ir. M.Sc. ',1,NULL,'2018-04-30 04:16:50'),(3675,'031303009 ','Sodikin Sadek, Drs. S.T., M.Kes. ',1,NULL,'2018-04-30 04:16:50'),(3676,'140096721 ','Soedarman Sjamsoe, Dr. SpM ',1,NULL,'2018-04-30 04:16:50'),(3677,'195304221980121001 ','Soedjatmiko, dr. Sp.A(K), MSi ',1,NULL,'2018-04-30 04:16:50'),(3678,'195509041980032002 ','Soehartati Argadikoesoema, Prof. Dr. dr. SpRad(K), OnkRad ',1,NULL,'2018-04-30 04:16:50'),(3679,'140089024 ','Sofyanuddin, dr. SpOT ',1,NULL,'2018-04-30 04:16:50'),(3680,'195812241984101001 ','Sonar Soni Panigoro, dr. ',1,NULL,'2018-04-30 04:16:50'),(3681,'0108050307 ','Sondang Marisi Holong Aemilia Pandjaitan Sirait, dr. Sp.K.K. ',1,NULL,'2018-04-30 04:16:50'),(3682,'197803012012121004 ','Sony Hilal Wicaksono, dr. Sp. JP. ',1,NULL,'2018-04-30 04:16:50'),(3683,'198201212009122003 ','Sophie Yolanda, dr. M.Biomed. ',1,NULL,'2018-04-30 04:16:50'),(3684,'196004191986032001 ','Sri Angky Soekanto, drg. Ph.D. ',1,NULL,'2018-04-30 04:16:50'),(3685,'195609191982032001 ','Sri Lelyati, DR. drg. S.U., Sp.Perio(K) ',1,NULL,'2018-04-30 04:16:50'),(3686,'140097108 ','Sri Lestari, dr. SpOG ',1,NULL,'2018-04-30 04:16:50'),(3687,'195610061982032003 ','Sri Linuwih Susetyo Wardhani Menaldi, Dr.dr. Sp.KK(K) ',1,NULL,'2018-04-30 04:16:50'),(3688,'195504121986032001 ','Sri Mutya Sekarutami, Dr. dr. Sp.Rad(K), Onk.Rad ',1,NULL,'2018-04-30 04:16:50'),(3689,'140162099 ','Sri Nilawati, dr. SpKO ',1,NULL,'2018-04-30 04:16:50'),(3690,'195303301979022001 ','Sri Redjeki, Dr. drg. M.S. ',1,NULL,'2018-04-30 04:16:50'),(3691,'195301301979022001 ','Sri Sukmaniah, dr. M.Sc., Sp.GK.(K). ',1,NULL,'2018-04-30 04:16:50'),(3692,'0108050330 ','Sri Suryo Adiyanti, dr. M.Kes. ',1,NULL,'2018-04-30 04:16:50'),(3693,'195207151985032001 ','Sri Tjahyani Budi Utami, drg. M.Kes ',1,NULL,'2018-04-30 04:16:50'),(3694,'198106022014042001 ','Sri Wahdini, dr. M.Biomed. ',1,NULL,'2018-04-30 04:16:50'),(3695,'195201251978032001 ','Sri Widia Jusman, Prof. Dr. dr. M.S. ',1,NULL,'2018-04-30 04:16:50'),(3696,'197604132008122002 ','Sri Yona S.Kp., MN., Ph.D. ',1,NULL,'2018-04-30 04:16:50'),(3697,'100803005 ','Sudarti Kresno, Prof. Dr. Dra. S.K.M., M.A. ',1,NULL,'2018-04-30 04:16:50'),(3698,'194712051974031001 ','Sudarto Ronoatmodjo, Prof. Dr. dr. S.K.M., M.Sc ',1,NULL,'2018-04-30 04:16:50'),(3699,'011203002','Sudigdo Sastroasmoro, Prof. Dr. dr. Sp.A(K)',1,NULL,'2018-04-30 04:16:50'),(3700,'101203001 ','Sudijanto Kamso, Prof. Dr. dr. S.KM. ',1,NULL,'2018-04-30 04:16:50'),(3701,'140150329 ','Sudung O. Pardede, dr. SpA(K) ',1,NULL,'2018-04-30 04:16:50'),(3702,'101003030 ','Sugma Agung Purbowo, dr. MARS ',1,NULL,'2018-04-30 04:16:50'),(3703,'195004171978101001 ','Suhardjono, Prof. Dr. dr. SpPD ',1,NULL,'2018-04-30 04:16:50'),(3704,'195305311981101001 ','Suharko Soebardi, dr. SpPD ',1,NULL,'2018-04-30 04:16:50'),(3705,'196008281985121001 ','Suhendro, Dr. dr. SpPD-KPTI ',1,NULL,'2018-04-30 04:16:50'),(3706,'011003132 ','Suhermi Ismail, Dr. SpRad ',1,NULL,'2018-04-30 04:16:50'),(3707,'010903243 ','Sukamto, dr. Sp.Pd. ',1,NULL,'2018-04-30 04:16:51'),(3708,'100803004 ','Sukidjo Notoatmodjo, Prof. Dr. S.K.M., M.Comm.H ',1,NULL,'2018-04-30 04:16:51'),(3709,'198310102010121003 ','Sukihananto S.Kep., M.Kep. ',1,NULL,'2018-04-30 04:16:51'),(3710,'195202061977081001 ','Sukman T Putra, dr. SpA(K)., FACC, FESC ',1,NULL,'2018-04-30 04:16:51'),(3711,'197303192009121001 ','Suko Adiarto, dr. Sp.JP., PhD ',1,NULL,'2018-04-30 04:16:51'),(3712,'100903005 ','Sumengen Sutomo S.K.M., M.PH, Dr.PH ',1,NULL,'2018-04-30 04:16:51'),(3713,'101503005 ','Sumijatun S.Kp., M.A.R.S ',1,NULL,'2018-04-30 04:16:51'),(3714,'140081940 ','Sunarya Soerianata, dr. SpJP(K) ',1,NULL,'2018-04-30 04:16:51'),(3715,'011403035 ','Sunu Budhi Raharjo, dr. PhD., SpJP ',1,NULL,'2018-04-30 04:16:51'),(3716,'011103024 ','Suprayitno Wardoyo, dr. Sp.B.T.K.V. ',1,NULL,'2018-04-30 04:16:51'),(3717,'196210051992032002 ','Supri Irianti Handayani, Dra. M.Biomed ',1,NULL,'2018-04-30 04:16:51'),(3718,'101503011 ','Suprijanto Rijadi, dr. M.P.A., Ph.D. ',1,NULL,'2018-04-30 04:16:51'),(3719,'100903006 ','Supriyantoro, dr. DSP (k)., MARS ',1,NULL,'2018-04-30 04:16:51'),(3720,'196804201999011001 ','Surahman Hakim, dr. SpOG(K) ',1,NULL,'2018-04-30 04:16:51'),(3721,'011003140 ','Surya Dharma, dr. Sp.JP, FIHA ',1,NULL,'2018-04-30 04:16:51'),(3722,'196702171995031001 ','Surya Dwira, Drs. M.Si. ',1,NULL,'2018-04-30 04:16:51'),(3723,'140106044 ','Susilo Candra, dr. Sp.AnK ',1,NULL,'2018-04-30 04:16:51'),(3724,'196304101989031006 ','Suskhan, Dr. SpOG ( K ) ',1,NULL,'2018-04-30 04:16:51'),(3725,'195910301987112001 ','Susyana Tamin, dr. Sp.THT-KL ',1,NULL,'2018-04-30 04:16:51'),(3726,'196209251989031005 ','Sutanto Priyo Hastono, Dr. M.Kes. ',1,NULL,'2018-04-30 04:16:51'),(3727,'197303211997021002 ','Sutriyo S.Si., M.Si., Apt ',1,NULL,'2018-04-30 04:16:51'),(3728,'195711011990031001 ','Suyud, Dr. M.Si. ',1,NULL,'2018-04-30 04:16:51'),(3729,'195303111979022001 ','Suzanna Immanuel, Prof. dr. SpPK(K) ',1,NULL,'2018-04-30 04:16:51'),(3730,'011003121 ','Syahfrizal Syafei, dr. Sp.PD-KHOM ',1,NULL,'2018-04-30 04:16:51'),(3731,'140225969 ','Syahrial M Hutauruk, dr. Sp.THT-KL ',1,NULL,'2018-04-30 04:16:51'),(3732,'195903111987031001 ','Syahrizal, dr. MPH., Ph.D ',1,NULL,'2018-04-30 04:16:51'),(3733,'140161178 ','Syaiful Anwar Hadi, dr. SpOT ',1,NULL,'2018-04-30 04:16:51'),(3734,'0108050371 ','Syaiful Ichwan, dr. Sp.BS. ',1,NULL,'2018-04-30 04:16:51'),(3735,'198001242009122001 ','Syarifah Dewi, dr. M.Biomed ',1,NULL,'2018-04-30 04:16:51'),(3736,'140348770 ','Sylahuddin, dr. SpOG ',1,NULL,'2018-04-30 04:16:51'),(3737,'195911131986032001 ','Sylvia D Elvira, dr. SpKJ(K) ',1,NULL,'2018-04-30 04:16:51'),(3738,'197802122009122002 ','Syntia Nusanti, dr. Sp.M., M.Pd.Ked. ',1,NULL,'2018-04-30 04:16:51'),(3739,'197507062009122002 ','Syska Widyawati, dr. Sp.M. ',1,NULL,'2018-04-30 04:16:51'),(3740,'195207251983031003 ','Syukri Mustafa, Dr. SpM ',1,NULL,'2018-04-30 04:16:51'),(3741,'020703005 ','Syurri Innaddinna Syahraini, drg. M.Biomed. ',1,NULL,'2018-04-30 04:16:51'),(3742,'196206261990032003 ','Taniawati Supali, Prof. Dr. Dra. ',1,NULL,'2018-04-30 04:16:51'),(3743,'195605141984031004 ','Tantani Sugiman, dr. SpAn ',1,NULL,'2018-04-30 04:16:51'),(3744,'011603003 ','Tantri Hellyanti, dr. Sp.P.A. ',1,NULL,'2018-04-30 04:16:51'),(3745,'011403026 ','Taofan, dr. SpJP, FIHA., FICA ',1,NULL,'2018-04-30 04:16:51'),(3746,'011003122 ','Tato Heryanto, dr. SpRad ',1,NULL,'2018-04-30 04:16:51'),(3747,'011103001 ','Taufik Mesiano, dr. Sp.S. ',1,NULL,'2018-04-30 04:16:51'),(3748,'171503003 ','Taufiq Indra Rukmana M.Farm., Apt. ',1,NULL,'2018-04-30 04:16:51'),(3749,'195907131985121001 ','Teguh Haryono Karyadi, Dr. SpPD-KAI ',1,NULL,'2018-04-30 04:16:51'),(3750,'010903227 ','Telly Kamelia, dr. Sp.P.D. ',1,NULL,'2018-04-30 04:16:51'),(3751,'197012152000032001 ','Teny Tjitra Sari, dr. SpA ',1,NULL,'2018-04-30 04:16:51'),(3752,'194908071974061001 ','Teuku Zulkifli Jacoeb, Prof. Dr. dr. SpOG-KFER ',1,NULL,'2018-04-30 04:16:51'),(3753,'198311202014042001 ','Thariqah Salamah, dr. Sp.Rad. ',1,NULL,'2018-04-30 04:16:51'),(3754,'196610251995031001 ','Theddeus O.H. Prasetyono, dr. SpBP ',1,NULL,'2018-04-30 04:16:51'),(3755,'100240310291212891 ','Tiara Amelia S.K.M., M.Sc. ',1,NULL,'2018-04-30 04:16:51'),(3756,'197606072009122001 ','Tiara Aninditha, Dr. dr. Sp.S. ',1,NULL,'2018-04-30 04:16:51'),(3757,'011403047 ','Tike Hari Pratikto, Dr. Med. dr. Sp.J.P ',1,NULL,'2018-04-30 04:16:51'),(3758,'196403141990032001 ','Tirza Z. Tamin, Dr. dr. SpRM ',1,NULL,'2018-04-30 04:16:51'),(3759,'010903225 ','Titi Sundari, dr. Sp.P. ',1,NULL,'2018-04-30 04:16:51'),(3760,'197512312008122004 ','Titin Ungsianik S.Kp., M.B.A ',1,NULL,'2018-04-30 04:16:51'),(3761,'197111072000032001 ','Titis Prawitasari, Dr. SpA ',1,NULL,'2018-04-30 04:16:51'),(3762,'196001251986032001 ','Tjahjani Mirawati Sudiro, dr. Ph.D. ',1,NULL,'2018-04-30 04:16:51'),(3763,'140100717 ','Tjahyono D. Gondhowiardjo, Dr. Ph.D., SpM ',1,NULL,'2018-04-30 04:16:51'),(3764,'195509031980121001 ','Tjandra Yoga Aditama, Prof. dr. Sp.P(K), MARS, DTCE, DTM&H ',1,NULL,'2018-04-30 04:16:51'),(3765,'011003139 ','Tjatur Kuat Sagoro, dr. SpA ',1,NULL,'2018-04-30 04:16:51'),(3766,'140071165 ','Tjepi Aloewi, dr. M.Sc., SpOK ',1,NULL,'2018-04-30 04:16:51'),(3767,'010602010 ','Tjetjep Dwidjasiswadja, dr. Sp.F. ',1,NULL,'2018-04-30 04:16:51'),(3768,'196204191990111001 ','Tjhin Wiguna, Dr. dr. SpKJ(K) ',1,NULL,'2018-04-30 04:16:51'),(3769,'140136743 ','Tjut Nurul Alam Jacoeb, Dr. dr. SpKK(K) ',1,NULL,'2018-04-30 04:16:51'),(3770,'140131056 ','Toar J. M. Lalisang, dr. SpB(K)BD ',1,NULL,'2018-04-30 04:16:51'),(3771,'197604202008122002 ','Tofan Widya Utami, dr. Sp.OG ',1,NULL,'2018-04-30 04:16:51'),(3772,'101203013 ','Toha Muhaimin, Dr. dr. M.Sc. ',1,NULL,'2018-04-30 04:16:51'),(3773,'195307041980031003 ','Tonny Loho, dr. DMM., SpPK(K) ',1,NULL,'2018-04-30 04:16:51'),(3774,'197609062009122001 ','Tresia Fransiska Ulianna, dr. Tambunan Sp.RM ',1,NULL,'2018-04-30 04:16:51'),(3775,'101303002 ','Tresnasari Satya Putri S.K.M., M.K.M. ',1,NULL,'2018-04-30 04:16:51'),(3776,'0107050168 ','Trevino Aristarkus Pakasi, dr. M.S., Ph.D. ',1,NULL,'2018-04-30 04:16:51'),(3777,'197812152010122001 ','Tri Budiati S.Kep., M.Kep. ',1,NULL,'2018-04-30 04:16:51'),(3778,'198005162014042001 ','Tri Hening Rahayatri, dr. Sp.B. ',1,NULL,'2018-04-30 04:16:51'),(3779,'197202212006041001 ','Tri Juda Airlangga Hardjoprawito, dr. Sp.THT-KL ',1,NULL,'2018-04-30 04:16:51'),(3780,'010903217 ','Tri Juli Edi Tarigan, dr. Sp.P.D.(K). ',1,NULL,'2018-04-30 04:16:51'),(3781,'196302061990031002 ','Tri Krianto, Dr. drs. M.Kes ',1,NULL,'2018-04-30 04:16:51'),(3782,'196501261990032001 ','Tri Rahayu, dr. SpM ',1,NULL,'2018-04-30 04:16:51'),(3783,'198608092015042003','Tri Wahyuni M.Biomed., Apt ',1,NULL,'2018-04-30 04:16:52'),(3784,'131103007 ','Tri Widyastuti Handayani Ns.Sp.Kep.Kom ',1,NULL,'2018-04-30 04:16:52'),(3785,'010903215 ','Tri Wisesa Soetisna, dr. SpB., SpBTKV ',1,NULL,'2018-04-30 04:16:52'),(3786,'196406301991031001 ','Tri Yunis Miko Wahyono, Dr. dr. M.Sc. ',1,NULL,'2018-04-30 04:16:52'),(3787,'010903213 ','Triana Agustin, dr. Sp.KK ',1,NULL,'2018-04-30 04:16:52'),(3788,'010903228 ','Tricia Dewi Anggraeni, dr. Sp.OG ',1,NULL,'2018-04-30 04:16:52'),(3789,'196108141987022002 ','Trimartani, dr. Sp.THT-KL(K) ',1,NULL,'2018-04-30 04:16:52'),(3790,'195407201984032001 ','Trini Sudiarti, Ir. M.Si ',1,NULL,'2018-04-30 04:16:52'),(3791,'011003143 ','Trinovita Andraini, dr. M.Biomed. ',1,NULL,'2018-04-30 04:16:52'),(3792,'196207101989031006 ','Tris Eryando, Dr. drs. M.A. ',1,NULL,'2018-04-30 04:16:52'),(3793,'010903464 ','Triskawati Indang Dewi, dr. SpOG ',1,NULL,'2018-04-30 04:16:52'),(3794,'011303004 ','Triya Damayanti, dr. Sp.P., Ph.D. ',1,NULL,'2018-04-30 04:16:52'),(3795,'197005051996032002 ','Triyanti S.KM., M.Sc ',1,NULL,'2018-04-30 04:16:52'),(3796,'140075665 ','Tubagus Djumhana Atmakusuma,Dr. dr. ',1,NULL,'2018-04-30 04:16:52'),(3797,'197506061999032015 ','Tuti Herawati S.Kp., M.N ',1,NULL,'2018-04-30 04:16:52'),(3798,'197406041998022001 ','Tuti Nuraini S.Kp., M. Biomed ',1,NULL,'2018-04-30 04:16:52'),(3799,'0107050253 ','Tyas Priyatini, dr. Sp.OG. ',1,NULL,'2018-04-30 04:16:52'),(3800,'140119207 ','Ujainah Zaini, dr. N. SpPD-KP ',1,NULL,'2018-04-30 04:16:52'),(3801,'194810051975031001 ','Umar Fahmi Achmadi, Prof. dr. MPH., Ph.D ',1,NULL,'2018-04-30 04:16:52'),(3802,'030903048 ','Umar Jaubah, Drs. Apt. ',1,NULL,'2018-04-30 04:16:52'),(3803,'197409012009121001 ','Umar Mardianto, dr. SpM ',1,NULL,'2018-04-30 04:16:52'),(3804,'195507271981031008 ','Umar Said Dharmabakti, dr. Sp.THT-KL(K) ',1,NULL,'2018-04-30 04:16:52'),(3805,'196002061986012001 ','Vally Wulani, dr. SpRad ',1,NULL,'2018-04-30 04:16:52'),(3806,'197207092009122001 ','Vera Julia, drg. Sp.BM ',1,NULL,'2018-04-30 04:16:52'),(3807,'197607282008122001 ','Vetty Yulianty Permanasari S.Si., M. P. H ',1,NULL,'2018-04-30 04:16:52'),(3808,'011403004 ','Vidhia Umami, dr. Sp.P.D. ',1,NULL,'2018-04-30 04:16:52'),(3809,'010903204 ','Virna Dwi Oktariana Asrory, dr. Sp.M ',1,NULL,'2018-04-30 04:16:52'),(3810,'197111092002122005 ','Vivian, dr. Sp.FK, Ph.D. ',1,NULL,'2018-04-30 04:16:52'),(3811,'194903181974121003 ','Wachyu Hadisaputra, Prof. Dr. dr. Sp.OG(K) ',1,NULL,'2018-04-30 04:16:52'),(3812,'196505271992031002 ','Wachyu Sulistiadi,  Dr. drg. M.A.R.S. ',1,NULL,'2018-04-30 04:16:52'),(3813,'197305112005012002 ','Wahju Aniwidyaningsih, dr. SpP ',1,NULL,'2018-04-30 04:16:52'),(3814,'198602062015041002 ','Wahyu Kurnia Yusrin Putra S.K.M., M.K.M. ',1,NULL,'2018-04-30 04:16:52'),(3815,'197310122009121001 ','Wahyu Widodo, dr. Sp.OT. ',1,NULL,'2018-04-30 04:16:52'),(3816,'197705162009122002 ','Wahyuni Indawati, dr. SpA ',1,NULL,'2018-04-30 04:16:52'),(3817,'195503241981032001 ','Wanarani Alwin, dr. SpRM ',1,NULL,'2018-04-30 04:16:52'),(3818,'197006191998021003 ','Wawaimuli Arozal, dr. M.Biomed., Pharm.D. ',1,NULL,'2018-04-30 04:16:52'),(3819,'196311011989021002 ','Widayat Alviandi, dr. Sp.THT-KL ',1,NULL,'2018-04-30 04:16:52'),(3820,'196001231988021001 ','Widayat Djoko Santoso, dr. SpPD ',1,NULL,'2018-04-30 04:16:52'),(3821,'195309031983032001 ','Widiastuti, Dra. M.S. ',1,NULL,'2018-04-30 04:16:52'),(3822,'195506071981032001 ','Widjajalaksmi Kusumaningsih, Dr. dr. SpRM (K)., M.Sc. ',1,NULL,'2018-04-30 04:16:52'),(3823,'195106111976032001 ','Widurini Djohan, drg. SpKG ',1,NULL,'2018-04-30 04:16:52'),(3824,'195502271984032002 ','Widya Artini, Dr. dr. SpM ',1,NULL,'2018-04-30 04:16:52'),(3825,'100220310212802891 ','Widya Kusumadewy, drg. Sp.Ort. ',1,NULL,'2018-04-30 04:16:52'),(3826,'197005071995122002 ','Widyatuti, Ns. S.Kp., M.Kes., Sp.Kom ',1,NULL,'2018-04-30 04:16:52'),(3827,'196402201996031001 ','Wiku Bakti Bawono Adisasmito, Prof. Drh. M.Sc., Ph.D ',1,NULL,'2018-04-30 04:16:52'),(3828,'131403004 ','Winda Eriska, Ns. S.Kep. ',1,NULL,'2018-04-30 04:16:52'),(3829,'011303005 ','Windy Keumala Budianti, dr. Sp.K.K. ',1,NULL,'2018-04-30 04:16:52'),(3830,'198209062014041001 ','Winnugroho Wiratman, dr. Sp.S. ',1,NULL,'2018-04-30 04:16:52'),(3831,'0100500075 ','Wismaji Sadewo, dr. Sp.BS. ',1,NULL,'2018-04-30 04:16:52'),(3832,'010903197 ','Wismandari, dr. Sp.P.D. (K) ',1,NULL,'2018-04-30 04:16:52'),(3833,'195812211984101001 ','Wiwien Heru Wiyono, Prof. dr. Ph.D., Sp.P(K) ',1,NULL,'2018-04-30 04:16:52'),(3834,'196709161993032001 ','Wiwin Wiarsih S.Kp., M.N. ',1,NULL,'2018-04-30 04:16:52'),(3835,'197408181997032005 ','Wiwit Kurniawati M.Kep., Sp.Mat. ',1,NULL,'2018-04-30 04:16:52'),(3836,'195807131983122001 ','Wresti Indriatmi, Dr. dr. Sp.KK(K)., M.Epid. ',1,NULL,'2018-04-30 04:16:52'),(3837,'010903194 ','Wulyo Rajabto, dr. Sp.PD ',1,NULL,'2018-04-30 04:16:52'),(3838,'196409121990032003 ','Yahdiana Harahap, Prof. Dr. M.S. ',1,NULL,'2018-04-30 04:16:52'),(3839,'010903192 ','Yarman Mazni, dr. ',1,NULL,'2018-04-30 04:16:52'),(3840,'011003128 ','Yassir, dr. SpPD ',1,NULL,'2018-04-30 04:16:52'),(3841,'196912121996032003 ','Yati Afiyanti, Dr. S.Kp., M.N ',1,NULL,'2018-04-30 04:16:52'),(3842,'198404172012122002 ','Yayi Dwina Billianti Susanto, dr. M.Biomed. ',1,NULL,'2018-04-30 04:16:52'),(3843,'140240652 ','Yefta Moenadjat, dr. SpBP ',1,NULL,'2018-04-30 04:16:52'),(3844,'011403029 ','Yeni Dwi Lestari, dr. Sp.M., M.Sc. ',1,NULL,'2018-04-30 04:16:52'),(3845,'195502071980032001 ','Yeni Rustina S.Kp., M.App.Sc., Ph.D. ',1,NULL,'2018-04-30 04:16:52'),(3846,'010603202 ','Yenny Djuardi, dr. Ph.D. ',1,NULL,'2018-04-30 04:16:52'),(3847,'196401311990032001 ','Yetty Ramli, Dr. Sp.S ',1,NULL,'2018-04-30 04:16:52'),(3848,'196806201996012001 ','Yeva Rosana, Dr. dr. M.S., Sp.MK(K) ',1,NULL,'2018-04-30 04:16:52'),(3849,'0108050370 ','Yoga Devaera, dr. Sp.A. ',1,NULL,'2018-04-30 04:16:52'),(3850,'140258172 ','Yoga Yuniadi, Dr. dr. SpJP(K) ',1,NULL,'2018-04-30 04:16:52'),(3851,'197309082009121001 ','Yogi Prabowo, dr. Sp.OT. ',1,NULL,'2018-04-30 04:16:52'),(3852,'198008292006041002 ','Yogi Prawira, dr. Sp.A. ',1,NULL,'2018-04-30 04:16:52'),(3853,'011003026 ','Yordan Khaedir, dr. Ph.D. ',1,NULL,'2018-04-30 04:16:52'),(3854,'195601261980032003 ','Yosi Kusuma Eriwati, Dr. drg. M.Si. ',1,NULL,'2018-04-30 04:16:52'),(3855,'197407042010122001 ','Yossie Susanti Eka Putri S.Kp., M.N. ',1,NULL,'2018-04-30 04:16:52'),(3856,'196109281990031001 ','Yovsyah, dr. M.Kes ',1,NULL,'2018-04-30 04:16:52'),(3857,'101003027 ','Yudarini Hayarita Bernadetha S.H., M.Kes. ',1,NULL,'2018-04-30 04:16:52'),(3858,'131303003 ','Yudi Ariesta Chandra, Ns. S.Kep. ',1,NULL,'2018-04-30 04:16:52'),(3859,'196703141995031001 ','Yudianto Budi Saroyo, dr. SpOG ',1,NULL,'2018-04-30 04:16:53'),(3860,'140253207 ','Yudisianil Eshaputra Kamal, dr. SpM ',1,NULL,'2018-04-30 04:16:53'),(3861,'197510132008121001 ','Yuditiya Purwosunu, Dr. dr. Sp.OG. ',1,NULL,'2018-04-30 04:16:53'),(3862,'011403032 ','Yudy, dr. Sp.F. ',1,NULL,'2018-04-30 04:16:53'),(3863,'196407161995011001 ','Yulhasri, Drs. M.S. ',1,NULL,'2018-04-30 04:16:53'),(3864,'196007291988112001 ','Yuli Budiningsih, Dr. dr. Sp.F. ',1,NULL,'2018-04-30 04:16:53'),(3865,'011003027 ','Yulia Ariani Aswin, dr. Sp.A ',1,NULL,'2018-04-30 04:16:53'),(3866,'011525016 ','Yulia Eki Rahmawati S.E ',1,NULL,'2018-04-30 04:16:53'),(3867,'197007181998022001 ','Yulia Rosa Saharman, dr. Sp.MK ',1,NULL,'2018-04-30 04:16:53'),(3868,'030603075 ','Yulia Trisna, Dra. Apt., M.Pharm. ',1,NULL,'2018-04-30 04:16:53'),(3869,'196907311994032001 ','Yulia, Dr. S.Kp., M.N ',1,NULL,'2018-04-30 04:16:53'),(3870,'0108050354 ','Yunia Irawati, dr. Sp.M. ',1,NULL,'2018-04-30 04:16:53'),(3871,'197406161999032001 ','Yuniardini Septorini Wimardhani, Dr. drg. M.Sc.Dent ',1,NULL,'2018-04-30 04:16:53'),(3872,'195806221983032001 ','Yuniarti Soeroso, Dr. drg. Sp.Perio(K) ',1,NULL,'2018-04-30 04:16:53'),(3873,'196609191995011001 ','Yurnadi, Dr. Drs. M.Kes ',1,NULL,'2018-04-30 04:16:53'),(3874,'197208161997021001 ','Yusra, Dr. Sp.PK. ',1,NULL,'2018-04-30 04:16:53'),(3875,'140349969 ','Yuyun Listinawati, dr. SpOG ',1,NULL,'2018-04-30 04:16:53'),(3876,'101503002 ','Yvonne Magdalena Indrawani, Dr. drh. SU ',1,NULL,'2018-04-30 04:16:53'),(3877,'131965955 ','Zakaria, dr.',1,NULL,'2018-04-30 04:16:53'),(3878,'197303211998022001 ','Zakianis SKM., M.K.M ',1,NULL,'2018-04-30 04:16:53'),(3879,'195508141977061002 ','Zakiudin Munasir, dr. Sp.A(K) ',1,NULL,'2018-04-30 04:16:53'),(3880,'195910041987031008 ','Zanil Musa, dr. Sp.THT-KL(K) ',1,NULL,'2018-04-30 04:16:53'),(3881,'194903021975011001','Zarfiel Tafal, dr. MPH ',1,NULL,'2018-04-30 04:16:53'),(3882,'195106181977022001 ','Zaura Kiswarina Anggraeni, Dr.drg. MDS. ',1,NULL,'2018-04-30 04:16:53'),(3883,'101203017 ','Zulazmi Mamdy, dr. MPH ',1,NULL,'2018-04-30 04:16:53'),(3884,'140202407 ','Zulhasmar Syamsu, dr. S.H., SpF ',1,NULL,'2018-04-30 04:16:53'),(3885,'194711301973101001 ','Zuljasri Albar, Prof. dr. SpPD-KR ',1,NULL,'2018-04-30 04:16:53'),(3886,'195210101978111001 ','Zulkifli Amin, Dr. dr. SpPD ',1,NULL,'2018-04-30 04:16:53'),(3887,'195911271987031004 ','Zulkifli Djunaidi, Dr. dr. M.App.Sc ',1,NULL,'2018-04-30 04:16:53'),(3888,'101503010','Izhar Muhammad Fihir, dr.',1,NULL,'2018-04-30 04:16:53'),(3889,'010903287','Rahmawati Ridwan, Dr. Dra. Apt. MS.',1,NULL,'2018-04-30 04:16:53'),(3890,'198411122015042003','Shanti Farida Rachmi, S.Kep., M.Kep.',1,NULL,'2018-04-30 04:16:53'),(3891,'195002261976022001','Zunilda Djanun, dr. M.S., SpFK.',1,NULL,'2018-04-30 04:16:53'),(3892,'101203016','Pradnya Paramita, Dr. drg. MARS',1,NULL,'2018-04-30 04:16:53'),(3893,'171603002','Sara Wardhani, . M.Sc., Ph.D',1,NULL,'2018-04-30 04:16:53'),(3894,'198108272008122000','Imelda Rosalyn Sianipar, dr. M.Biomed.,Ph.D',1,NULL,'2018-04-30 04:16:53'),(3895,'171703006','Nuriza Ulul Azmi, M.Sc., Apt',1,NULL,'2018-04-30 04:16:53'),(3896,'171703002','Rosita Handayani, S.Farm., M.Si',1,NULL,'2018-04-30 04:16:53'),(3897,'171703003','Widya Dwi Aryati, S.Farm. M.Si. Apt',1,NULL,'2018-04-30 04:16:53'),(3898,'21703005','Gita Ariffa Sjarkawi, drg. M.Kes',1,NULL,'2018-04-30 04:16:53'),(3899,'21703007',' Atik Ramadhani, drg, Ph.D',1,NULL,'2018-04-30 04:16:53'),(3900,'0207050177','Dewa Ayu Nyoman Putri Artiningsih, Dr. drg.  Sp.KG(K)',1,NULL,'2018-04-30 04:16:53'),(3901,'197206062010012001','Tuti Afriani, Ns, S.Kep, M.Kep',1,NULL,'2018-04-30 04:16:53'),(3902,'171803001','Larasati Arrum Kusumawardani, M.Si',1,NULL,'2018-04-30 04:16:53'),(3903,'100211610203900991','Rizka Maulida, S.K.M., M.HSc',1,NULL,'2018-04-30 04:16:53'),(3904,'100211610291401991','Laksita Ri Hastiti, S.K.M., M.K.K.K',1,NULL,'2018-04-30 04:16:53'),(3905,'100120710272116891','Mufti Wirawan, S.Psi., M.K.K.K',1,NULL,'2018-04-30 04:16:53'),(3906,'011703044','Dean Handimulya Djumaryo, dr. Sp.P.K',1,NULL,'2018-04-30 04:16:53'),(3907,'031113009','Rina Rahmawati M.Farm',1,1,'2018-07-26 04:00:27');
/*!40000 ALTER TABLE `dosen` ENABLE KEYS */;
UNLOCK TABLES;

--
-- Table structure for table `dosen_fakultas`
--

DROP TABLE IF EXISTS `dosen_fakultas`;
/*!40101 SET @saved_cs_client     = @@character_set_client */;
/*!40101 SET character_set_client = utf8 */;
CREATE TABLE `dosen_fakultas` (
  `id` int(11) NOT NULL AUTO_INCREMENT,
  `dosen_id` int(11) NOT NULL,
  `fakultas_id` int(11) NOT NULL,
  `tahun_ajaran_id` int(11) NOT NULL,
  `user_created` int(11) NOT NULL,
  `user_updated` int(11) DEFAULT NULL,
  `update_time` datetime NOT NULL,
  PRIMARY KEY (`id`),
  KEY `fk-dosen_fakultas-dosen_id` (`dosen_id`),
  KEY `fk-dosen_fakultas-fakultas_id` (`fakultas_id`),
  KEY `fk-dosen_fakultas-tahun_ajaran_id` (`tahun_ajaran_id`),
  CONSTRAINT `fk-dosen_fakultas-dosen_id` FOREIGN KEY (`dosen_id`) REFERENCES `dosen` (`id`) ON DELETE CASCADE,
  CONSTRAINT `fk-dosen_fakultas-fakultas_id` FOREIGN KEY (`fakultas_id`) REFERENCES `fakultas` (`id`) ON DELETE CASCADE,
  CONSTRAINT `fk-dosen_fakultas-tahun_ajaran_id` FOREIGN KEY (`tahun_ajaran_id`) REFERENCES `tahun_ajaran` (`id`) ON DELETE CASCADE
) ENGINE=InnoDB AUTO_INCREMENT=28 DEFAULT CHARSET=latin1;
/*!40101 SET character_set_client = @saved_cs_client */;

--
-- Dumping data for table `dosen_fakultas`
--

LOCK TABLES `dosen_fakultas` WRITE;
/*!40000 ALTER TABLE `dosen_fakultas` DISABLE KEYS */;
INSERT INTO `dosen_fakultas` VALUES (1,2734,4,13,0,1,'2018-07-12 02:14:08'),(2,2813,4,13,0,1,'2018-07-12 02:14:08'),(3,3898,3,13,0,1,'2018-07-12 02:14:08'),(4,3580,6,13,0,1,'2018-07-12 02:14:08'),(5,3504,2,13,0,1,'2018-07-12 02:14:08'),(6,2774,5,13,0,1,'2018-07-12 02:14:08'),(8,3783,5,13,0,1,'2018-07-12 02:14:08'),(9,3902,5,13,0,1,'2018-07-12 02:14:08'),(10,2606,2,6,1,NULL,'2018-07-12 03:10:46'),(13,2606,2,6,1,NULL,'2018-07-12 04:45:46'),(14,2608,4,6,1,NULL,'2018-07-12 04:45:46'),(16,2606,2,14,1,NULL,'2018-07-24 01:11:33'),(17,2608,4,14,1,NULL,'2018-07-24 01:11:33'),(18,2607,6,14,1,NULL,'2018-07-24 01:18:10'),(19,2628,5,14,1,NULL,'2018-07-24 01:18:20'),(20,2626,7,14,1,NULL,'2018-07-24 01:18:28'),(21,2687,6,14,1,NULL,'2018-07-24 01:18:35'),(22,2677,2,14,1,NULL,'2018-07-25 07:09:45'),(23,2759,6,14,1,NULL,'2018-07-25 07:09:52'),(24,2739,5,14,1,NULL,'2018-07-25 07:10:04'),(25,2705,6,14,1,NULL,'2018-07-25 07:10:11'),(26,2746,5,14,1,NULL,'2018-07-25 07:10:18'),(27,2819,4,14,1,NULL,'2018-07-25 07:11:03');
/*!40000 ALTER TABLE `dosen_fakultas` ENABLE KEYS */;
UNLOCK TABLES;

--
-- Table structure for table `fakultas`
--

DROP TABLE IF EXISTS `fakultas`;
/*!40101 SET @saved_cs_client     = @@character_set_client */;
/*!40101 SET character_set_client = utf8 */;
CREATE TABLE `fakultas` (
  `id` int(11) NOT NULL AUTO_INCREMENT,
  `nama` varchar(100) NOT NULL,
  `keterangan` text,
  `user_created` int(11) NOT NULL,
  `user_updated` int(11) DEFAULT NULL,
  `update_time` datetime NOT NULL,
  PRIMARY KEY (`id`),
  UNIQUE KEY `nip-unique-fakultas` (`nama`)
) ENGINE=InnoDB AUTO_INCREMENT=8 DEFAULT CHARSET=latin1;
/*!40101 SET character_set_client = @saved_cs_client */;

--
-- Dumping data for table `fakultas`
--

LOCK TABLES `fakultas` WRITE;
/*!40000 ALTER TABLE `fakultas` DISABLE KEYS */;
INSERT INTO `fakultas` VALUES (2,'FKM','Fakultas Kesehatan Masyarakat',1,NULL,'2018-04-30 06:53:52'),(3,'FKG','Fakultas Kesehatan Gigi',1,NULL,'2018-04-30 06:53:52'),(4,'FK','Fakultas Kesehatan',1,NULL,'2018-04-30 06:53:52'),(5,'FF','Fakultas Farmasi',1,NULL,'2018-04-30 06:53:52'),(6,'FIK','Fakultas Ilmu Kesehatan',1,NULL,'2018-04-30 06:53:52'),(7,'FH','Fakultas Hukum',1,1,'2018-04-30 06:54:38');
/*!40000 ALTER TABLE `fakultas` ENABLE KEYS */;
UNLOCK TABLES;

--
-- Table structure for table `imbal_jasa`
--

DROP TABLE IF EXISTS `imbal_jasa`;
/*!40101 SET @saved_cs_client     = @@character_set_client */;
/*!40101 SET character_set_client = utf8 */;
CREATE TABLE `imbal_jasa` (
  `id` int(11) NOT NULL AUTO_INCREMENT,
  `tgl_kegiatan` datetime NOT NULL,
  `dosen_fakultas_id` int(11) NOT NULL,
  `transaksi_id` int(11) NOT NULL,
  `nip` varchar(30) NOT NULL,
  `nama_dosen` varchar(200) DEFAULT NULL,
  `nama_fakultas` varchar(100) DEFAULT NULL,
  `dosen_fakultas_id_digantikan` int(11) DEFAULT NULL,
  `nip_digantikan` varchar(30) DEFAULT NULL,
  `nama_dosen_digantikan` varchar(200) DEFAULT NULL,
  `nama_fakultas_digantikan` varchar(100) DEFAULT NULL,
  `module_tahun_ajaran_id` int(11) NOT NULL,
  `kelas_id` int(11) NOT NULL,
  `nama_kelas` varchar(100) DEFAULT NULL,
  `ruangan_id` int(11) NOT NULL,
  `nama_ruangan` varchar(100) DEFAULT NULL,
  `jam_mulai` time NOT NULL,
  `jam_selesai` time NOT NULL,
  `peran_hitung_id` int(11) NOT NULL,
  `peran_id` int(11) NOT NULL,
  `nama_peran` varchar(100) DEFAULT NULL,
  `jumlah_jam_rumus` int(11) NOT NULL,
  `transport` float DEFAULT NULL,
  `honor` float DEFAULT NULL,
  `keterangan` text,
  `user_created` int(11) NOT NULL,
  `user_updated` int(11) DEFAULT NULL,
  `update_time` datetime NOT NULL,
  PRIMARY KEY (`id`),
  KEY `fk-imbal_jasa-kelas_id` (`kelas_id`),
  KEY `fk-imbal_jasa-ruangan_id` (`ruangan_id`),
  KEY `fk-imbal_jasa-peran_hitung_id` (`peran_hitung_id`),
  KEY `fk-imbal_jasa-peran_id` (`peran_id`),
  KEY `fk-imbal_jasa-transaksi_id` (`transaksi_id`),
  KEY `fk-imbal_jasa-module_tahun_ajaran_id` (`module_tahun_ajaran_id`),
  CONSTRAINT `fk-imbal_jasa-kelas_id` FOREIGN KEY (`kelas_id`) REFERENCES `kelas` (`id`) ON DELETE CASCADE,
  CONSTRAINT `fk-imbal_jasa-module_tahun_ajaran_id` FOREIGN KEY (`module_tahun_ajaran_id`) REFERENCES `module_tahun_ajaran` (`id`) ON DELETE CASCADE,
  CONSTRAINT `fk-imbal_jasa-peran_hitung_id` FOREIGN KEY (`peran_hitung_id`) REFERENCES `peran_hitung` (`id`) ON DELETE CASCADE,
  CONSTRAINT `fk-imbal_jasa-peran_id` FOREIGN KEY (`peran_id`) REFERENCES `peran` (`id`) ON DELETE CASCADE,
  CONSTRAINT `fk-imbal_jasa-ruangan_id` FOREIGN KEY (`ruangan_id`) REFERENCES `ruangan` (`id`) ON DELETE CASCADE,
  CONSTRAINT `fk-imbal_jasa-transaksi_id` FOREIGN KEY (`transaksi_id`) REFERENCES `transaksi` (`id`) ON DELETE CASCADE
) ENGINE=InnoDB AUTO_INCREMENT=31 DEFAULT CHARSET=latin1;
/*!40101 SET character_set_client = @saved_cs_client */;

--
-- Dumping data for table `imbal_jasa`
--

LOCK TABLES `imbal_jasa` WRITE;
/*!40000 ALTER TABLE `imbal_jasa` DISABLE KEYS */;
INSERT INTO `imbal_jasa` VALUES (1,'2018-09-01 00:00:00',15,26,'195204011985031001','A. Rahman, Drs. M.Env. ','FKM',NULL,'',NULL,'',1,93,'IPE - P3',4,'K-B. 103 (150)','08:00:00','10:00:00',1,1,'Fasilitator',2,100000,400000,'',1,NULL,'2018-07-24 01:17:29'),(2,'2018-09-01 00:00:00',18,26,'195409181980031003','A. Winoto Suhartono, drg. M.Si. ','FIK',NULL,'',NULL,'',1,95,'IPE - P5',8,'K-C. 301 (233)','08:00:00','10:00:00',4,2,'Narasumber',2,100000,600000,'',1,NULL,'2018-07-24 01:42:35'),(3,'2018-09-01 00:00:00',19,26,'195302221982022001','Adiningsih Srilestari, dr. Sp.Ak., M.Epid. ','FF',NULL,'',NULL,'',1,92,'IPE - P2',9,'K-C. 303 (229)','08:00:00','10:00:00',7,3,'Tutor',2,75000,200000,'',1,NULL,'2018-07-24 01:42:54'),(4,'2018-09-01 00:00:00',21,26,'101003007','Amila Megraini S.E., MBA. ','FIK',18,'195409181980031003','A. Winoto Suhartono, drg. M.Si. ','FIK',1,95,'IPE - P5',41,'K-C.136 (20)','08:00:00','10:00:00',1,1,'Fasilitator',2,100000,400000,'',1,NULL,'2018-07-24 01:43:20'),(5,'2018-09-01 00:00:00',19,26,'195302221982022001','Adiningsih Srilestari, dr. Sp.Ak., M.Epid. ','FF',NULL,'',NULL,'',2,2,'MP-2',58,'K-C.233 (20)','08:00:00','10:00:00',2,1,'Fasilitator',2,100000,400000,'',1,NULL,'2018-07-24 01:43:40'),(6,'2018-09-01 00:00:00',21,26,'101003007','Amila Megraini S.E., MBA. ','FIK',17,'195510101981112001','AAAA Kusumawardhani, dr. Sp.KJ.(K) ','FK',2,3,'MP-3',24,'K-C.117 (20)','08:00:00','10:00:00',5,2,'Narasumber',2,100000,600000,'',1,NULL,'2018-07-24 01:44:05'),(7,'2018-09-01 00:00:00',19,26,'195302221982022001','Adiningsih Srilestari, dr. Sp.Ak., M.Epid. ','FF',NULL,'',NULL,'',2,4,'MP-4',43,'K-C.138 (20)','08:00:00','10:00:00',8,3,'Tutor',2,75000,200000,'',1,NULL,'2018-07-24 01:44:23'),(8,'2018-09-01 00:00:00',20,26,'101503009','Adi Sasongko, dr. M.A. ','FH',NULL,'',NULL,'',3,49,'PB - 2',23,'K-C.116 (20)','08:00:00','10:00:00',6,2,'Narasumber',2,100000,600000,'',1,NULL,'2018-07-24 01:46:46'),(9,'2018-09-01 00:00:00',19,26,'195302221982022001','Adiningsih Srilestari, dr. Sp.Ak., M.Epid. ','FF',NULL,'',NULL,'',3,51,'PB - 4',20,'K-C.113 (20)','08:00:00','10:00:00',9,3,'Tutor',2,75000,200000,'',1,NULL,'2018-07-24 01:47:02'),(10,'2018-09-03 00:00:00',18,26,'195409181980031003','A. Winoto Suhartono, drg. M.Si. ','FIK',NULL,'',NULL,'',1,94,'IPE - P4',4,'K-B. 103 (150)','08:00:00','10:00:00',4,2,'Narasumber',2,100000,600000,'',1,NULL,'2018-07-25 07:08:30'),(11,'2018-09-04 00:00:00',17,26,'195510101981112001','AAAA Kusumawardhani, dr. Sp.KJ.(K) ','FK',NULL,'',NULL,'',1,95,'IPE - P5',7,'K-C. 201 (200)','08:00:00','10:00:00',1,1,'Fasilitator',2,100000,400000,'',1,NULL,'2018-07-25 07:08:50'),(12,'2018-09-05 00:00:00',19,26,'195302221982022001','Adiningsih Srilestari, dr. Sp.Ak., M.Epid. ','FF',NULL,'',NULL,'',1,94,'IPE - P4',40,'K-C.135 (20)','08:00:00','10:00:00',7,3,'Tutor',2,75000,200000,'',1,NULL,'2018-07-25 07:09:15'),(13,'2018-09-05 00:00:00',26,26,'100111610262509891','Arif Arrahman M.Farm., Apt. ','FF',NULL,'',NULL,'',1,95,'IPE - P5',43,'K-C.138 (20)','08:00:00','10:00:00',1,1,'Fasilitator',2,100000,400000,'',1,NULL,'2018-07-25 07:11:46'),(14,'2018-09-04 00:00:00',24,26,'195604261983031002','Ariadna Adisattya Djais, drg. M.Biomed., Ph.D. ','FF',20,'101503009','Adi Sasongko, dr. M.A. ','FH',1,95,'IPE - P5',61,'K-C.236 (20)','08:00:00','10:00:00',4,2,'Narasumber',2,100000,600000,'',1,NULL,'2018-07-25 07:12:22'),(15,'2018-09-06 00:00:00',22,26,'196707011993032002','Allenidekania, Dr. S.Kp., M.Sc ','FKM',NULL,'',NULL,'',1,94,'IPE - P4',44,'K-C.139 (20)','08:00:00','10:00:00',7,3,'Tutor',2,75000,200000,'',1,NULL,'2018-07-25 07:13:11'),(16,'2018-09-06 00:00:00',21,26,'101003007','Amila Megraini S.E., MBA. ','FIK',NULL,'',NULL,'',1,95,'IPE - P5',47,'K-C.142 (20)','08:00:00','10:00:00',7,3,'Tutor',2,75000,200000,'',1,NULL,'2018-07-25 07:13:38'),(17,'2018-09-06 00:00:00',19,26,'195302221982022001','Adiningsih Srilestari, dr. Sp.Ak., M.Epid. ','FF',21,'101003007','Amila Megraini S.E., MBA. ','FIK',1,91,'IPE - P1',38,'K-C.133 (20)','08:00:00','10:00:00',7,3,'Tutor',2,75000,200000,'',1,NULL,'2018-07-25 07:14:02'),(18,'2018-09-13 00:00:00',27,26,'195810121984101001','Boy Subirosa Sabarguna, Dr. dr. MARS. ','FK',NULL,'',NULL,'',1,94,'IPE - P4',59,'K-C.234 (20)','08:00:00','10:00:00',1,1,'Fasilitator',2,100000,400000,'',1,NULL,'2018-07-25 07:16:15'),(19,'2018-09-13 00:00:00',24,26,'195604261983031002','Ariadna Adisattya Djais, drg. M.Biomed., Ph.D. ','FF',NULL,'',NULL,'',1,94,'IPE - P4',45,'K-C.140 (20)','08:00:00','10:00:00',4,2,'Narasumber',2,100000,600000,'',1,NULL,'2018-07-25 07:16:38'),(20,'2018-09-20 00:00:00',23,26,'196704051996071001','Arya Govinda Rooshoeroe, dr. SpPD, FINASIM ','FIK',17,'195510101981112001','AAAA Kusumawardhani, dr. Sp.KJ.(K) ','FK',1,94,'IPE - P4',21,'K-C.114 (20)','08:00:00','10:00:00',4,2,'Narasumber',2,100000,600000,'',1,NULL,'2018-07-25 07:17:10'),(21,'2018-09-20 00:00:00',20,26,'101503009','Adi Sasongko, dr. M.A. ','FH',NULL,'',NULL,'',1,96,'IPE - P6',47,'K-C.142 (20)','08:00:00','10:00:00',4,2,'Narasumber',2,100000,600000,'Kelas Kecil',1,NULL,'2018-07-25 07:19:11'),(22,'2018-09-21 00:00:00',25,26,'010603184','Andri Sanityoso Sulaiman, dr. SpPD ','FIK',NULL,'',NULL,'',1,94,'IPE - P4',112,'L-C.152','08:00:00','10:00:00',7,3,'Tutor',2,75000,200000,'',1,NULL,'2018-07-25 07:19:42'),(23,'2018-09-01 00:00:00',26,26,'100111610262509891','Arif Arrahman M.Farm., Apt. ','FF',20,'101503009','Adi Sasongko, dr. M.A. ','FH',1,95,'IPE - P5',4,'K-B. 103 (150)','08:00:00','10:00:00',4,2,'Narasumber',2,100000,600000,'',1,NULL,'2018-07-25 07:20:09'),(24,'2018-09-13 00:00:00',24,26,'195604261983031002','Ariadna Adisattya Djais, drg. M.Biomed., Ph.D. ','FF',NULL,'',NULL,'',1,95,'IPE - P5',44,'K-C.139 (20)','14:00:00','16:00:00',7,3,'Tutor',2,75000,200000,'',1,NULL,'2018-07-25 07:59:42'),(25,'2018-09-26 00:00:00',23,26,'196704051996071001','Arya Govinda Rooshoeroe, dr. SpPD, FINASIM ','FIK',NULL,'',NULL,'',1,94,'IPE - P4',6,'K-B. 203 (150)','08:00:00','10:00:00',4,2,'Narasumber',2,100000,600000,'',1,NULL,'2018-07-25 08:00:58'),(26,'2018-09-26 00:00:00',18,26,'195409181980031003','A. Winoto Suhartono, drg. M.Si. ','FIK',NULL,'',NULL,'',1,95,'IPE - P5',5,'K-B. 202 (100)','08:00:00','10:00:00',7,3,'Tutor',2,75000,200000,'',1,NULL,'2018-07-25 08:01:23'),(27,'2018-09-18 00:00:00',17,26,'195510101981112001','AAAA Kusumawardhani, dr. Sp.KJ.(K) ','FK',NULL,'',NULL,'',1,95,'IPE - P5',7,'K-C. 201 (200)','08:00:00','10:00:00',7,3,'Tutor',2,75000,200000,'',1,NULL,'2018-07-25 08:02:26'),(28,'2018-09-19 00:00:00',26,26,'100111610262509891','Arif Arrahman M.Farm., Apt. ','FF',NULL,'',NULL,'',1,95,'IPE - P5',34,'K-C.129 (20)','08:00:00','10:00:00',1,1,'Fasilitator',2,100000,400000,'',1,NULL,'2018-07-25 08:02:58'),(29,'2018-09-28 00:00:00',23,26,'196704051996071001','Arya Govinda Rooshoeroe, dr. SpPD, FINASIM ','FIK',NULL,'',NULL,'',1,94,'IPE - P4',5,'K-B. 202 (100)','08:00:00','10:00:00',4,2,'Narasumber',2,100000,600000,'',1,NULL,'2018-07-25 08:03:23'),(30,'2018-09-17 00:00:00',19,26,'195302221982022001','Adiningsih Srilestari, dr. Sp.Ak., M.Epid. ','FF',20,'101503009','Adi Sasongko, dr. M.A. ','FH',1,93,'IPE - P3',6,'K-B. 203 (150)','08:00:00','10:00:00',7,3,'Tutor',2,75000,200000,'',1,NULL,'2018-07-25 08:03:46');
/*!40000 ALTER TABLE `imbal_jasa` ENABLE KEYS */;
UNLOCK TABLES;

--
-- Table structure for table `imbal_jasa_bak`
--

DROP TABLE IF EXISTS `imbal_jasa_bak`;
/*!40101 SET @saved_cs_client     = @@character_set_client */;
/*!40101 SET character_set_client = utf8 */;
CREATE TABLE `imbal_jasa_bak` (
  `id` int(11) NOT NULL AUTO_INCREMENT,
  `tgl_kegiatan` datetime NOT NULL,
  `dosen_fakultas_id` int(11) NOT NULL,
  `transaksi_id` int(11) NOT NULL,
  `nip` int(11) NOT NULL,
  `nama_dosen` varchar(200) DEFAULT NULL,
  `nama_fakultas` varchar(100) DEFAULT NULL,
  `dosen_fakultas_id_digantikan` int(11) NOT NULL,
  `nip_digantikan` int(11) NOT NULL,
  `nama_dosen_digantikan` varchar(200) DEFAULT NULL,
  `nama_fakultas_digantikan` varchar(100) DEFAULT NULL,
  `module_id` int(11) NOT NULL,
  `nama_module` varchar(200) DEFAULT NULL,
  `kelas_id` int(11) NOT NULL,
  `nama_kelas` varchar(100) DEFAULT NULL,
  `ruangan_id` int(11) NOT NULL,
  `nama_ruangan` varchar(100) DEFAULT NULL,
  `jam_mulai` time NOT NULL,
  `jam_selesai` time NOT NULL,
  `peran_hitung_id` int(11) NOT NULL,
  `peran_id` int(11) NOT NULL,
  `nama_peran` varchar(100) DEFAULT NULL,
  `keterangan` text,
  `user_created` int(11) NOT NULL,
  `user_updated` int(11) DEFAULT NULL,
  `update_time` datetime NOT NULL,
  PRIMARY KEY (`id`)
) ENGINE=InnoDB DEFAULT CHARSET=latin1;
/*!40101 SET character_set_client = @saved_cs_client */;

--
-- Dumping data for table `imbal_jasa_bak`
--

LOCK TABLES `imbal_jasa_bak` WRITE;
/*!40000 ALTER TABLE `imbal_jasa_bak` DISABLE KEYS */;
/*!40000 ALTER TABLE `imbal_jasa_bak` ENABLE KEYS */;
UNLOCK TABLES;

--
-- Table structure for table `imbal_jasa_bak_ok`
--

DROP TABLE IF EXISTS `imbal_jasa_bak_ok`;
/*!40101 SET @saved_cs_client     = @@character_set_client */;
/*!40101 SET character_set_client = utf8 */;
CREATE TABLE `imbal_jasa_bak_ok` (
  `id` int(11) NOT NULL AUTO_INCREMENT,
  `tgl_kegiatan` datetime NOT NULL,
  `dosen_fakultas_id` int(11) NOT NULL,
  `transaksi_id` int(11) NOT NULL,
  `nip` varchar(30) NOT NULL,
  `nama_dosen` varchar(200) DEFAULT NULL,
  `nama_fakultas` varchar(100) DEFAULT NULL,
  `dosen_fakultas_id_digantikan` int(11) NOT NULL,
  `nip_digantikan` varchar(30) NOT NULL,
  `nama_dosen_digantikan` varchar(200) DEFAULT NULL,
  `nama_fakultas_digantikan` varchar(100) DEFAULT NULL,
  `module_id` int(11) NOT NULL,
  `nama_module` varchar(200) DEFAULT NULL,
  `kelas_id` int(11) NOT NULL,
  `nama_kelas` varchar(100) DEFAULT NULL,
  `ruangan_id` int(11) NOT NULL,
  `nama_ruangan` varchar(100) DEFAULT NULL,
  `jam_mulai` time NOT NULL,
  `jam_selesai` time NOT NULL,
  `peran_hitung_id` int(11) NOT NULL,
  `peran_id` int(11) NOT NULL,
  `nama_peran` varchar(100) DEFAULT NULL,
  `jumlah_jam_rumus` int(11) NOT NULL,
  `transport` float DEFAULT NULL,
  `honor` float DEFAULT NULL,
  `keterangan` text,
  `user_created` int(11) NOT NULL,
  `user_updated` int(11) DEFAULT NULL,
  `update_time` datetime NOT NULL,
  PRIMARY KEY (`id`)
) ENGINE=InnoDB AUTO_INCREMENT=6 DEFAULT CHARSET=latin1;
/*!40101 SET character_set_client = @saved_cs_client */;

--
-- Dumping data for table `imbal_jasa_bak_ok`
--

LOCK TABLES `imbal_jasa_bak_ok` WRITE;
/*!40000 ALTER TABLE `imbal_jasa_bak_ok` DISABLE KEYS */;
INSERT INTO `imbal_jasa_bak_ok` VALUES (5,'2018-05-30 00:00:00',1,19,'196404041994032001','Ari Estuningtyas, Dr. Dra. Apt., M.Biomed.','FK',2,'196802291998022001','Beti Ernawati Dewi, Dra. Ph.D. ','FK',2,'Metode Penelitian Kesehatan',3,'MP-3',5,'K-B. 202 (100)','08:00:00','10:00:00',10,2,'Narasumber',0,NULL,NULL,'',1,NULL,'2018-05-30 10:07:40');
/*!40000 ALTER TABLE `imbal_jasa_bak_ok` ENABLE KEYS */;
UNLOCK TABLES;

--
-- Table structure for table `jabatan`
--

DROP TABLE IF EXISTS `jabatan`;
/*!40101 SET @saved_cs_client     = @@character_set_client */;
/*!40101 SET character_set_client = utf8 */;
CREATE TABLE `jabatan` (
  `id` int(11) NOT NULL AUTO_INCREMENT,
  `nama` varchar(200) NOT NULL,
  `user_created` int(11) NOT NULL,
  `user_updated` int(11) DEFAULT NULL,
  `update_time` datetime NOT NULL,
  PRIMARY KEY (`id`)
) ENGINE=InnoDB AUTO_INCREMENT=4 DEFAULT CHARSET=latin1;
/*!40101 SET character_set_client = @saved_cs_client */;

--
-- Dumping data for table `jabatan`
--

LOCK TABLES `jabatan` WRITE;
/*!40000 ALTER TABLE `jabatan` DISABLE KEYS */;
INSERT INTO `jabatan` VALUES (1,'Pimpinan Akademik',1,NULL,'2018-07-26 03:30:58'),(2,'Koordinator Keuangan dan Sumber Daya Manusia',1,NULL,'2018-07-26 03:31:33'),(3,'Koordinator Umum dan Fasilitas',1,NULL,'2018-07-26 03:31:47');
/*!40000 ALTER TABLE `jabatan` ENABLE KEYS */;
UNLOCK TABLES;

--
-- Table structure for table `kelas`
--

DROP TABLE IF EXISTS `kelas`;
/*!40101 SET @saved_cs_client     = @@character_set_client */;
/*!40101 SET character_set_client = utf8 */;
CREATE TABLE `kelas` (
  `id` int(11) NOT NULL AUTO_INCREMENT,
  `nama` varchar(100) NOT NULL,
  `keterangan` text,
  `user_created` int(11) NOT NULL,
  `user_updated` int(11) DEFAULT NULL,
  `update_time` datetime NOT NULL,
  PRIMARY KEY (`id`),
  UNIQUE KEY `nip-unique-kelas` (`nama`)
) ENGINE=InnoDB AUTO_INCREMENT=138 DEFAULT CHARSET=latin1;
/*!40101 SET character_set_client = @saved_cs_client */;

--
-- Dumping data for table `kelas`
--

LOCK TABLES `kelas` WRITE;
/*!40000 ALTER TABLE `kelas` DISABLE KEYS */;
INSERT INTO `kelas` VALUES (1,'MP-1','Metode Penelitian Kesehatan',1,1,'2018-05-02 01:49:14'),(2,'MP-2',NULL,1,NULL,'2018-05-02 01:50:20'),(3,'MP-3',NULL,1,NULL,'2018-05-02 01:50:20'),(4,'MP-4',NULL,1,NULL,'2018-05-02 01:50:20'),(5,'MP-5',NULL,1,NULL,'2018-05-02 01:50:20'),(6,'MP-6',NULL,1,NULL,'2018-05-02 01:50:20'),(7,'MP-7',NULL,1,NULL,'2018-05-02 01:50:20'),(8,'MP-8',NULL,1,NULL,'2018-05-02 01:50:20'),(9,'MP-9',NULL,1,NULL,'2018-05-02 01:50:20'),(10,'MP-10',NULL,1,NULL,'2018-05-02 01:50:20'),(11,'MP-11',NULL,1,NULL,'2018-05-02 01:50:20'),(12,'MP-12',NULL,1,NULL,'2018-05-02 01:50:20'),(13,'MP-13',NULL,1,NULL,'2018-05-02 01:50:20'),(14,'MP-14',NULL,1,NULL,'2018-05-02 01:50:20'),(15,'MP-15',NULL,1,NULL,'2018-05-02 01:50:20'),(16,'MP-16',NULL,1,NULL,'2018-05-02 01:50:20'),(17,'MP-17',NULL,1,NULL,'2018-05-02 01:50:20'),(18,'MP-18',NULL,1,NULL,'2018-05-02 01:50:20'),(19,'MP-19',NULL,1,NULL,'2018-05-02 01:50:20'),(20,'MP-20',NULL,1,NULL,'2018-05-02 01:50:20'),(21,'MP-21',NULL,1,NULL,'2018-05-02 01:50:20'),(22,'MP-22',NULL,1,NULL,'2018-05-02 01:50:20'),(23,'MP-23',NULL,1,NULL,'2018-05-02 01:50:20'),(24,'MP-24',NULL,1,NULL,'2018-05-02 01:50:20'),(25,'MP-25',NULL,1,NULL,'2018-05-02 01:50:20'),(26,'MP-26',NULL,1,NULL,'2018-05-02 01:50:20'),(27,'MP-27',NULL,1,NULL,'2018-05-02 01:50:20'),(28,'MP-28',NULL,1,NULL,'2018-05-02 01:50:20'),(29,'MP-29',NULL,1,NULL,'2018-05-02 01:50:20'),(30,'MP-30',NULL,1,NULL,'2018-05-02 01:50:20'),(31,'MP-31',NULL,1,NULL,'2018-05-02 01:50:20'),(32,'MP-32',NULL,1,NULL,'2018-05-02 01:50:20'),(33,'MP-33',NULL,1,NULL,'2018-05-02 01:50:20'),(34,'MP-34',NULL,1,NULL,'2018-05-02 01:50:20'),(35,'MP-35',NULL,1,NULL,'2018-05-02 01:50:20'),(36,'MP-36',NULL,1,NULL,'2018-05-02 01:50:20'),(37,'MP-37',NULL,1,NULL,'2018-05-02 01:50:20'),(38,'MP-38',NULL,1,NULL,'2018-05-02 01:50:20'),(39,'MP-39',NULL,1,NULL,'2018-05-02 01:50:20'),(40,'MP-40',NULL,1,NULL,'2018-05-02 01:50:20'),(41,'MP-41',NULL,1,NULL,'2018-05-02 01:50:20'),(42,'MP-42',NULL,1,NULL,'2018-05-02 01:50:20'),(43,'MP-43',NULL,1,NULL,'2018-05-02 01:50:20'),(44,'MP-44',NULL,1,NULL,'2018-05-02 01:50:21'),(45,'MP-45',NULL,1,NULL,'2018-05-02 01:50:21'),(46,'MP-46',NULL,1,NULL,'2018-05-02 01:50:21'),(47,'MP-47',NULL,1,NULL,'2018-05-02 01:50:21'),(48,'PB - 1',NULL,1,NULL,'2018-05-02 01:57:33'),(49,'PB - 2',NULL,1,NULL,'2018-05-02 01:57:33'),(50,'PB - 3',NULL,1,NULL,'2018-05-02 01:57:33'),(51,'PB - 4',NULL,1,NULL,'2018-05-02 01:57:33'),(52,'PB - 5',NULL,1,NULL,'2018-05-02 01:57:33'),(53,'PB - 6',NULL,1,NULL,'2018-05-02 01:57:33'),(54,'PB - 7',NULL,1,NULL,'2018-05-02 01:57:33'),(55,'PB - 8',NULL,1,NULL,'2018-05-02 01:57:33'),(56,'PB - 9',NULL,1,NULL,'2018-05-02 01:57:33'),(57,'PB - 10',NULL,1,NULL,'2018-05-02 01:57:33'),(58,'PB - 11',NULL,1,NULL,'2018-05-02 01:57:33'),(59,'PB - 12',NULL,1,NULL,'2018-05-02 01:57:33'),(60,'PB - 13',NULL,1,NULL,'2018-05-02 01:57:33'),(61,'PB - 14',NULL,1,NULL,'2018-05-02 01:57:33'),(62,'PB - 15',NULL,1,NULL,'2018-05-02 01:57:33'),(63,'PB - 16',NULL,1,NULL,'2018-05-02 01:57:33'),(64,'PB - 17',NULL,1,NULL,'2018-05-02 01:57:33'),(65,'PB - 18',NULL,1,NULL,'2018-05-02 01:57:33'),(66,'PB - 19',NULL,1,NULL,'2018-05-02 01:57:33'),(67,'PB - 20',NULL,1,NULL,'2018-05-02 01:57:33'),(68,'PB - 21',NULL,1,NULL,'2018-05-02 01:57:33'),(69,'PB - 22',NULL,1,NULL,'2018-05-02 01:57:33'),(70,'PB - 23',NULL,1,NULL,'2018-05-02 01:57:33'),(71,'PB - 24',NULL,1,NULL,'2018-05-02 01:57:33'),(72,'PB - 25',NULL,1,NULL,'2018-05-02 01:57:33'),(73,'PB - 26',NULL,1,NULL,'2018-05-02 01:57:33'),(74,'PB - 27',NULL,1,NULL,'2018-05-02 01:57:33'),(75,'PB - 28',NULL,1,NULL,'2018-05-02 01:57:33'),(76,'PB - 29',NULL,1,NULL,'2018-05-02 01:57:33'),(77,'PB - 30',NULL,1,NULL,'2018-05-02 01:57:33'),(78,'PB - 31',NULL,1,NULL,'2018-05-02 01:57:33'),(79,'PB - 32',NULL,1,NULL,'2018-05-02 01:57:33'),(80,'PB - 33',NULL,1,NULL,'2018-05-02 01:57:33'),(81,'PB - 34',NULL,1,NULL,'2018-05-02 01:57:33'),(82,'PB - 35',NULL,1,NULL,'2018-05-02 01:57:33'),(83,'PB - 36',NULL,1,NULL,'2018-05-02 01:57:33'),(84,'PB - 37',NULL,1,NULL,'2018-05-02 01:57:33'),(85,'PB - 38',NULL,1,NULL,'2018-05-02 01:57:33'),(86,'PB - 39',NULL,1,NULL,'2018-05-02 01:57:33'),(87,'PB - 40',NULL,1,NULL,'2018-05-02 01:57:33'),(88,'PB - 41',NULL,1,NULL,'2018-05-02 01:57:33'),(89,'PB - 42',NULL,1,NULL,'2018-05-02 01:57:33'),(90,'PB - 43',NULL,1,NULL,'2018-05-02 01:57:33'),(91,'IPE - P1',NULL,1,NULL,'2018-05-02 01:57:33'),(92,'IPE - P2',NULL,1,NULL,'2018-05-02 01:57:33'),(93,'IPE - P3',NULL,1,NULL,'2018-05-02 01:57:33'),(94,'IPE - P4',NULL,1,NULL,'2018-05-02 01:57:33'),(95,'IPE - P5',NULL,1,NULL,'2018-05-02 01:57:33'),(96,'IPE - P6',NULL,1,NULL,'2018-05-02 01:57:33'),(97,'IPE - P7',NULL,1,NULL,'2018-05-02 01:57:33'),(98,'IPE - P8',NULL,1,NULL,'2018-05-02 01:57:33'),(99,'IPE - P9',NULL,1,NULL,'2018-05-02 01:57:33'),(100,'IPE - P10',NULL,1,NULL,'2018-05-02 01:57:33'),(101,'IPE - P11',NULL,1,NULL,'2018-05-02 01:57:33'),(102,'IPE - P12',NULL,1,NULL,'2018-05-02 01:57:33'),(103,'IPE - P13',NULL,1,NULL,'2018-05-02 01:57:33'),(104,'IPE - P14',NULL,1,NULL,'2018-05-02 01:57:33'),(105,'IPE - P15',NULL,1,NULL,'2018-05-02 01:57:33'),(106,'IPE - P16',NULL,1,NULL,'2018-05-02 01:57:33'),(107,'IPE - P17',NULL,1,NULL,'2018-05-02 01:57:33'),(108,'IPE - P18',NULL,1,NULL,'2018-05-02 01:57:33'),(109,'IPE - P19',NULL,1,NULL,'2018-05-02 01:57:33'),(110,'IPE - P20',NULL,1,NULL,'2018-05-02 01:57:33'),(111,'IPE - P21',NULL,1,NULL,'2018-05-02 01:57:33'),(112,'IPE - P22',NULL,1,NULL,'2018-05-02 01:57:33'),(113,'IPE - P23',NULL,1,NULL,'2018-05-02 01:57:33'),(114,'IPE - P24',NULL,1,NULL,'2018-05-02 01:57:33'),(115,'IPE - P25',NULL,1,NULL,'2018-05-02 01:57:33'),(116,'IPE - P26',NULL,1,NULL,'2018-05-02 01:57:33'),(117,'IPE - P27',NULL,1,NULL,'2018-05-02 01:57:33'),(118,'IPE - P28',NULL,1,NULL,'2018-05-02 01:57:33'),(119,'IPE - P29',NULL,1,NULL,'2018-05-02 01:57:33'),(120,'IPE - P30',NULL,1,NULL,'2018-05-02 01:57:33'),(121,'IPE - P31',NULL,1,NULL,'2018-05-02 01:57:33'),(122,'IPE - P32',NULL,1,NULL,'2018-05-02 01:57:34'),(123,'IPE - P33',NULL,1,NULL,'2018-05-02 01:57:34'),(124,'IPE - P34',NULL,1,NULL,'2018-05-02 01:57:34'),(125,'IPE - P35',NULL,1,NULL,'2018-05-02 01:57:34'),(126,'IPE - P36',NULL,1,NULL,'2018-05-02 01:57:34'),(127,'IPE - P37',NULL,1,NULL,'2018-05-02 01:57:34'),(128,'IPE - P38',NULL,1,NULL,'2018-05-02 01:57:34'),(129,'IPE - P39',NULL,1,NULL,'2018-05-02 01:57:34'),(130,'IPE - P40',NULL,1,NULL,'2018-05-02 01:57:34'),(131,'IPE - P41',NULL,1,NULL,'2018-05-02 01:57:34'),(132,'IPE - P42',NULL,1,NULL,'2018-05-02 01:57:34'),(133,'IPE - P43',NULL,1,NULL,'2018-05-02 01:57:34'),(134,'IPE - P44',NULL,1,NULL,'2018-05-02 01:57:34'),(135,'IPE - P45',NULL,1,NULL,'2018-05-02 01:57:34'),(136,'IPE - P46',NULL,1,NULL,'2018-05-02 01:57:34'),(137,'IPE - P47',NULL,1,NULL,'2018-05-02 01:57:34');
/*!40000 ALTER TABLE `kelas` ENABLE KEYS */;
UNLOCK TABLES;

--
-- Table structure for table `menu`
--

DROP TABLE IF EXISTS `menu`;
/*!40101 SET @saved_cs_client     = @@character_set_client */;
/*!40101 SET character_set_client = utf8 */;
CREATE TABLE `menu` (
  `id` int(11) NOT NULL AUTO_INCREMENT,
  `name` varchar(128) NOT NULL,
  `parent` int(11) DEFAULT NULL,
  `route` varchar(255) DEFAULT NULL,
  `order` int(11) DEFAULT NULL,
  `data` blob,
  PRIMARY KEY (`id`),
  KEY `parent` (`parent`),
  CONSTRAINT `menu_ibfk_1` FOREIGN KEY (`parent`) REFERENCES `menu` (`id`) ON DELETE SET NULL ON UPDATE CASCADE
) ENGINE=InnoDB DEFAULT CHARSET=utf8;
/*!40101 SET character_set_client = @saved_cs_client */;

--
-- Dumping data for table `menu`
--

LOCK TABLES `menu` WRITE;
/*!40000 ALTER TABLE `menu` DISABLE KEYS */;
/*!40000 ALTER TABLE `menu` ENABLE KEYS */;
UNLOCK TABLES;

--
-- Table structure for table `migration`
--

DROP TABLE IF EXISTS `migration`;
/*!40101 SET @saved_cs_client     = @@character_set_client */;
/*!40101 SET character_set_client = utf8 */;
CREATE TABLE `migration` (
  `version` varchar(180) NOT NULL,
  `apply_time` int(11) DEFAULT NULL,
  PRIMARY KEY (`version`)
) ENGINE=InnoDB DEFAULT CHARSET=latin1;
/*!40101 SET character_set_client = @saved_cs_client */;

--
-- Dumping data for table `migration`
--

LOCK TABLES `migration` WRITE;
/*!40000 ALTER TABLE `migration` DISABLE KEYS */;
INSERT INTO `migration` VALUES ('m000000_000000_base',1524017346),('m130524_201442_init',1524017364),('m140506_102106_rbac_init',1524457970),('m140602_111327_create_menu_table',1524457384),('m160312_050000_create_user',1524457384),('m170907_052038_rbac_add_index_on_auth_assignment_user_id',1524457970),('m180426_032627_dosen',1524734328),('m180430_043420_ruangan',1525063119),('m180430_063056_fakultas',1525070405),('m180502_011916_kelas',1525224128),('m180502_020627_module',1525226845),('m180503_024141_dosen_kelas',1525338174),('m180503_024156_module_kelas',1525742711),('m180503_024214_tahun_ajaran',1525338174),('m180503_031107_peran',1525338174),('m180503_033029_peran_hitung',1532394663),('m180507_020615_dosen_fakultas',1525680347),('m180511_090451_imbal_jasa',1532394362),('m180514_032940_transaksi',1526282534),('m180722_085756_module_tahun_ajaran',1532317885),('m180726_010548_noteijd',1532567899),('m180726_030551_jabatan',1532575473),('m180726_030900_personijd',1532575478);
/*!40000 ALTER TABLE `migration` ENABLE KEYS */;
UNLOCK TABLES;

--
-- Table structure for table `module`
--

DROP TABLE IF EXISTS `module`;
/*!40101 SET @saved_cs_client     = @@character_set_client */;
/*!40101 SET character_set_client = utf8 */;
CREATE TABLE `module` (
  `id` int(11) NOT NULL AUTO_INCREMENT,
  `nama` varchar(200) NOT NULL,
  `keterangan` text,
  `user_created` int(11) NOT NULL,
  `user_updated` int(11) DEFAULT NULL,
  `update_time` datetime NOT NULL,
  PRIMARY KEY (`id`)
) ENGINE=InnoDB AUTO_INCREMENT=4 DEFAULT CHARSET=latin1;
/*!40101 SET character_set_client = @saved_cs_client */;

--
-- Dumping data for table `module`
--

LOCK TABLES `module` WRITE;
/*!40000 ALTER TABLE `module` DISABLE KEYS */;
INSERT INTO `module` VALUES (1,'Kolaburasi 1','Module Kolab',1,NULL,'2018-05-02 02:13:41'),(2,'Metode Penelitian Kesehatan','Module Penelitian',1,1,'2018-05-09 08:08:14'),(3,'Pengelolaan Bencana','Pengben',1,NULL,'2018-05-02 02:14:34');
/*!40000 ALTER TABLE `module` ENABLE KEYS */;
UNLOCK TABLES;

--
-- Table structure for table `module_kelas`
--

DROP TABLE IF EXISTS `module_kelas`;
/*!40101 SET @saved_cs_client     = @@character_set_client */;
/*!40101 SET character_set_client = utf8 */;
CREATE TABLE `module_kelas` (
  `id` int(11) NOT NULL AUTO_INCREMENT,
  `module_id` int(11) NOT NULL,
  `kelas_id` int(11) NOT NULL,
  `tahun_ajaran_id` int(11) NOT NULL,
  `user_created` int(11) NOT NULL,
  `user_updated` int(11) DEFAULT NULL,
  `update_time` datetime NOT NULL,
  PRIMARY KEY (`id`),
  KEY `fk-module_kelas-module_id` (`module_id`),
  KEY `fk-module_kelas-kelas_id` (`kelas_id`),
  KEY `fk-module_kelas-tahun_ajaran_id` (`tahun_ajaran_id`),
  CONSTRAINT `fk-module_kelas-kelas_id` FOREIGN KEY (`kelas_id`) REFERENCES `kelas` (`id`) ON DELETE CASCADE,
  CONSTRAINT `fk-module_kelas-module_id` FOREIGN KEY (`module_id`) REFERENCES `module` (`id`) ON DELETE CASCADE,
  CONSTRAINT `fk-module_kelas-tahun_ajaran_id` FOREIGN KEY (`tahun_ajaran_id`) REFERENCES `tahun_ajaran` (`id`) ON DELETE CASCADE
) ENGINE=InnoDB AUTO_INCREMENT=85 DEFAULT CHARSET=latin1;
/*!40101 SET character_set_client = @saved_cs_client */;

--
-- Dumping data for table `module_kelas`
--

LOCK TABLES `module_kelas` WRITE;
/*!40000 ALTER TABLE `module_kelas` DISABLE KEYS */;
INSERT INTO `module_kelas` VALUES (37,2,2,13,1,NULL,'2018-05-08 08:48:39'),(38,2,4,13,1,NULL,'2018-05-08 08:48:39'),(39,2,1,13,1,1,'2018-05-09 08:03:06'),(46,2,3,13,1,NULL,'2018-05-09 07:24:32'),(48,2,5,13,1,NULL,'2018-05-09 08:03:22'),(49,3,48,13,1,NULL,'2018-05-21 03:29:36'),(50,3,49,13,1,NULL,'2018-05-21 03:29:36'),(51,3,50,13,1,NULL,'2018-05-21 03:29:36'),(52,3,51,13,1,NULL,'2018-05-21 03:29:36'),(53,3,52,13,1,NULL,'2018-05-21 03:29:36'),(54,3,53,13,1,NULL,'2018-05-21 03:29:36'),(55,2,6,13,1,NULL,'2018-05-21 03:30:51'),(56,2,7,13,1,NULL,'2018-05-21 03:30:51'),(57,2,8,13,1,NULL,'2018-05-21 03:30:51'),(58,2,9,13,1,NULL,'2018-05-21 03:30:51'),(59,2,10,13,1,NULL,'2018-05-21 03:30:51'),(60,1,91,13,1,NULL,'2018-06-25 07:54:52'),(61,1,92,13,1,NULL,'2018-06-25 07:54:52'),(62,1,93,13,1,NULL,'2018-06-25 07:54:52'),(63,1,94,13,1,NULL,'2018-06-25 07:54:52'),(64,1,95,13,1,NULL,'2018-06-25 07:54:52'),(65,1,96,13,1,NULL,'2018-06-25 07:54:52'),(66,1,91,14,1,NULL,'2018-07-13 01:53:58'),(67,1,92,14,1,NULL,'2018-07-13 01:53:58'),(68,1,93,14,1,NULL,'2018-07-13 01:53:58'),(69,1,94,14,1,NULL,'2018-07-13 01:54:48'),(70,2,1,14,1,NULL,'2018-07-13 01:55:20'),(71,2,2,14,1,NULL,'2018-07-13 01:55:20'),(72,2,3,14,1,NULL,'2018-07-13 01:55:20'),(73,2,4,14,1,NULL,'2018-07-13 01:55:20'),(74,2,5,14,1,NULL,'2018-07-13 01:55:20'),(75,2,6,14,1,NULL,'2018-07-13 01:55:20'),(77,1,95,14,1,NULL,'2018-07-13 01:55:49'),(78,1,96,14,1,NULL,'2018-07-13 01:55:49'),(79,3,48,14,1,NULL,'2018-07-13 01:57:14'),(80,3,50,14,1,NULL,'2018-07-13 01:57:14'),(81,3,49,14,1,NULL,'2018-07-13 01:57:14'),(82,3,51,14,1,NULL,'2018-07-13 01:57:14'),(83,3,52,14,1,NULL,'2018-07-13 01:57:14'),(84,3,53,14,1,NULL,'2018-07-13 01:57:14');
/*!40000 ALTER TABLE `module_kelas` ENABLE KEYS */;
UNLOCK TABLES;

--
-- Table structure for table `module_tahun_ajaran`
--

DROP TABLE IF EXISTS `module_tahun_ajaran`;
/*!40101 SET @saved_cs_client     = @@character_set_client */;
/*!40101 SET character_set_client = utf8 */;
CREATE TABLE `module_tahun_ajaran` (
  `id` int(11) NOT NULL AUTO_INCREMENT,
  `module_id` int(11) NOT NULL,
  `nama` varchar(200) NOT NULL,
  `tahun_ajaran_id` int(11) NOT NULL,
  `periode` varchar(50) NOT NULL,
  `jumlah_sks` smallint(3) NOT NULL,
  `jumlah_menit_per_sks` smallint(3) NOT NULL DEFAULT '50',
  `user_created` int(11) NOT NULL,
  `user_updated` int(11) DEFAULT NULL,
  `update_time` datetime NOT NULL,
  PRIMARY KEY (`id`),
  KEY `fk-module_tahun_ajaran-module_id` (`module_id`),
  KEY `fk-module_tahun_ajaran-tahun_ajaran_id` (`tahun_ajaran_id`),
  CONSTRAINT `fk-module_tahun_ajaran-module_id` FOREIGN KEY (`module_id`) REFERENCES `module` (`id`) ON DELETE CASCADE,
  CONSTRAINT `fk-module_tahun_ajaran-tahun_ajaran_id` FOREIGN KEY (`tahun_ajaran_id`) REFERENCES `tahun_ajaran` (`id`) ON DELETE CASCADE
) ENGINE=InnoDB AUTO_INCREMENT=4 DEFAULT CHARSET=latin1;
/*!40101 SET character_set_client = @saved_cs_client */;

--
-- Dumping data for table `module_tahun_ajaran`
--

LOCK TABLES `module_tahun_ajaran` WRITE;
/*!40000 ALTER TABLE `module_tahun_ajaran` DISABLE KEYS */;
INSERT INTO `module_tahun_ajaran` VALUES (1,1,'Kolaburasi 1',14,'2018-2019',2,50,1,NULL,'2018-07-23 04:43:06'),(2,2,'Metode Penelitian Kesehatan',14,'2018-2019',2,50,1,NULL,'2018-07-23 04:43:13'),(3,3,'Pengelolaan Bencana',14,'2018-2019',2,50,1,NULL,'2018-07-23 04:43:24');
/*!40000 ALTER TABLE `module_tahun_ajaran` ENABLE KEYS */;
UNLOCK TABLES;

--
-- Table structure for table `noteijd`
--

DROP TABLE IF EXISTS `noteijd`;
/*!40101 SET @saved_cs_client     = @@character_set_client */;
/*!40101 SET character_set_client = utf8 */;
CREATE TABLE `noteijd` (
  `id` int(11) NOT NULL AUTO_INCREMENT,
  `title` text NOT NULL,
  `tahun_ajaran_id` int(11) NOT NULL,
  `no_urut` tinyint(3) NOT NULL,
  `user_created` int(11) NOT NULL,
  `user_updated` int(11) DEFAULT NULL,
  `update_time` datetime NOT NULL,
  PRIMARY KEY (`id`),
  KEY `fk-noteijd-tahun_ajaran_id` (`tahun_ajaran_id`),
  CONSTRAINT `fk-noteijd-tahun_ajaran_id` FOREIGN KEY (`tahun_ajaran_id`) REFERENCES `tahun_ajaran` (`id`) ON DELETE CASCADE
) ENGINE=InnoDB AUTO_INCREMENT=6 DEFAULT CHARSET=latin1;
/*!40101 SET character_set_client = @saved_cs_client */;

--
-- Dumping data for table `noteijd`
--

LOCK TABLES `noteijd` WRITE;
/*!40000 ALTER TABLE `noteijd` DISABLE KEYS */;
INSERT INTO `noteijd` VALUES (1,'Untuk 1 nama dosen maksimal boleh memegang 2 kelas diskusi dan agar dapat dibayarkan honornya maka dosen tersebut harus absen di 2 kelas tsb.',14,1,1,1,'2018-07-26 02:54:17'),(2,'Dosen dapat dikatagorikan sebagai narasumber apabila dalam kelas besar/pleno jumlah mahasiswa yang dipegang minimal 75 orang',14,2,1,1,'2018-07-26 02:54:35'),(3,'Jam Mulai dan Jam Selesai harus sesuai dengan SKS yang ada (utk 1 sesi diskusi 2 SKS setara dengan 2 jam)',14,3,1,1,'2018-07-26 02:54:48'),(4,'Kolom Honor Diterima sudah ada rumusnya jangan dirubah',14,4,1,1,'2018-07-26 02:55:04'),(5,'Kolom yang bisa di input manual adalah kolom modul, nama, kelas, tgl_kegiatan,jam mulai, jam selesai, peran, dan keterangan ',14,5,1,1,'2018-07-26 02:55:17');
/*!40000 ALTER TABLE `noteijd` ENABLE KEYS */;
UNLOCK TABLES;

--
-- Table structure for table `peran`
--

DROP TABLE IF EXISTS `peran`;
/*!40101 SET @saved_cs_client     = @@character_set_client */;
/*!40101 SET character_set_client = utf8 */;
CREATE TABLE `peran` (
  `id` int(11) NOT NULL AUTO_INCREMENT,
  `nama` varchar(100) NOT NULL,
  `keterangan` text,
  `user_created` int(11) NOT NULL,
  `user_updated` int(11) DEFAULT NULL,
  `update_time` datetime NOT NULL,
  PRIMARY KEY (`id`)
) ENGINE=InnoDB AUTO_INCREMENT=6 DEFAULT CHARSET=latin1;
/*!40101 SET character_set_client = @saved_cs_client */;

--
-- Dumping data for table `peran`
--

LOCK TABLES `peran` WRITE;
/*!40000 ALTER TABLE `peran` DISABLE KEYS */;
INSERT INTO `peran` VALUES (1,'Fasilitator','Peran Fasilitator',1,1,'2018-05-03 09:09:42'),(2,'Narasumber','Peran Narasumber',1,NULL,'2018-05-03 09:09:55'),(3,'Tutor','Peran Tutor',1,NULL,'2018-05-03 09:10:09'),(4,'Pembimbing Praktikum','Peran Pembimbing Praktikum\r\n',1,NULL,'2018-05-03 09:10:20'),(5,'Pembimbing Lapangan','Peran Pembimbing Lapangan',1,NULL,'2018-05-03 09:10:34');
/*!40000 ALTER TABLE `peran` ENABLE KEYS */;
UNLOCK TABLES;

--
-- Table structure for table `peran_hitung`
--

DROP TABLE IF EXISTS `peran_hitung`;
/*!40101 SET @saved_cs_client     = @@character_set_client */;
/*!40101 SET character_set_client = utf8 */;
CREATE TABLE `peran_hitung` (
  `id` int(11) NOT NULL AUTO_INCREMENT,
  `peran_id` int(11) NOT NULL,
  `module_tahun_ajaran_id` int(11) NOT NULL,
  `tahun_ajaran_id` int(11) NOT NULL,
  `bulan` smallint(2) NOT NULL,
  `tahun` smallint(4) NOT NULL,
  `jumlah_menit_hitung` smallint(6) NOT NULL DEFAULT '60' COMMENT 'per jam(dalam satuan menit)',
  `honor_menit_hitung` int(11) NOT NULL COMMENT 'nilai imbal jasa',
  `transport_hitung` int(11) DEFAULT NULL COMMENT 'transport imbal jasa',
  `volume_menit_pertemuan` smallint(3) NOT NULL DEFAULT '120',
  `keterangan` text,
  `user_created` int(11) NOT NULL,
  `user_updated` int(11) DEFAULT NULL,
  `update_time` datetime NOT NULL,
  PRIMARY KEY (`id`),
  KEY `fk-peran_hitung-peran_id` (`peran_id`),
  KEY `fk-peran_hitung-tahun_ajaran_id` (`tahun_ajaran_id`),
  KEY `fk-peran_hitung-module_tahun_ajaran_id` (`module_tahun_ajaran_id`),
  CONSTRAINT `fk-peran_hitung-module_tahun_ajaran_id` FOREIGN KEY (`module_tahun_ajaran_id`) REFERENCES `module_tahun_ajaran` (`id`) ON DELETE CASCADE,
  CONSTRAINT `fk-peran_hitung-peran_id` FOREIGN KEY (`peran_id`) REFERENCES `peran` (`id`) ON DELETE CASCADE,
  CONSTRAINT `fk-peran_hitung-tahun_ajaran_id` FOREIGN KEY (`tahun_ajaran_id`) REFERENCES `tahun_ajaran` (`id`) ON DELETE CASCADE
) ENGINE=InnoDB AUTO_INCREMENT=10 DEFAULT CHARSET=latin1;
/*!40101 SET character_set_client = @saved_cs_client */;

--
-- Dumping data for table `peran_hitung`
--

LOCK TABLES `peran_hitung` WRITE;
/*!40000 ALTER TABLE `peran_hitung` DISABLE KEYS */;
INSERT INTO `peran_hitung` VALUES (1,1,1,14,9,2018,60,200000,100000,120,'',1,NULL,'2018-07-24 01:12:17'),(2,1,2,14,9,2018,60,200000,100000,120,'',1,1,'2018-07-24 01:13:16'),(3,1,3,14,9,2018,60,200000,100000,120,'',1,NULL,'2018-07-24 01:13:30'),(4,2,1,14,9,2018,60,300000,100000,120,'',1,NULL,'2018-07-24 01:13:47'),(5,2,2,14,9,2018,60,300000,100000,120,'',1,NULL,'2018-07-24 01:14:02'),(6,2,3,14,9,2018,60,300000,100000,120,'',1,1,'2018-07-24 01:15:02'),(7,3,1,14,9,2018,60,100000,75000,120,'',1,1,'2018-07-24 01:15:25'),(8,3,2,14,9,2018,60,100000,75000,120,'',1,NULL,'2018-07-24 01:15:41'),(9,3,3,14,9,2018,60,100000,75000,120,'',1,NULL,'2018-07-24 01:16:02');
/*!40000 ALTER TABLE `peran_hitung` ENABLE KEYS */;
UNLOCK TABLES;

--
-- Table structure for table `personijd`
--

DROP TABLE IF EXISTS `personijd`;
/*!40101 SET @saved_cs_client     = @@character_set_client */;
/*!40101 SET character_set_client = utf8 */;
CREATE TABLE `personijd` (
  `id` int(11) NOT NULL AUTO_INCREMENT,
  `dosen_id` int(11) NOT NULL,
  `jabatan_id` int(11) NOT NULL,
  `tahun_ajaran_id` int(11) NOT NULL,
  `nip` varchar(50) NOT NULL,
  `nama` varchar(200) NOT NULL,
  `status` tinyint(3) NOT NULL COMMENT '1: aktif, 0: not aktif',
  `user_created` int(11) NOT NULL,
  `user_updated` int(11) DEFAULT NULL,
  `update_time` datetime NOT NULL,
  PRIMARY KEY (`id`),
  KEY `fk-personijd-jabatan_id` (`jabatan_id`),
  KEY `fk-personijd-dosen_id` (`dosen_id`),
  KEY `fk-personijd-tahun_ajaran_id` (`tahun_ajaran_id`),
  CONSTRAINT `fk-personijd-dosen_id` FOREIGN KEY (`dosen_id`) REFERENCES `dosen` (`id`) ON DELETE CASCADE,
  CONSTRAINT `fk-personijd-jabatan_id` FOREIGN KEY (`jabatan_id`) REFERENCES `jabatan` (`id`) ON DELETE CASCADE,
  CONSTRAINT `fk-personijd-tahun_ajaran_id` FOREIGN KEY (`tahun_ajaran_id`) REFERENCES `tahun_ajaran` (`id`) ON DELETE CASCADE
) ENGINE=InnoDB AUTO_INCREMENT=6 DEFAULT CHARSET=latin1;
/*!40101 SET character_set_client = @saved_cs_client */;

--
-- Dumping data for table `personijd`
--

LOCK TABLES `personijd` WRITE;
/*!40000 ALTER TABLE `personijd` DISABLE KEYS */;
INSERT INTO `personijd` VALUES (3,2677,1,14,'196707011993032002 ','Allenidekania, Dr. S.Kp., M.Sc ',1,1,NULL,'2018-07-26 03:53:45'),(4,2842,2,14,'196206081992032001 ','Caroline Endah Wuryaningsih, dra. M.Kes ',0,1,1,'2018-07-26 03:54:40'),(5,3907,3,14,'031113009','Rina Rahmawati M.Farm',1,1,NULL,'2018-07-26 04:00:55');
/*!40000 ALTER TABLE `personijd` ENABLE KEYS */;
UNLOCK TABLES;

--
-- Table structure for table `ruangan`
--

DROP TABLE IF EXISTS `ruangan`;
/*!40101 SET @saved_cs_client     = @@character_set_client */;
/*!40101 SET character_set_client = utf8 */;
CREATE TABLE `ruangan` (
  `id` int(11) NOT NULL AUTO_INCREMENT,
  `nama` varchar(100) NOT NULL,
  `kapasitas` smallint(3) DEFAULT NULL,
  `user_created` int(11) NOT NULL,
  `user_updated` int(11) DEFAULT NULL,
  `update_time` datetime NOT NULL,
  PRIMARY KEY (`id`)
) ENGINE=InnoDB AUTO_INCREMENT=120 DEFAULT CHARSET=latin1;
/*!40101 SET character_set_client = @saved_cs_client */;

--
-- Dumping data for table `ruangan`
--

LOCK TABLES `ruangan` WRITE;
/*!40000 ALTER TABLE `ruangan` DISABLE KEYS */;
INSERT INTO `ruangan` VALUES (2,'Auditorium (500)',500,1,NULL,'2018-04-30 06:16:42'),(3,'Common Hall RIK',NULL,1,NULL,'2018-04-30 06:16:42'),(4,'K-B. 103 (150)',150,1,NULL,'2018-04-30 06:16:42'),(5,'K-B. 202 (100)',100,1,NULL,'2018-04-30 06:16:42'),(6,'K-B. 203 (150)',150,1,NULL,'2018-04-30 06:16:42'),(7,'K-C. 201 (200)',200,1,NULL,'2018-04-30 06:16:42'),(8,'K-C. 301 (233)',233,1,NULL,'2018-04-30 06:16:42'),(9,'K-C. 303 (229)',229,1,NULL,'2018-04-30 06:16:43'),(10,'K-C.103 (20)',20,1,NULL,'2018-04-30 06:16:43'),(11,'K-C.104 (20)',20,1,NULL,'2018-04-30 06:16:43'),(12,'K-C.105 (20)',20,1,NULL,'2018-04-30 06:16:43'),(13,'K-C.106 (20)',20,1,NULL,'2018-04-30 06:16:43'),(14,'K-C.107 (20)',20,1,NULL,'2018-04-30 06:16:43'),(15,'K-C.108 (20)',20,1,NULL,'2018-04-30 06:16:43'),(16,'K-C.109 (20)',20,1,NULL,'2018-04-30 06:16:43'),(17,'K-C.110 (20)',20,1,NULL,'2018-04-30 06:16:43'),(18,'K-C.111 (20)',20,1,NULL,'2018-04-30 06:16:43'),(19,'K-C.112 (20)',20,1,NULL,'2018-04-30 06:16:43'),(20,'K-C.113 (20)',20,1,NULL,'2018-04-30 06:16:43'),(21,'K-C.114 (20)',20,1,NULL,'2018-04-30 06:16:43'),(22,'K-C.115 (20)',20,1,NULL,'2018-04-30 06:16:43'),(23,'K-C.116 (20)',20,1,NULL,'2018-04-30 06:16:43'),(24,'K-C.117 (20)',20,1,NULL,'2018-04-30 06:16:43'),(25,'K-C.118 (20)',20,1,NULL,'2018-04-30 06:16:43'),(26,'K-C.119 (20)',20,1,NULL,'2018-04-30 06:16:43'),(27,'K-C.120 (20)',20,1,NULL,'2018-04-30 06:16:43'),(28,'K-C.122 (20)',20,1,NULL,'2018-04-30 06:16:43'),(29,'K-C.123 (20)',20,1,NULL,'2018-04-30 06:16:43'),(30,'K-C.124 (20)',20,1,NULL,'2018-04-30 06:16:43'),(31,'K-C.125 (20)',20,1,NULL,'2018-04-30 06:16:43'),(32,'K-C.127 (20)',20,1,NULL,'2018-04-30 06:16:43'),(33,'K-C.128 (20)',20,1,NULL,'2018-04-30 06:16:43'),(34,'K-C.129 (20)',20,1,NULL,'2018-04-30 06:16:43'),(35,'K-C.130 (20)',20,1,NULL,'2018-04-30 06:16:43'),(36,'K-C.131 (20)',20,1,NULL,'2018-04-30 06:16:43'),(37,'K-C.132 (20)',20,1,NULL,'2018-04-30 06:16:43'),(38,'K-C.133 (20)',20,1,NULL,'2018-04-30 06:16:43'),(39,'K-C.134 (20)',20,1,NULL,'2018-04-30 06:16:43'),(40,'K-C.135 (20)',20,1,NULL,'2018-04-30 06:16:43'),(41,'K-C.136 (20)',20,1,NULL,'2018-04-30 06:16:43'),(42,'K-C.137 (20)',20,1,NULL,'2018-04-30 06:16:43'),(43,'K-C.138 (20)',20,1,NULL,'2018-04-30 06:16:43'),(44,'K-C.139 (20)',20,1,NULL,'2018-04-30 06:16:43'),(45,'K-C.140 (20)',20,1,NULL,'2018-04-30 06:16:43'),(46,'K-C.141 (20)',20,1,NULL,'2018-04-30 06:16:43'),(47,'K-C.142 (20)',20,1,NULL,'2018-04-30 06:16:43'),(48,'K-C.143 (20)',20,1,NULL,'2018-04-30 06:16:43'),(49,'K-C.144 (20)',20,1,NULL,'2018-04-30 06:16:43'),(50,'K-C.146 (20)',20,1,NULL,'2018-04-30 06:16:43'),(51,'K-C.147 (20)',20,1,NULL,'2018-04-30 06:16:43'),(52,'K-C.148 (20)',20,1,NULL,'2018-04-30 06:16:43'),(53,'K-C.149 (20)',20,1,NULL,'2018-04-30 06:16:43'),(54,'K-C.229 (20)',20,1,NULL,'2018-04-30 06:16:43'),(55,'K-C.230 (20)',20,1,NULL,'2018-04-30 06:16:43'),(56,'K-C.231 (20)',20,1,NULL,'2018-04-30 06:16:43'),(57,'K-C.232 (20)',20,1,NULL,'2018-04-30 06:16:43'),(58,'K-C.233 (20)',20,1,NULL,'2018-04-30 06:16:43'),(59,'K-C.234 (20)',20,1,NULL,'2018-04-30 06:16:43'),(60,'K-C.235 (20)',20,1,NULL,'2018-04-30 06:16:43'),(61,'K-C.236 (20)',20,1,NULL,'2018-04-30 06:16:43'),(62,'K-C.237 (20)',20,1,NULL,'2018-04-30 06:16:43'),(63,'K-C.238 (20)',20,1,NULL,'2018-04-30 06:16:43'),(64,'K-C.239 (20)',20,1,NULL,'2018-04-30 06:16:43'),(65,'K-C.240 (20)',20,1,NULL,'2018-04-30 06:16:43'),(66,'K-C.241 (20)',20,1,NULL,'2018-04-30 06:16:43'),(67,'K-C.242 (20)',20,1,NULL,'2018-04-30 06:16:43'),(68,'K-E. 101 (200)',200,1,NULL,'2018-04-30 06:16:43'),(69,'K-E. 202 (150)',150,1,NULL,'2018-04-30 06:16:43'),(70,'L-B. 104',NULL,1,NULL,'2018-04-30 06:16:43'),(71,'L-B. 107',NULL,1,NULL,'2018-04-30 06:16:43'),(72,'L-B. 204',NULL,1,NULL,'2018-04-30 06:16:43'),(73,'L-B. 207 (56)',56,1,NULL,'2018-04-30 06:16:43'),(74,'L-B. 208 (64)',64,1,NULL,'2018-04-30 06:16:43'),(75,'L-C. 203',NULL,1,NULL,'2018-04-30 06:16:43'),(76,'L-E. 104',NULL,1,NULL,'2018-04-30 06:16:43'),(77,'L-E. 107',NULL,1,NULL,'2018-04-30 06:16:43'),(78,'L-E. 204 (56)',56,1,NULL,'2018-04-30 06:16:43'),(79,'L-E. 205 (64)',64,1,NULL,'2018-04-30 06:16:43'),(80,'L-E. 207',NULL,1,NULL,'2018-04-30 06:16:43'),(81,'L-E. 305',NULL,1,NULL,'2018-04-30 06:16:43'),(82,'L-E. 308',NULL,1,NULL,'2018-04-30 06:16:43'),(83,'Lingkungan RIK UI',NULL,1,NULL,'2018-04-30 06:16:43'),(84,'P-C. 101',NULL,1,NULL,'2018-04-30 06:16:43'),(85,'P-C. 102',NULL,1,NULL,'2018-04-30 06:16:43'),(86,'P-E.410 (65)',65,1,NULL,'2018-04-30 06:16:43'),(87,'Wisma Makara UI',NULL,1,NULL,'2018-04-30 06:16:43'),(88,'K-C.121 (20)',20,1,NULL,'2018-04-30 06:16:43'),(89,'Ruang A1 FKM',NULL,1,NULL,'2018-04-30 06:16:43'),(90,'Ruang A2 FKM',NULL,1,NULL,'2018-04-30 06:16:43'),(91,'Ruang A3 FKM',NULL,1,NULL,'2018-04-30 06:16:43'),(92,'Aula FKM',NULL,1,NULL,'2018-04-30 06:16:43'),(93,'R Mahasiswa FKM',NULL,1,NULL,'2018-04-30 06:16:43'),(94,'Lab FIK UI',NULL,1,NULL,'2018-04-30 06:16:44'),(95,'Auditorium FIK',NULL,1,NULL,'2018-04-30 06:16:44'),(96,'K-C.126 (20)',20,1,NULL,'2018-04-30 06:22:48'),(97,'Lab FK Gd.IASTH LT.5',NULL,1,NULL,'2018-04-30 06:22:48'),(98,'K-C.205 (20)',20,1,NULL,'2018-04-30 06:22:48'),(99,'K-C.206 (20)',20,1,NULL,'2018-04-30 06:22:48'),(100,'K-C.207 (20)',20,1,NULL,'2018-04-30 06:22:48'),(101,'K-C.208 (20)',20,1,NULL,'2018-04-30 06:22:48'),(102,'K-C.209 (20)',20,1,NULL,'2018-04-30 06:22:48'),(103,'K-C.210 (20)',20,1,NULL,'2018-04-30 06:22:48'),(104,'K-C.211 (20)',20,1,NULL,'2018-04-30 06:22:48'),(105,'K-C.212 (20)',20,1,NULL,'2018-04-30 06:22:48'),(106,'K-C.213 (20)',20,1,NULL,'2018-04-30 06:22:48'),(107,'K-C.214 (20)',20,1,NULL,'2018-04-30 06:22:48'),(108,'K-C.215 (20)',20,1,NULL,'2018-04-30 06:22:48'),(109,'K-C.216 (20)',20,1,NULL,'2018-04-30 06:22:48'),(110,'K-C.215 (20)',20,1,NULL,'2018-04-30 06:22:48'),(111,'K-C.216 (20)',20,1,NULL,'2018-04-30 06:22:48'),(112,'L-C.152',NULL,1,NULL,'2018-04-30 06:22:48'),(113,'K-C.126(20)',20,1,NULL,'2018-04-30 06:22:48'),(114,'GDLN Salemba',NULL,1,NULL,'2018-04-30 06:22:48'),(115,'IMERI Salemba',NULL,1,NULL,'2018-04-30 06:22:48'),(116,'Teaching Theatre',NULL,1,NULL,'2018-04-30 06:22:48'),(117,'K-C.250 (20)',20,1,NULL,'2018-04-30 06:22:48'),(118,'K-C.251 (20)',20,1,NULL,'2018-04-30 06:22:48'),(119,'K-C.252 (20)',20,1,NULL,'2018-04-30 06:22:48');
/*!40000 ALTER TABLE `ruangan` ENABLE KEYS */;
UNLOCK TABLES;

--
-- Table structure for table `tahun_ajaran`
--

DROP TABLE IF EXISTS `tahun_ajaran`;
/*!40101 SET @saved_cs_client     = @@character_set_client */;
/*!40101 SET character_set_client = utf8 */;
CREATE TABLE `tahun_ajaran` (
  `id` int(11) NOT NULL AUTO_INCREMENT,
  `periode_awal` date NOT NULL,
  `periode_akhir` date NOT NULL,
  `periode` varchar(50) DEFAULT NULL,
  `status` smallint(1) DEFAULT '0',
  `user_created` int(11) NOT NULL,
  `user_updated` int(11) DEFAULT NULL,
  `update_time` datetime NOT NULL,
  PRIMARY KEY (`id`)
) ENGINE=InnoDB AUTO_INCREMENT=15 DEFAULT CHARSET=latin1;
/*!40101 SET character_set_client = @saved_cs_client */;

--
-- Dumping data for table `tahun_ajaran`
--

LOCK TABLES `tahun_ajaran` WRITE;
/*!40000 ALTER TABLE `tahun_ajaran` DISABLE KEYS */;
INSERT INTO `tahun_ajaran` VALUES (6,'2016-07-01','2017-06-01','2016-2017',0,1,1,'2018-07-03 06:49:03'),(13,'2017-06-01','2018-07-01','2017-2018',0,1,1,'2018-07-10 02:13:09'),(14,'2018-07-01','2019-06-01','2018-2019',1,1,1,'2018-07-10 09:04:32');
/*!40000 ALTER TABLE `tahun_ajaran` ENABLE KEYS */;
UNLOCK TABLES;

--
-- Table structure for table `transaksi`
--

DROP TABLE IF EXISTS `transaksi`;
/*!40101 SET @saved_cs_client     = @@character_set_client */;
/*!40101 SET character_set_client = utf8 */;
CREATE TABLE `transaksi` (
  `id` int(11) NOT NULL AUTO_INCREMENT,
  `no_transaksi` varchar(15) NOT NULL COMMENT 'Ym/IJD/xxx',
  `tgl_transaksi` datetime NOT NULL,
  `tahun_ajaran_id` int(11) NOT NULL,
  `bulan_tahun` date NOT NULL,
  `keterangan` text,
  `user_created` int(11) NOT NULL,
  `user_updated` int(11) DEFAULT NULL,
  `update_time` datetime NOT NULL,
  PRIMARY KEY (`id`),
  UNIQUE KEY `no_transaksi` (`no_transaksi`),
  UNIQUE KEY `no_transaksi-index-transaksi` (`no_transaksi`),
  UNIQUE KEY `bulan_tahun-index-transaksi` (`bulan_tahun`)
) ENGINE=InnoDB AUTO_INCREMENT=27 DEFAULT CHARSET=latin1;
/*!40101 SET character_set_client = @saved_cs_client */;

--
-- Dumping data for table `transaksi`
--

LOCK TABLES `transaksi` WRITE;
/*!40000 ALTER TABLE `transaksi` DISABLE KEYS */;
INSERT INTO `transaksi` VALUES (19,'201805/IJD/001','2018-05-14 07:48:59',13,'2018-05-01','Transaksi Bulan Mei',1,1,'2018-05-15 01:18:07'),(20,'201806/IJD/002','2018-05-14 07:49:12',13,'2018-06-01','Transaksi Bulan Juni',1,NULL,'2018-05-14 07:49:12'),(22,'201808/IJD/004','2018-05-14 07:54:12',13,'2018-08-01','Transaksi Bulan Agustus',1,1,'2018-05-14 07:55:34'),(23,'201807/IJD/005','2018-05-14 07:55:23',13,'2018-07-01','Transaksi Bulan Juli',1,NULL,'2018-05-14 07:55:23'),(25,'201810/IJD/007','2018-07-10 00:53:52',13,'2018-10-01','',1,NULL,'2018-07-10 00:53:52'),(26,'201809/IJD/008','2018-07-13 01:34:02',14,'2018-09-01','Imbal Jasa Bulan September 2018',1,1,'2018-07-13 01:34:15');
/*!40000 ALTER TABLE `transaksi` ENABLE KEYS */;
UNLOCK TABLES;

--
-- Table structure for table `user`
--

DROP TABLE IF EXISTS `user`;
/*!40101 SET @saved_cs_client     = @@character_set_client */;
/*!40101 SET character_set_client = utf8 */;
CREATE TABLE `user` (
  `id` int(11) NOT NULL AUTO_INCREMENT,
  `username` varchar(255) COLLATE utf8_unicode_ci NOT NULL,
  `auth_key` varchar(32) COLLATE utf8_unicode_ci NOT NULL,
  `password_hash` varchar(255) COLLATE utf8_unicode_ci NOT NULL,
  `password_reset_token` varchar(255) COLLATE utf8_unicode_ci DEFAULT NULL,
  `email` varchar(255) COLLATE utf8_unicode_ci NOT NULL,
  `status` smallint(6) NOT NULL DEFAULT '10',
  `created_at` int(11) NOT NULL,
  `updated_at` int(11) NOT NULL,
  PRIMARY KEY (`id`),
  UNIQUE KEY `username` (`username`),
  UNIQUE KEY `email` (`email`),
  UNIQUE KEY `password_reset_token` (`password_reset_token`)
) ENGINE=InnoDB AUTO_INCREMENT=3 DEFAULT CHARSET=utf8 COLLATE=utf8_unicode_ci;
/*!40101 SET character_set_client = @saved_cs_client */;

--
-- Dumping data for table `user`
--

LOCK TABLES `user` WRITE;
/*!40000 ALTER TABLE `user` DISABLE KEYS */;
INSERT INTO `user` VALUES (1,'Iwan','eA7QlLuqEqGSDRwIY2ORU3FG82DDE8tw','$2y$13$O.qs7EuvIT7pFiTB/9FS2usnR.maV8PnpIRFx7wSmXpq/lsumr.Om',NULL,'iwandevapps@gmail.com',10,1524620714,1524620714),(2,'Suhandi','zPlPZLM8TzQxOonVEVXs4S11Gy-dPala','$2y$13$raII1xdrwSbiEGuB9HW4GO/vZ5qjuH.ah7KwltQyF12MISi8D2hPW',NULL,'andie.mukhlish04@gmail.com',10,1524710748,1524710748);
/*!40000 ALTER TABLE `user` ENABLE KEYS */;
UNLOCK TABLES;
/*!40103 SET TIME_ZONE=@OLD_TIME_ZONE */;

/*!40101 SET SQL_MODE=@OLD_SQL_MODE */;
/*!40014 SET FOREIGN_KEY_CHECKS=@OLD_FOREIGN_KEY_CHECKS */;
/*!40014 SET UNIQUE_CHECKS=@OLD_UNIQUE_CHECKS */;
/*!40101 SET CHARACTER_SET_CLIENT=@OLD_CHARACTER_SET_CLIENT */;
/*!40101 SET CHARACTER_SET_RESULTS=@OLD_CHARACTER_SET_RESULTS */;
/*!40101 SET COLLATION_CONNECTION=@OLD_COLLATION_CONNECTION */;
/*!40111 SET SQL_NOTES=@OLD_SQL_NOTES */;

-- Dump completed on 2018-08-03  5:46:42
