-- MySQL dump 10.16  Distrib 10.3.9-MariaDB, for debian-linux-gnu (x86_64)
--
-- Host: localhost    Database: ijd_dev
-- ------------------------------------------------------
-- Server version	10.3.9-MariaDB-1:10.3.9+maria~bionic

/*!40101 SET @OLD_CHARACTER_SET_CLIENT=@@CHARACTER_SET_CLIENT */;
/*!40101 SET @OLD_CHARACTER_SET_RESULTS=@@CHARACTER_SET_RESULTS */;
/*!40101 SET @OLD_COLLATION_CONNECTION=@@COLLATION_CONNECTION */;
/*!40101 SET NAMES utf8 */;
/*!40103 SET @OLD_TIME_ZONE=@@TIME_ZONE */;
/*!40103 SET TIME_ZONE='+00:00' */;
/*!40014 SET @OLD_UNIQUE_CHECKS=@@UNIQUE_CHECKS, UNIQUE_CHECKS=0 */;
/*!40014 SET @OLD_FOREIGN_KEY_CHECKS=@@FOREIGN_KEY_CHECKS, FOREIGN_KEY_CHECKS=0 */;
/*!40101 SET @OLD_SQL_MODE=@@SQL_MODE, SQL_MODE='NO_AUTO_VALUE_ON_ZERO' */;
/*!40111 SET @OLD_SQL_NOTES=@@SQL_NOTES, SQL_NOTES=0 */;

--
-- Table structure for table `auth_assignment`
--

DROP TABLE IF EXISTS `auth_assignment`;
/*!40101 SET @saved_cs_client     = @@character_set_client */;
/*!40101 SET character_set_client = utf8 */;
CREATE TABLE `auth_assignment` (
  `item_name` varchar(64) COLLATE utf8_unicode_ci NOT NULL,
  `user_id` varchar(64) COLLATE utf8_unicode_ci NOT NULL,
  `created_at` int(11) DEFAULT NULL,
  PRIMARY KEY (`item_name`,`user_id`),
  KEY `auth_assignment_user_id_idx` (`user_id`),
  CONSTRAINT `auth_assignment_ibfk_1` FOREIGN KEY (`item_name`) REFERENCES `auth_item` (`name`) ON DELETE CASCADE ON UPDATE CASCADE
) ENGINE=InnoDB DEFAULT CHARSET=utf8 COLLATE=utf8_unicode_ci;
/*!40101 SET character_set_client = @saved_cs_client */;

--
-- Dumping data for table `auth_assignment`
--

LOCK TABLES `auth_assignment` WRITE;
/*!40000 ALTER TABLE `auth_assignment` DISABLE KEYS */;
INSERT INTO `auth_assignment` VALUES ('Admin','1',1534993623),('Akademik','3',1534993613),('Remun','4',1534995889);
/*!40000 ALTER TABLE `auth_assignment` ENABLE KEYS */;
UNLOCK TABLES;

--
-- Table structure for table `auth_item`
--

DROP TABLE IF EXISTS `auth_item`;
/*!40101 SET @saved_cs_client     = @@character_set_client */;
/*!40101 SET character_set_client = utf8 */;
CREATE TABLE `auth_item` (
  `name` varchar(64) COLLATE utf8_unicode_ci NOT NULL,
  `type` smallint(6) NOT NULL,
  `description` text COLLATE utf8_unicode_ci DEFAULT NULL,
  `rule_name` varchar(64) COLLATE utf8_unicode_ci DEFAULT NULL,
  `data` blob DEFAULT NULL,
  `created_at` int(11) DEFAULT NULL,
  `updated_at` int(11) DEFAULT NULL,
  PRIMARY KEY (`name`),
  KEY `rule_name` (`rule_name`),
  KEY `idx-auth_item-type` (`type`),
  CONSTRAINT `auth_item_ibfk_1` FOREIGN KEY (`rule_name`) REFERENCES `auth_rule` (`name`) ON DELETE SET NULL ON UPDATE CASCADE
) ENGINE=InnoDB DEFAULT CHARSET=utf8 COLLATE=utf8_unicode_ci;
/*!40101 SET character_set_client = @saved_cs_client */;

--
-- Dumping data for table `auth_item`
--

LOCK TABLES `auth_item` WRITE;
/*!40000 ALTER TABLE `auth_item` DISABLE KEYS */;
INSERT INTO `auth_item` VALUES ('/*',2,NULL,NULL,NULL,1534990560,1534990560),('/admin/*',2,NULL,NULL,NULL,1534990558,1534990558),('/admin/assignment/*',2,NULL,NULL,NULL,1534990557,1534990557),('/admin/assignment/assign',2,NULL,NULL,NULL,1534990557,1534990557),('/admin/assignment/index',2,NULL,NULL,NULL,1534990557,1534990557),('/admin/assignment/revoke',2,NULL,NULL,NULL,1534990557,1534990557),('/admin/assignment/view',2,NULL,NULL,NULL,1534990557,1534990557),('/admin/default/*',2,NULL,NULL,NULL,1534990557,1534990557),('/admin/default/index',2,NULL,NULL,NULL,1534990557,1534990557),('/admin/menu/*',2,NULL,NULL,NULL,1534990557,1534990557),('/admin/menu/create',2,NULL,NULL,NULL,1534990557,1534990557),('/admin/menu/delete',2,NULL,NULL,NULL,1534990557,1534990557),('/admin/menu/index',2,NULL,NULL,NULL,1534990557,1534990557),('/admin/menu/update',2,NULL,NULL,NULL,1534990557,1534990557),('/admin/menu/view',2,NULL,NULL,NULL,1534990557,1534990557),('/admin/permission/*',2,NULL,NULL,NULL,1534990557,1534990557),('/admin/permission/assign',2,NULL,NULL,NULL,1534990557,1534990557),('/admin/permission/create',2,NULL,NULL,NULL,1534990557,1534990557),('/admin/permission/delete',2,NULL,NULL,NULL,1534990557,1534990557),('/admin/permission/index',2,NULL,NULL,NULL,1534990557,1534990557),('/admin/permission/remove',2,NULL,NULL,NULL,1534990557,1534990557),('/admin/permission/update',2,NULL,NULL,NULL,1534990557,1534990557),('/admin/permission/view',2,NULL,NULL,NULL,1534990557,1534990557),('/admin/role/*',2,NULL,NULL,NULL,1534990557,1534990557),('/admin/role/assign',2,NULL,NULL,NULL,1534990557,1534990557),('/admin/role/create',2,NULL,NULL,NULL,1534990557,1534990557),('/admin/role/delete',2,NULL,NULL,NULL,1534990557,1534990557),('/admin/role/index',2,NULL,NULL,NULL,1534990557,1534990557),('/admin/role/remove',2,NULL,NULL,NULL,1534990557,1534990557),('/admin/role/update',2,NULL,NULL,NULL,1534990557,1534990557),('/admin/role/view',2,NULL,NULL,NULL,1534990557,1534990557),('/admin/route/*',2,NULL,NULL,NULL,1534990557,1534990557),('/admin/route/assign',2,NULL,NULL,NULL,1534990557,1534990557),('/admin/route/create',2,NULL,NULL,NULL,1534990557,1534990557),('/admin/route/index',2,NULL,NULL,NULL,1534990557,1534990557),('/admin/route/refresh',2,NULL,NULL,NULL,1534990557,1534990557),('/admin/route/remove',2,NULL,NULL,NULL,1534990557,1534990557),('/admin/rule/*',2,NULL,NULL,NULL,1534990558,1534990558),('/admin/rule/create',2,NULL,NULL,NULL,1534990557,1534990557),('/admin/rule/delete',2,NULL,NULL,NULL,1534990558,1534990558),('/admin/rule/index',2,NULL,NULL,NULL,1534990557,1534990557),('/admin/rule/update',2,NULL,NULL,NULL,1534990557,1534990557),('/admin/rule/view',2,NULL,NULL,NULL,1534990557,1534990557),('/admin/user/*',2,NULL,NULL,NULL,1534990558,1534990558),('/admin/user/activate',2,NULL,NULL,NULL,1534990558,1534990558),('/admin/user/change-password',2,NULL,NULL,NULL,1534990558,1534990558),('/admin/user/delete',2,NULL,NULL,NULL,1534990558,1534990558),('/admin/user/index',2,NULL,NULL,NULL,1534990558,1534990558),('/admin/user/login',2,NULL,NULL,NULL,1534990558,1534990558),('/admin/user/logout',2,NULL,NULL,NULL,1534990558,1534990558),('/admin/user/request-password-reset',2,NULL,NULL,NULL,1534990558,1534990558),('/admin/user/reset-password',2,NULL,NULL,NULL,1534990558,1534990558),('/admin/user/signup',2,NULL,NULL,NULL,1534990558,1534990558),('/admin/user/view',2,NULL,NULL,NULL,1534990558,1534990558),('/debug/*',2,NULL,NULL,NULL,1534990558,1534990558),('/debug/default/*',2,NULL,NULL,NULL,1534990558,1534990558),('/debug/default/db-explain',2,NULL,NULL,NULL,1534990558,1534990558),('/debug/default/download-mail',2,NULL,NULL,NULL,1534990558,1534990558),('/debug/default/index',2,NULL,NULL,NULL,1534990558,1534990558),('/debug/default/toolbar',2,NULL,NULL,NULL,1534990558,1534990558),('/debug/default/view',2,NULL,NULL,NULL,1534990558,1534990558),('/debug/user/*',2,NULL,NULL,NULL,1534990558,1534990558),('/debug/user/reset-identity',2,NULL,NULL,NULL,1534990558,1534990558),('/debug/user/set-identity',2,NULL,NULL,NULL,1534990558,1534990558),('/dosen/*',2,NULL,NULL,NULL,1534990558,1534990558),('/dosen/create',2,NULL,NULL,NULL,1534990558,1534990558),('/dosen/delete',2,NULL,NULL,NULL,1534990558,1534990558),('/dosen/download',2,NULL,NULL,NULL,1534990558,1534990558),('/dosen/import',2,NULL,NULL,NULL,1534990558,1534990558),('/dosen/index',2,NULL,NULL,NULL,1534990558,1534990558),('/dosen/update',2,NULL,NULL,NULL,1534990558,1534990558),('/dosen/view',2,NULL,NULL,NULL,1534990558,1534990558),('/dosenfakultas/*',2,NULL,NULL,NULL,1534990558,1534990558),('/dosenfakultas/adddosenrow',2,NULL,NULL,NULL,1534990558,1534990558),('/dosenfakultas/create',2,NULL,NULL,NULL,1534990558,1534990558),('/dosenfakultas/createtemplate',2,NULL,NULL,NULL,1534990558,1534990558),('/dosenfakultas/delete',2,NULL,NULL,NULL,1534990558,1534990558),('/dosenfakultas/index',2,NULL,NULL,NULL,1534990558,1534990558),('/dosenfakultas/sessiontemplate',2,NULL,NULL,NULL,1534990558,1534990558),('/dosenfakultas/update',2,NULL,NULL,NULL,1534990558,1534990558),('/dosenfakultas/view',2,NULL,NULL,NULL,1534990558,1534990558),('/export/*',2,NULL,NULL,NULL,1534990558,1534990558),('/export/pdfijd',2,NULL,NULL,NULL,1534990558,1534990558),('/export/pdfpivotdosen',2,NULL,NULL,NULL,1534990558,1534990558),('/export/pdfpivotfakultas',2,NULL,NULL,NULL,1534990558,1534990558),('/export/pdfpivotmodule',2,NULL,NULL,NULL,1534990558,1534990558),('/fakultas/*',2,NULL,NULL,NULL,1534990558,1534990558),('/fakultas/create',2,NULL,NULL,NULL,1534990558,1534990558),('/fakultas/delete',2,NULL,NULL,NULL,1534990558,1534990558),('/fakultas/import',2,NULL,NULL,NULL,1534990558,1534990558),('/fakultas/index',2,NULL,NULL,NULL,1534990558,1534990558),('/fakultas/update',2,NULL,NULL,NULL,1534990558,1534990558),('/fakultas/view',2,NULL,NULL,NULL,1534990558,1534990558),('/gii/*',2,NULL,NULL,NULL,1534990558,1534990558),('/gii/default/*',2,NULL,NULL,NULL,1534990558,1534990558),('/gii/default/action',2,NULL,NULL,NULL,1534990558,1534990558),('/gii/default/diff',2,NULL,NULL,NULL,1534990558,1534990558),('/gii/default/index',2,NULL,NULL,NULL,1534990558,1534990558),('/gii/default/preview',2,NULL,NULL,NULL,1534990558,1534990558),('/gii/default/view',2,NULL,NULL,NULL,1534990558,1534990558),('/imbaljasa/*',2,NULL,NULL,NULL,1534990558,1534990558),('/imbaljasa/create',2,NULL,NULL,NULL,1534990558,1534990558),('/imbaljasa/delete',2,NULL,NULL,NULL,1534990558,1534990558),('/imbaljasa/index',2,NULL,NULL,NULL,1534990558,1534990558),('/imbaljasa/update',2,NULL,NULL,NULL,1534990558,1534990558),('/imbaljasa/view',2,NULL,NULL,NULL,1534990558,1534990558),('/jabatan/*',2,NULL,NULL,NULL,1534990558,1534990558),('/jabatan/create',2,NULL,NULL,NULL,1534990558,1534990558),('/jabatan/delete',2,NULL,NULL,NULL,1534990558,1534990558),('/jabatan/index',2,NULL,NULL,NULL,1534990558,1534990558),('/jabatan/update',2,NULL,NULL,NULL,1534990558,1534990558),('/jabatan/view',2,NULL,NULL,NULL,1534990558,1534990558),('/kelas/*',2,NULL,NULL,NULL,1534990559,1534990559),('/kelas/create',2,NULL,NULL,NULL,1534990558,1534990558),('/kelas/delete',2,NULL,NULL,NULL,1534990558,1534990558),('/kelas/download',2,NULL,NULL,NULL,1534990559,1534990559),('/kelas/import',2,NULL,NULL,NULL,1534990559,1534990559),('/kelas/index',2,NULL,NULL,NULL,1534990558,1534990558),('/kelas/update',2,NULL,NULL,NULL,1534990558,1534990558),('/kelas/view',2,NULL,NULL,NULL,1534990558,1534990558),('/module/*',2,NULL,NULL,NULL,1534990559,1534990559),('/module/create',2,NULL,NULL,NULL,1534990559,1534990559),('/module/delete',2,NULL,NULL,NULL,1534990559,1534990559),('/module/index',2,NULL,NULL,NULL,1534990559,1534990559),('/module/update',2,NULL,NULL,NULL,1534990559,1534990559),('/module/view',2,NULL,NULL,NULL,1534990559,1534990559),('/modulekelas/*',2,NULL,NULL,NULL,1534990559,1534990559),('/modulekelas/create',2,NULL,NULL,NULL,1534990559,1534990559),('/modulekelas/delete',2,NULL,NULL,NULL,1534990559,1534990559),('/modulekelas/deleteall',2,NULL,NULL,NULL,1534990559,1534990559),('/modulekelas/index',2,NULL,NULL,NULL,1534990559,1534990559),('/modulekelas/update',2,NULL,NULL,NULL,1534990559,1534990559),('/modulekelas/view',2,NULL,NULL,NULL,1534990559,1534990559),('/moduletahunajaran/*',2,NULL,NULL,NULL,1534990559,1534990559),('/moduletahunajaran/create',2,NULL,NULL,NULL,1534990559,1534990559),('/moduletahunajaran/delete',2,NULL,NULL,NULL,1534990559,1534990559),('/moduletahunajaran/index',2,NULL,NULL,NULL,1534990559,1534990559),('/moduletahunajaran/update',2,NULL,NULL,NULL,1534990559,1534990559),('/moduletahunajaran/view',2,NULL,NULL,NULL,1534990559,1534990559),('/noteijd/*',2,NULL,NULL,NULL,1534990559,1534990559),('/noteijd/create',2,NULL,NULL,NULL,1534990559,1534990559),('/noteijd/delete',2,NULL,NULL,NULL,1534990559,1534990559),('/noteijd/index',2,NULL,NULL,NULL,1534990559,1534990559),('/noteijd/update',2,NULL,NULL,NULL,1534990559,1534990559),('/noteijd/view',2,NULL,NULL,NULL,1534990559,1534990559),('/peran/*',2,NULL,NULL,NULL,1534990559,1534990559),('/peran/create',2,NULL,NULL,NULL,1534990559,1534990559),('/peran/delete',2,NULL,NULL,NULL,1534990559,1534990559),('/peran/index',2,NULL,NULL,NULL,1534990559,1534990559),('/peran/update',2,NULL,NULL,NULL,1534990559,1534990559),('/peran/view',2,NULL,NULL,NULL,1534990559,1534990559),('/peranhitung/*',2,NULL,NULL,NULL,1534990559,1534990559),('/peranhitung/create',2,NULL,NULL,NULL,1534990559,1534990559),('/peranhitung/delete',2,NULL,NULL,NULL,1534990559,1534990559),('/peranhitung/index',2,NULL,NULL,NULL,1534990559,1534990559),('/peranhitung/update',2,NULL,NULL,NULL,1534990559,1534990559),('/peranhitung/view',2,NULL,NULL,NULL,1534990559,1534990559),('/personijd/*',2,NULL,NULL,NULL,1534990559,1534990559),('/personijd/create',2,NULL,NULL,NULL,1534990559,1534990559),('/personijd/delete',2,NULL,NULL,NULL,1534990559,1534990559),('/personijd/index',2,NULL,NULL,NULL,1534990559,1534990559),('/personijd/update',2,NULL,NULL,NULL,1534990559,1534990559),('/personijd/view',2,NULL,NULL,NULL,1534990559,1534990559),('/report/*',2,NULL,NULL,NULL,1534990559,1534990559),('/report/gabung',2,NULL,NULL,NULL,1534990559,1534990559),('/report/jsondosen',2,NULL,NULL,NULL,1534990559,1534990559),('/report/jsonreportgabung',2,NULL,NULL,NULL,1534990559,1534990559),('/report/jsonreportpivotdosen',2,NULL,NULL,NULL,1534990559,1534990559),('/report/jsonreportpivotfakultas',2,NULL,NULL,NULL,1534990559,1534990559),('/report/jsonreportpivotmodule',2,NULL,NULL,NULL,1534990559,1534990559),('/report/pivotdosen',2,NULL,NULL,NULL,1534990559,1534990559),('/report/pivotfakultas',2,NULL,NULL,NULL,1534990559,1534990559),('/report/pivotmodule',2,NULL,NULL,NULL,1534990559,1534990559),('/ruangan/*',2,NULL,NULL,NULL,1534990559,1534990559),('/ruangan/create',2,NULL,NULL,NULL,1534990559,1534990559),('/ruangan/delete',2,NULL,NULL,NULL,1534990559,1534990559),('/ruangan/download',2,NULL,NULL,NULL,1534990559,1534990559),('/ruangan/import',2,NULL,NULL,NULL,1534990559,1534990559),('/ruangan/index',2,NULL,NULL,NULL,1534990559,1534990559),('/ruangan/update',2,NULL,NULL,NULL,1534990559,1534990559),('/ruangan/view',2,NULL,NULL,NULL,1534990559,1534990559),('/site/*',2,NULL,NULL,NULL,1534990559,1534990559),('/site/error',2,NULL,NULL,NULL,1534990559,1534990559),('/site/index',2,NULL,NULL,NULL,1534990559,1534990559),('/site/login',2,NULL,NULL,NULL,1534990559,1534990559),('/site/logout',2,NULL,NULL,NULL,1534990559,1534990559),('/site/signup',2,NULL,NULL,NULL,1534990559,1534990559),('/tahunajaran/*',2,NULL,NULL,NULL,1534990485,1534990485),('/tahunajaran/create',2,NULL,NULL,NULL,1534990485,1534990485),('/tahunajaran/delete',2,NULL,NULL,NULL,1534990485,1534990485),('/tahunajaran/index',2,NULL,NULL,NULL,1534990485,1534990485),('/tahunajaran/update',2,NULL,NULL,NULL,1534990485,1534990485),('/tahunajaran/view',2,NULL,NULL,NULL,1534990485,1534990485),('/transaksi/*',2,NULL,NULL,NULL,1534990560,1534990560),('/transaksi/create',2,NULL,NULL,NULL,1534990560,1534990560),('/transaksi/delete',2,NULL,NULL,NULL,1534990560,1534990560),('/transaksi/dosenfakultas',2,NULL,NULL,NULL,1534990560,1534990560),('/transaksi/hitungimbaljasa',2,NULL,NULL,NULL,1534990560,1534990560),('/transaksi/imbaljasa',2,NULL,NULL,NULL,1534990560,1534990560),('/transaksi/index',2,NULL,NULL,NULL,1534990559,1534990559),('/transaksi/jsonimbaljasa',2,NULL,NULL,NULL,1534990560,1534990560),('/transaksi/jsonkelas',2,NULL,NULL,NULL,1534990560,1534990560),('/transaksi/jsonlihatkelas',2,NULL,NULL,NULL,1534990560,1534990560),('/transaksi/jsonmodule',2,NULL,NULL,NULL,1534990560,1534990560),('/transaksi/jsonperan',2,NULL,NULL,NULL,1534990560,1534990560),('/transaksi/jsonruang',2,NULL,NULL,NULL,1534990560,1534990560),('/transaksi/save',2,NULL,NULL,NULL,1534990560,1534990560),('/transaksi/update',2,NULL,NULL,NULL,1534990560,1534990560),('/transaksi/view',2,NULL,NULL,NULL,1534990559,1534990559),('Admin',1,'This is user admin application',NULL,NULL,1534993379,1534993806),('Akademik',1,'Role for user akademik to input data akademik while to used by user remun',NULL,NULL,1534990577,1534993780),('Akses Admin IJD',2,'Access for all menu, be carefully to change this permission',NULL,NULL,1534996312,1534996312),('Akses Data Master',2,'Persmission for user input data master',NULL,NULL,1534995944,1534995944),('Akses Hitung Peran',2,'Access for user input data hitung peran',NULL,NULL,1534996127,1534996127),('Akses Remun',2,'Access for menu remun ',NULL,NULL,1534994132,1534996176),('Akses Report',2,'Access menu report ',NULL,NULL,1534994325,1534996196),('Akses Tahun Ajaran',2,'Access tahun  ajaran for user',NULL,NULL,1535083477,1535083477),('Remun',1,'Role for insert data to Simbajadik UI',NULL,NULL,1534993683,1534994539);
/*!40000 ALTER TABLE `auth_item` ENABLE KEYS */;
UNLOCK TABLES;

--
-- Table structure for table `auth_item_child`
--

DROP TABLE IF EXISTS `auth_item_child`;
/*!40101 SET @saved_cs_client     = @@character_set_client */;
/*!40101 SET character_set_client = utf8 */;
CREATE TABLE `auth_item_child` (
  `parent` varchar(64) COLLATE utf8_unicode_ci NOT NULL,
  `child` varchar(64) COLLATE utf8_unicode_ci NOT NULL,
  PRIMARY KEY (`parent`,`child`),
  KEY `child` (`child`),
  CONSTRAINT `auth_item_child_ibfk_1` FOREIGN KEY (`parent`) REFERENCES `auth_item` (`name`) ON DELETE CASCADE ON UPDATE CASCADE,
  CONSTRAINT `auth_item_child_ibfk_2` FOREIGN KEY (`child`) REFERENCES `auth_item` (`name`) ON DELETE CASCADE ON UPDATE CASCADE
) ENGINE=InnoDB DEFAULT CHARSET=utf8 COLLATE=utf8_unicode_ci;
/*!40101 SET character_set_client = @saved_cs_client */;

--
-- Dumping data for table `auth_item_child`
--

LOCK TABLES `auth_item_child` WRITE;
/*!40000 ALTER TABLE `auth_item_child` DISABLE KEYS */;
INSERT INTO `auth_item_child` VALUES ('Admin','Akses Admin IJD'),('Akademik','Akses Data Master'),('Akademik','Akses Hitung Peran'),('Akademik','Akses Remun'),('Akademik','Akses Tahun Ajaran'),('Akses Admin IJD','/*'),('Akses Admin IJD','/admin/*'),('Akses Admin IJD','/admin/assignment/*'),('Akses Admin IJD','/admin/assignment/assign'),('Akses Admin IJD','/admin/assignment/index'),('Akses Admin IJD','/admin/assignment/revoke'),('Akses Admin IJD','/admin/assignment/view'),('Akses Admin IJD','/admin/default/*'),('Akses Admin IJD','/admin/default/index'),('Akses Admin IJD','/admin/menu/*'),('Akses Admin IJD','/admin/menu/create'),('Akses Admin IJD','/admin/menu/delete'),('Akses Admin IJD','/admin/menu/index'),('Akses Admin IJD','/admin/menu/update'),('Akses Admin IJD','/admin/menu/view'),('Akses Admin IJD','/admin/permission/*'),('Akses Admin IJD','/admin/permission/assign'),('Akses Admin IJD','/admin/permission/create'),('Akses Admin IJD','/admin/permission/delete'),('Akses Admin IJD','/admin/permission/index'),('Akses Admin IJD','/admin/permission/remove'),('Akses Admin IJD','/admin/permission/update'),('Akses Admin IJD','/admin/permission/view'),('Akses Admin IJD','/admin/role/*'),('Akses Admin IJD','/admin/role/assign'),('Akses Admin IJD','/admin/role/create'),('Akses Admin IJD','/admin/role/delete'),('Akses Admin IJD','/admin/role/index'),('Akses Admin IJD','/admin/role/remove'),('Akses Admin IJD','/admin/role/update'),('Akses Admin IJD','/admin/role/view'),('Akses Admin IJD','/admin/route/*'),('Akses Admin IJD','/admin/route/assign'),('Akses Admin IJD','/admin/route/create'),('Akses Admin IJD','/admin/route/index'),('Akses Admin IJD','/admin/route/refresh'),('Akses Admin IJD','/admin/route/remove'),('Akses Admin IJD','/admin/rule/*'),('Akses Admin IJD','/admin/rule/create'),('Akses Admin IJD','/admin/rule/delete'),('Akses Admin IJD','/admin/rule/index'),('Akses Admin IJD','/admin/rule/update'),('Akses Admin IJD','/admin/rule/view'),('Akses Admin IJD','/admin/user/*'),('Akses Admin IJD','/admin/user/activate'),('Akses Admin IJD','/admin/user/change-password'),('Akses Admin IJD','/admin/user/delete'),('Akses Admin IJD','/admin/user/index'),('Akses Admin IJD','/admin/user/login'),('Akses Admin IJD','/admin/user/logout'),('Akses Admin IJD','/admin/user/request-password-reset'),('Akses Admin IJD','/admin/user/reset-password'),('Akses Admin IJD','/admin/user/signup'),('Akses Admin IJD','/admin/user/view'),('Akses Admin IJD','/debug/*'),('Akses Admin IJD','/debug/default/*'),('Akses Admin IJD','/debug/default/db-explain'),('Akses Admin IJD','/debug/default/download-mail'),('Akses Admin IJD','/debug/default/index'),('Akses Admin IJD','/debug/default/toolbar'),('Akses Admin IJD','/debug/default/view'),('Akses Admin IJD','/debug/user/*'),('Akses Admin IJD','/debug/user/reset-identity'),('Akses Admin IJD','/debug/user/set-identity'),('Akses Admin IJD','/dosen/*'),('Akses Admin IJD','/dosen/create'),('Akses Admin IJD','/dosen/delete'),('Akses Admin IJD','/dosen/download'),('Akses Admin IJD','/dosen/import'),('Akses Admin IJD','/dosen/index'),('Akses Admin IJD','/dosen/update'),('Akses Admin IJD','/dosen/view'),('Akses Admin IJD','/dosenfakultas/*'),('Akses Admin IJD','/dosenfakultas/adddosenrow'),('Akses Admin IJD','/dosenfakultas/create'),('Akses Admin IJD','/dosenfakultas/createtemplate'),('Akses Admin IJD','/dosenfakultas/delete'),('Akses Admin IJD','/dosenfakultas/index'),('Akses Admin IJD','/dosenfakultas/sessiontemplate'),('Akses Admin IJD','/dosenfakultas/update'),('Akses Admin IJD','/dosenfakultas/view'),('Akses Admin IJD','/export/*'),('Akses Admin IJD','/export/pdfijd'),('Akses Admin IJD','/export/pdfpivotdosen'),('Akses Admin IJD','/export/pdfpivotfakultas'),('Akses Admin IJD','/export/pdfpivotmodule'),('Akses Admin IJD','/fakultas/*'),('Akses Admin IJD','/fakultas/create'),('Akses Admin IJD','/fakultas/delete'),('Akses Admin IJD','/fakultas/import'),('Akses Admin IJD','/fakultas/index'),('Akses Admin IJD','/fakultas/update'),('Akses Admin IJD','/fakultas/view'),('Akses Admin IJD','/gii/*'),('Akses Admin IJD','/gii/default/*'),('Akses Admin IJD','/gii/default/action'),('Akses Admin IJD','/gii/default/diff'),('Akses Admin IJD','/gii/default/index'),('Akses Admin IJD','/gii/default/preview'),('Akses Admin IJD','/gii/default/view'),('Akses Admin IJD','/imbaljasa/*'),('Akses Admin IJD','/imbaljasa/create'),('Akses Admin IJD','/imbaljasa/delete'),('Akses Admin IJD','/imbaljasa/index'),('Akses Admin IJD','/imbaljasa/update'),('Akses Admin IJD','/imbaljasa/view'),('Akses Admin IJD','/jabatan/*'),('Akses Admin IJD','/jabatan/create'),('Akses Admin IJD','/jabatan/delete'),('Akses Admin IJD','/jabatan/index'),('Akses Admin IJD','/jabatan/update'),('Akses Admin IJD','/jabatan/view'),('Akses Admin IJD','/kelas/*'),('Akses Admin IJD','/kelas/create'),('Akses Admin IJD','/kelas/delete'),('Akses Admin IJD','/kelas/download'),('Akses Admin IJD','/kelas/import'),('Akses Admin IJD','/kelas/index'),('Akses Admin IJD','/kelas/update'),('Akses Admin IJD','/kelas/view'),('Akses Admin IJD','/module/*'),('Akses Admin IJD','/module/create'),('Akses Admin IJD','/module/delete'),('Akses Admin IJD','/module/index'),('Akses Admin IJD','/module/update'),('Akses Admin IJD','/module/view'),('Akses Admin IJD','/modulekelas/*'),('Akses Admin IJD','/modulekelas/create'),('Akses Admin IJD','/modulekelas/delete'),('Akses Admin IJD','/modulekelas/deleteall'),('Akses Admin IJD','/modulekelas/index'),('Akses Admin IJD','/modulekelas/update'),('Akses Admin IJD','/modulekelas/view'),('Akses Admin IJD','/moduletahunajaran/*'),('Akses Admin IJD','/moduletahunajaran/create'),('Akses Admin IJD','/moduletahunajaran/delete'),('Akses Admin IJD','/moduletahunajaran/index'),('Akses Admin IJD','/moduletahunajaran/update'),('Akses Admin IJD','/moduletahunajaran/view'),('Akses Admin IJD','/noteijd/*'),('Akses Admin IJD','/noteijd/create'),('Akses Admin IJD','/noteijd/delete'),('Akses Admin IJD','/noteijd/index'),('Akses Admin IJD','/noteijd/update'),('Akses Admin IJD','/noteijd/view'),('Akses Admin IJD','/peran/*'),('Akses Admin IJD','/peran/create'),('Akses Admin IJD','/peran/delete'),('Akses Admin IJD','/peran/index'),('Akses Admin IJD','/peran/update'),('Akses Admin IJD','/peran/view'),('Akses Admin IJD','/peranhitung/*'),('Akses Admin IJD','/peranhitung/create'),('Akses Admin IJD','/peranhitung/delete'),('Akses Admin IJD','/peranhitung/index'),('Akses Admin IJD','/peranhitung/update'),('Akses Admin IJD','/peranhitung/view'),('Akses Admin IJD','/personijd/*'),('Akses Admin IJD','/personijd/create'),('Akses Admin IJD','/personijd/delete'),('Akses Admin IJD','/personijd/index'),('Akses Admin IJD','/personijd/update'),('Akses Admin IJD','/personijd/view'),('Akses Admin IJD','/report/*'),('Akses Admin IJD','/report/gabung'),('Akses Admin IJD','/report/jsondosen'),('Akses Admin IJD','/report/jsonreportgabung'),('Akses Admin IJD','/report/jsonreportpivotdosen'),('Akses Admin IJD','/report/jsonreportpivotfakultas'),('Akses Admin IJD','/report/jsonreportpivotmodule'),('Akses Admin IJD','/report/pivotdosen'),('Akses Admin IJD','/report/pivotfakultas'),('Akses Admin IJD','/report/pivotmodule'),('Akses Admin IJD','/ruangan/*'),('Akses Admin IJD','/ruangan/create'),('Akses Admin IJD','/ruangan/delete'),('Akses Admin IJD','/ruangan/download'),('Akses Admin IJD','/ruangan/import'),('Akses Admin IJD','/ruangan/index'),('Akses Admin IJD','/ruangan/update'),('Akses Admin IJD','/ruangan/view'),('Akses Admin IJD','/site/*'),('Akses Admin IJD','/site/error'),('Akses Admin IJD','/site/index'),('Akses Admin IJD','/site/login'),('Akses Admin IJD','/site/logout'),('Akses Admin IJD','/site/signup'),('Akses Admin IJD','/tahunajaran/*'),('Akses Admin IJD','/tahunajaran/create'),('Akses Admin IJD','/tahunajaran/delete'),('Akses Admin IJD','/tahunajaran/index'),('Akses Admin IJD','/tahunajaran/update'),('Akses Admin IJD','/tahunajaran/view'),('Akses Admin IJD','/transaksi/*'),('Akses Admin IJD','/transaksi/create'),('Akses Admin IJD','/transaksi/delete'),('Akses Admin IJD','/transaksi/dosenfakultas'),('Akses Admin IJD','/transaksi/hitungimbaljasa'),('Akses Admin IJD','/transaksi/imbaljasa'),('Akses Admin IJD','/transaksi/index'),('Akses Admin IJD','/transaksi/jsonimbaljasa'),('Akses Admin IJD','/transaksi/jsonkelas'),('Akses Admin IJD','/transaksi/jsonlihatkelas'),('Akses Admin IJD','/transaksi/jsonmodule'),('Akses Admin IJD','/transaksi/jsonperan'),('Akses Admin IJD','/transaksi/jsonruang'),('Akses Admin IJD','/transaksi/save'),('Akses Admin IJD','/transaksi/update'),('Akses Admin IJD','/transaksi/view'),('Akses Data Master','/dosen/*'),('Akses Data Master','/dosen/create'),('Akses Data Master','/dosen/delete'),('Akses Data Master','/dosen/download'),('Akses Data Master','/dosen/import'),('Akses Data Master','/dosen/index'),('Akses Data Master','/dosen/update'),('Akses Data Master','/dosen/view'),('Akses Data Master','/fakultas/*'),('Akses Data Master','/fakultas/create'),('Akses Data Master','/fakultas/delete'),('Akses Data Master','/fakultas/import'),('Akses Data Master','/fakultas/index'),('Akses Data Master','/fakultas/update'),('Akses Data Master','/fakultas/view'),('Akses Data Master','/jabatan/*'),('Akses Data Master','/jabatan/create'),('Akses Data Master','/jabatan/delete'),('Akses Data Master','/jabatan/index'),('Akses Data Master','/jabatan/update'),('Akses Data Master','/jabatan/view'),('Akses Data Master','/kelas/*'),('Akses Data Master','/kelas/create'),('Akses Data Master','/kelas/delete'),('Akses Data Master','/kelas/download'),('Akses Data Master','/kelas/import'),('Akses Data Master','/kelas/index'),('Akses Data Master','/kelas/update'),('Akses Data Master','/kelas/view'),('Akses Data Master','/module/*'),('Akses Data Master','/module/create'),('Akses Data Master','/module/delete'),('Akses Data Master','/module/index'),('Akses Data Master','/module/update'),('Akses Data Master','/module/view'),('Akses Data Master','/peran/*'),('Akses Data Master','/peran/create'),('Akses Data Master','/peran/delete'),('Akses Data Master','/peran/index'),('Akses Data Master','/peran/update'),('Akses Data Master','/peran/view'),('Akses Data Master','/ruangan/*'),('Akses Data Master','/ruangan/create'),('Akses Data Master','/ruangan/delete'),('Akses Data Master','/ruangan/download'),('Akses Data Master','/ruangan/import'),('Akses Data Master','/ruangan/index'),('Akses Data Master','/ruangan/update'),('Akses Data Master','/ruangan/view'),('Akses Data Master','/tahunajaran/*'),('Akses Data Master','/tahunajaran/create'),('Akses Data Master','/tahunajaran/delete'),('Akses Data Master','/tahunajaran/index'),('Akses Data Master','/tahunajaran/update'),('Akses Data Master','/tahunajaran/view'),('Akses Hitung Peran','/peranhitung/*'),('Akses Hitung Peran','/peranhitung/create'),('Akses Hitung Peran','/peranhitung/delete'),('Akses Hitung Peran','/peranhitung/index'),('Akses Hitung Peran','/peranhitung/update'),('Akses Hitung Peran','/peranhitung/view'),('Akses Remun','/transaksi/*'),('Akses Remun','/transaksi/create'),('Akses Remun','/transaksi/delete'),('Akses Remun','/transaksi/dosenfakultas'),('Akses Remun','/transaksi/hitungimbaljasa'),('Akses Remun','/transaksi/imbaljasa'),('Akses Remun','/transaksi/index'),('Akses Remun','/transaksi/jsonimbaljasa'),('Akses Remun','/transaksi/jsonkelas'),('Akses Remun','/transaksi/jsonlihatkelas'),('Akses Remun','/transaksi/jsonmodule'),('Akses Remun','/transaksi/jsonperan'),('Akses Remun','/transaksi/jsonruang'),('Akses Remun','/transaksi/save'),('Akses Remun','/transaksi/update'),('Akses Remun','/transaksi/view'),('Akses Report','/report/*'),('Akses Report','/report/gabung'),('Akses Report','/report/jsondosen'),('Akses Report','/report/jsonreportgabung'),('Akses Report','/report/jsonreportpivotdosen'),('Akses Report','/report/jsonreportpivotfakultas'),('Akses Report','/report/jsonreportpivotmodule'),('Akses Report','/report/pivotdosen'),('Akses Report','/report/pivotfakultas'),('Akses Report','/report/pivotmodule'),('Akses Tahun Ajaran','/dosenfakultas/*'),('Akses Tahun Ajaran','/dosenfakultas/adddosenrow'),('Akses Tahun Ajaran','/dosenfakultas/create'),('Akses Tahun Ajaran','/dosenfakultas/createtemplate'),('Akses Tahun Ajaran','/dosenfakultas/delete'),('Akses Tahun Ajaran','/dosenfakultas/index'),('Akses Tahun Ajaran','/dosenfakultas/sessiontemplate'),('Akses Tahun Ajaran','/dosenfakultas/update'),('Akses Tahun Ajaran','/dosenfakultas/view'),('Akses Tahun Ajaran','/modulekelas/*'),('Akses Tahun Ajaran','/modulekelas/create'),('Akses Tahun Ajaran','/modulekelas/delete'),('Akses Tahun Ajaran','/modulekelas/deleteall'),('Akses Tahun Ajaran','/modulekelas/index'),('Akses Tahun Ajaran','/modulekelas/update'),('Akses Tahun Ajaran','/modulekelas/view'),('Akses Tahun Ajaran','/moduletahunajaran/*'),('Akses Tahun Ajaran','/moduletahunajaran/create'),('Akses Tahun Ajaran','/moduletahunajaran/delete'),('Akses Tahun Ajaran','/moduletahunajaran/index'),('Akses Tahun Ajaran','/moduletahunajaran/update'),('Akses Tahun Ajaran','/moduletahunajaran/view'),('Akses Tahun Ajaran','/noteijd/*'),('Akses Tahun Ajaran','/noteijd/create'),('Akses Tahun Ajaran','/noteijd/delete'),('Akses Tahun Ajaran','/noteijd/index'),('Akses Tahun Ajaran','/noteijd/update'),('Akses Tahun Ajaran','/noteijd/view'),('Akses Tahun Ajaran','/personijd/*'),('Akses Tahun Ajaran','/personijd/create'),('Akses Tahun Ajaran','/personijd/delete'),('Akses Tahun Ajaran','/personijd/index'),('Akses Tahun Ajaran','/personijd/update'),('Akses Tahun Ajaran','/personijd/view'),('Akses Tahun Ajaran','/transaksi/dosenfakultas'),('Remun','Akses Remun'),('Remun','Akses Report');
/*!40000 ALTER TABLE `auth_item_child` ENABLE KEYS */;
UNLOCK TABLES;

--
-- Table structure for table `auth_rule`
--

DROP TABLE IF EXISTS `auth_rule`;
/*!40101 SET @saved_cs_client     = @@character_set_client */;
/*!40101 SET character_set_client = utf8 */;
CREATE TABLE `auth_rule` (
  `name` varchar(64) COLLATE utf8_unicode_ci NOT NULL,
  `data` blob DEFAULT NULL,
  `created_at` int(11) DEFAULT NULL,
  `updated_at` int(11) DEFAULT NULL,
  PRIMARY KEY (`name`)
) ENGINE=InnoDB DEFAULT CHARSET=utf8 COLLATE=utf8_unicode_ci;
/*!40101 SET character_set_client = @saved_cs_client */;

--
-- Dumping data for table `auth_rule`
--

LOCK TABLES `auth_rule` WRITE;
/*!40000 ALTER TABLE `auth_rule` DISABLE KEYS */;
/*!40000 ALTER TABLE `auth_rule` ENABLE KEYS */;
UNLOCK TABLES;

--
-- Table structure for table `dosen`
--

DROP TABLE IF EXISTS `dosen`;
/*!40101 SET @saved_cs_client     = @@character_set_client */;
/*!40101 SET character_set_client = utf8 */;
CREATE TABLE `dosen` (
  `id` int(11) NOT NULL AUTO_INCREMENT,
  `nip` varchar(50) NOT NULL,
  `nama` varchar(200) NOT NULL,
  `user_created` int(11) NOT NULL,
  `user_updated` int(11) DEFAULT NULL,
  `update_time` datetime NOT NULL,
  PRIMARY KEY (`id`),
  UNIQUE KEY `nip` (`nip`),
  UNIQUE KEY `nip-index-dosen` (`nip`)
) ENGINE=InnoDB AUTO_INCREMENT=1297 DEFAULT CHARSET=latin1;
/*!40101 SET character_set_client = @saved_cs_client */;

--
-- Dumping data for table `dosen`
--

LOCK TABLES `dosen` WRITE;
/*!40000 ALTER TABLE `dosen` DISABLE KEYS */;
INSERT INTO `dosen` VALUES (1,'195204011985031001 ','A. Rahman, Drs. M.Env. ',1,NULL,'2018-08-28 02:36:43'),(2,'195409181980031003 ','A. Winoto Suhartono, drg. M.Si. ',1,NULL,'2018-08-28 02:36:43'),(3,'195510101981112001 ','AAAA Kusumawardhani, dr. Sp.KJ.(K) ',1,NULL,'2018-08-28 02:36:43'),(4,'195906141986021001 ','Abdul Latif, drg. Sp.BM (K) ',1,NULL,'2018-08-28 02:36:43'),(5,'196412311991031039 ','Abdul Mun\'im, Dr. M.Si. Apt ',1,NULL,'2018-08-28 02:36:43'),(6,'010602133 ','Abidin Widjanarko, Dr. dr. Sp.PD-KHOM ',1,NULL,'2018-08-28 02:36:43'),(7,'195410231977112001 ','Achir Yani S. Hamid, Prof. MN., DN.Sc ',1,NULL,'2018-08-28 02:36:43'),(8,'0107050252 ','Achmad Fauzi Kamal, Dr. dr. Sp.OT. ',1,NULL,'2018-08-28 02:36:43'),(9,'196701241996031001 ','Achmad Fauzi, Dr. SpPD ',1,NULL,'2018-08-28 02:36:43'),(10,'195008121979031001 ','Achmad Hudoyo, dr. Sp.P(K) ',1,NULL,'2018-08-28 02:36:43'),(11,'011403030 ','Achmad Juandy, dr. Sp.M. ',1,NULL,'2018-08-28 02:36:43'),(12,'100140310281608791 ','Achmad Kemal Harzif, dr. Sp.OG. ',1,NULL,'2018-08-28 02:36:43'),(13,'196210011987031005 ','Achmad Kurnia, dr. SpB.(K)Onk ',1,NULL,'2018-08-28 02:36:43'),(14,'011003042 ','Achmad Mulawarman Jayusman, dr. Sp.P.(K). ',1,NULL,'2018-08-28 02:36:43'),(15,'195503171980121001 ','Adang Bachtiar, dr. MPH., DSc ',1,NULL,'2018-08-28 02:36:43'),(16,'197204101998022001 ','Ade Arsianti, Dr. S.Si., M.Si. ',1,NULL,'2018-08-28 02:36:43'),(17,'198108272010121002 ','Ade Firmansyah Sugiharto, dr. Sp.F. ',1,NULL,'2018-08-28 02:36:43'),(18,'140176678 ','Ade Jeanne Domina, dr. L.Tobing SpKO ',1,NULL,'2018-08-28 02:36:44'),(19,'101503008 ','Adenan S.T., M.K.K.K. ',1,NULL,'2018-08-28 02:36:44'),(20,'011303002 ','Adhimukti Tathyahita Sampurna, dr. Sp.K.K. ',1,NULL,'2018-08-28 02:36:44'),(21,'101503009 ','Adi Sasongko, dr. M.A. ',1,NULL,'2018-08-28 02:36:44'),(22,'101203010 ','Adik Wibowo, Prof. Dr. dr. MPH ',1,NULL,'2018-08-28 02:36:44'),(23,'195302221982022001 ','Adiningsih Srilestari, dr. Sp.Ak., M.Epid. ',1,NULL,'2018-08-28 02:36:44'),(24,'198403072009122005 ','Adisti Dwijayanti, dr. M.Biomed. ',1,NULL,'2018-08-28 02:36:44'),(25,'011003043 ','Aditya Suryansyah, dr. SpA ',1,NULL,'2018-08-28 02:36:44'),(26,'010903162 ','Aditya Wadhana, dr. SpBP ',1,NULL,'2018-08-28 02:36:44'),(27,'140175159 ','Adre Mayza, Dr. SpS(K) ',1,NULL,'2018-08-28 02:36:44'),(28,'010903160 ','Adria Rusli, dr. Sp.P. ',1,NULL,'2018-08-28 02:36:44'),(29,'195207201977022001 ','Afi Savitri Soetojo, drg. Sp.PM ',1,NULL,'2018-08-28 02:36:44'),(30,'140187036 ','Agi Satria Putranto, dr. SpB(K)BD ',1,NULL,'2018-08-28 02:36:44'),(31,'196205041990032002 ','Agnes Kurniawan, Prof. dr. Ph.D., SpParK ',1,NULL,'2018-08-28 02:36:44'),(32,'011003044 ','Agnes Praptiwi, dr. SpA ',1,NULL,'2018-08-28 02:36:44'),(33,'196306281991032002 ','Agnes Riyanti Inge Permadhi, Dr. dr. Sp.GK. ',1,NULL,'2018-08-28 02:36:44'),(34,'011503011 ','Agnes Stephanie Harahap, dr. Sp.PA ',1,NULL,'2018-08-28 02:36:44'),(35,'011003045 ','Agnes Yunie Purwita Sari, dr. SpA ',1,NULL,'2018-08-28 02:36:44'),(36,'195503021980032001 ','Agoeng Tjahajani Sarwono, drg. M.S. ',1,NULL,'2018-08-28 02:36:44'),(37,'010603037 ','Agung P. Sutiyoso, dr. Sp.OT ',1,NULL,'2018-08-28 02:36:44'),(38,'196909191994031001 ','Agung Waluyo S.Kp., M.Sc., Ph.D. ',1,NULL,'2018-08-28 02:36:44'),(39,'010903467 ','Agung Wibawanto, dr. SpB., SpBTKV ',1,NULL,'2018-08-28 02:36:44'),(40,'195307221989031001 ','Agus Aulung, Drs. M.Biomed ',1,NULL,'2018-08-28 02:36:44'),(41,'010903159 ','Agus Dwi Susanto, dr. Sp.P. ',1,NULL,'2018-08-28 02:36:44'),(42,'195208071977081001 ','Agus Firmansyah, Prof. Dr. dr. Sp.A(K) ',1,NULL,'2018-08-28 02:36:44'),(43,'195411091980031004 ','Agus Purwadianto, Prof. Dr. dr. DFM., S.H., M.Si.Sp.F(K) ',1,NULL,'2018-08-28 02:36:44'),(44,'101403003 ','Agus Rahmanto S.K.M., M.A.R.S ',1,NULL,'2018-08-28 02:36:44'),(45,'197706112009121002 ','Agus Rizal Ardy Hariandy Hamid, dr. Sp.U ',1,NULL,'2018-08-28 02:36:44'),(46,'195508161988031001','Agus Sardjono, Prof. Dr. S.H., M.H.',1,NULL,'2018-08-28 02:36:44'),(47,'197508052008121001 ','Agus Setiawan S.Kp., MN., D.N. ',1,NULL,'2018-08-28 02:36:44'),(48,'010603162 ','Agus Sugiharto, drg. M.A.R.S. ',1,NULL,'2018-08-28 02:36:44'),(49,'140192075 ','Agus Surur, dr. SpOG ',1,NULL,'2018-08-28 02:36:44'),(50,'195303301979021001 ','Agus Syahrurachman, Prof. dr. Ph.D., SpMK ',1,NULL,'2018-08-28 02:36:44'),(51,'131103009 ','Agustin Indracahyani, Ns. S.Kep., M.Sc. ',1,NULL,'2018-08-28 02:36:44'),(52,'196108141987032001 ','Agustin Kusumayati, dr. M.Sc., Ph.D. ',1,NULL,'2018-08-28 02:36:44'),(53,'196512041992031003 ','Ahmad Aulia, dr. Ph.D. ',1,NULL,'2018-08-28 02:36:44'),(54,'198604072014041001 ','Ahmad Fuady, dr. M.Sc. ',1,NULL,'2018-08-28 02:36:44'),(55,'196908042008121001 ','Ahmad Syafiq, Ir. M.Sc., Ph.D ',1,NULL,'2018-08-28 02:36:44'),(56,'010903153 ','Ahmad Yani, dr. Sp.BA ',1,NULL,'2018-08-28 02:36:44'),(57,'011103009 ','Ahmad Yanuar Safri, dr. Sp.S ',1,NULL,'2018-08-28 02:36:44'),(58,'140159444 ','Aida Lydia, dr. SpPD ',1,NULL,'2018-08-28 02:36:44'),(59,'140373872 ','Aida Rosita Tantri, dr. SpAn ',1,NULL,'2018-08-28 02:36:44'),(60,'195210011980032001 ','Aida Suryadiredja, dr. Sp.KK(K) ',1,NULL,'2018-08-28 02:36:44'),(61,'198008152010121003 ','Akhmadu, dr. Sp.B ',1,NULL,'2018-08-28 02:36:44'),(62,'195507271980101001 ','Akmal Taher, Prof. Dr. dr. SpU(K) ',1,NULL,'2018-08-28 02:36:44'),(63,'011203006 ','Aldy Heriwardito, dr. Sp.An. ',1,NULL,'2018-08-28 02:36:44'),(64,'010903148 ','Alexander Jayadi, dr. ',1,NULL,'2018-08-28 02:36:44'),(65,'197812042009121002 ','Alfan Mahdi Nugroho, dr. Sp.An. ',1,NULL,'2018-08-28 02:36:44'),(66,'131103004 ','Alfani Prima Kusumasari, Ns. S.Kep., M.Kep. ',1,NULL,'2018-08-28 02:36:44'),(67,'195409231980121001 ','Alfian Farid Hafil, dr. Sp.THT-KL(K) ',1,NULL,'2018-08-28 02:36:44'),(68,'195105101983101001 ','Ali Baziad, Prof. Dr. Med. SpOG(K) ',1,NULL,'2018-08-28 02:36:44'),(69,'196609291999031001 ','Ali Sungkar, Dr. dr. SpOG(K) ',1,NULL,'2018-08-28 02:36:44'),(70,'011503024 ','Alida Roswita Harahap, dr. SpPK(K), PhD ',1,NULL,'2018-08-28 02:36:44'),(71,'011003048 ','Alinda Rubiaty, Dr. SpA ',1,NULL,'2018-08-28 02:36:44'),(72,'196707011993032002 ','Allenidekania, Dr. S.Kp., M.Sc ',1,NULL,'2018-08-28 02:36:44'),(73,'196203141990101001 ','Al-Rasyid, Sp.S(K) ',1,NULL,'2018-08-28 02:36:44'),(74,'198207312014042001 ','Alvina Widhani, dr. Sp.P.D. ',1,NULL,'2018-08-28 02:36:44'),(75,'195007051976031002 ','Amal Chalik Sjaaf, S.KM., Dr.PH ',1,NULL,'2018-08-28 02:36:44'),(76,'195711231987011001 ','Aman B Pulungan, dr. Sp.A(K) ',1,NULL,'2018-08-28 02:36:44'),(77,'011603005 ','Amanda Pitarini Utari, dr. Sp.P.D. ',1,NULL,'2018-08-28 02:36:44'),(78,'197612132009122003 ','Amanda Tiksnadi, dr. Sp.S. ',1,NULL,'2018-08-28 02:36:44'),(79,'011003049 ','Amar Widhiani Adisasmito, dr. SpA(K) ',1,NULL,'2018-08-28 02:36:44'),(80,'196410031990032002 ','Amarila Malik, Prof. Dr. Apt., M.Si ',1,NULL,'2018-08-28 02:36:44'),(81,'195410251978032002 ','Ambar Wahyuningsih SKM., MOH. ',1,NULL,'2018-08-28 02:36:44'),(82,'101003007 ','Amila Megraini S.E., MBA. ',1,NULL,'2018-08-28 02:36:44'),(83,'010603194 ','Amiliana Mardiani Soesanto, dr. SpJP(K) ',1,NULL,'2018-08-28 02:36:44'),(84,'195307021979021002 ','Amin Subandrio W. Kusumo, Prof. dr. Ph.D., SpMK ',1,NULL,'2018-08-28 02:36:44'),(85,'197612242009121002 ','Amir Shidik, dr. SpM ',1,NULL,'2018-08-28 02:36:44'),(86,'011003050 ','Amril Amirman Burhany, Dr. SpA(K), MM ',1,NULL,'2018-08-28 02:36:44'),(87,'021403005 ','Amrita Widyagarini, drg. Sp.K.G.A ',1,NULL,'2018-08-28 02:36:45'),(88,'197704102008122002 ','Anandina Irmagita, drg. SpPM ',1,NULL,'2018-08-28 02:36:45'),(89,'011503007 ','Anas Alatas, dr. Sp.An ',1,NULL,'2018-08-28 02:36:45'),(90,'140081814 ','Andang H. Joesoef, dr. SpJP(K) ',1,NULL,'2018-08-28 02:36:45'),(91,'011003015 ','Andhika Rachman, Dr. dr. SpPD ',1,NULL,'2018-08-28 02:36:45'),(92,'197109282000032001 ','Andi Ade Wijaya, Dr. SpAn ',1,NULL,'2018-08-28 02:36:45'),(93,'195907201984101001 ','Andi Arus Viktor, Dr. SpM ',1,NULL,'2018-08-28 02:36:45'),(94,'196903151999071001 ','Andi Darma Putra, dr. SpOG ',1,NULL,'2018-08-28 02:36:45'),(95,'011003133 ','Andi Darwis, Dr. SpRad(K) ',1,NULL,'2018-08-28 02:36:45'),(96,'0106050121 ','Andi Yasmon, Dr. S.Pi., M.Biomed. ',1,NULL,'2018-08-28 02:36:45'),(97,'011603001 ','Andika Chandra Putra, dr. Ph.D., Sp.P ',1,NULL,'2018-08-28 02:36:45'),(98,'196011271985121001 ','Andon Hestiantoro, dr. SpOG(K) ',1,NULL,'2018-08-28 02:36:45'),(99,'196811051999031001 ','Andri Maruli Tua Lubis, Dr. dr. SpOT ',1,NULL,'2018-08-28 02:36:45'),(100,'010603184 ','Andri Sanityoso Sulaiman, dr. SpPD ',1,NULL,'2018-08-28 02:36:45'),(101,'0106050070 ','Andri Sanityoso Sulaiman, dr. SpPD ',1,NULL,'2018-08-28 02:36:45'),(102,'195308071978041001 ','Andrijono, Prof.Dr. dr. SpOG(K) ',1,NULL,'2018-08-28 02:36:45'),(103,'194802141980112001 ','Angela Bibiana Maria Tulaar Y De Kort, Prof. Dr. dr. Sp.RM. ',1,NULL,'2018-08-28 02:36:45'),(104,'100240310201504891 ','Anggi Gayatri, dr. Sp.F.K. ',1,NULL,'2018-08-28 02:36:45'),(105,'196402051989032001 ','Anggraini Margono, Dr. drg. Sp.KG(K). ',1,NULL,'2018-08-28 02:36:45'),(106,'131103008 ','Anggri Noorana Zahra, Ns. S.Kep., M.Sc. ',1,NULL,'2018-08-28 02:36:45'),(107,'010903141 ','Anggun Rama Yudantha, dr. Sp.M ',1,NULL,'2018-08-28 02:36:45'),(108,'011203003 ','Angky Budianti, dr. Sp.M.K. ',1,NULL,'2018-08-28 02:36:45'),(109,'101203011 ','Anhari Achadi, Prof. dr. S.K.M., Sc.D. ',1,NULL,'2018-08-28 02:36:45'),(110,'196101121988112002 ','Ani Retno Prijanti, Dr. dr. M.Biomed. ',1,NULL,'2018-08-28 02:36:45'),(111,'196509171991102001 ','Anis Karuniawati, dr. SpMK., Ph.D ',1,NULL,'2018-08-28 02:36:45'),(112,'195602171982102001 ','Anita Ratnawati, dr. Sp.RM. ',1,NULL,'2018-08-28 02:36:45'),(113,'197807052006042001 ','Anna Mira Lubis, dr. SpPD ',1,NULL,'2018-08-28 02:36:45'),(114,'011003142 ','Anna Puspitasari Bani, dr. Sp.M. ',1,NULL,'2018-08-28 02:36:45'),(115,'197211032008122001 ','Anna Rozaliyani, Dr. dr. M.Biomed., Sp.P. ',1,NULL,'2018-08-28 02:36:45'),(116,'031003020 ','Anna Setiadi, Dr. Ranti Apt ',1,NULL,'2018-08-28 02:36:45'),(117,'140095244 ','Anna Ulfa Rahajoe, dr. SpJP(K) ',1,NULL,'2018-08-28 02:36:45'),(118,'197306091998021001 ','Anton Bahtiar, Dr. S.Si., M.Si. ',1,NULL,'2018-08-28 02:36:45'),(119,'195406021983031002 ','Anton Rahardjo, drg. MKM. PhD ',1,NULL,'2018-08-28 02:36:45'),(120,'140099054 ','Antonius H. Pudjiadi, dr. Sp.A(K) ',1,NULL,'2018-08-28 02:36:45'),(121,'020903018 ','Antonius Irwan, drg. K. Sp.Perio. ',1,NULL,'2018-08-28 02:36:45'),(122,'195509091981031002 ','Anwar Hassan, drs. MPH ',1,NULL,'2018-08-28 02:36:45'),(123,'195207201984031001 ','Anwar Santoso, Dr.dr. Sp.JP. ',1,NULL,'2018-08-28 02:36:45'),(124,'131103003 ','Arcellia Farosyah Putri, Ns. S.Kep., M.Sc. ',1,NULL,'2018-08-28 02:36:45'),(125,'197710272009122002 ','Ardi Findyartini, dr. Ph.D. ',1,NULL,'2018-08-28 02:36:45'),(126,'011103028 ','Ardiana Kusumaningrum, dr. Sp.M.K. ',1,NULL,'2018-08-28 02:36:45'),(127,'196304221991032001 ','Arfiyanti, Dra. M.Kes ',1,NULL,'2018-08-28 02:36:45'),(128,'196912122009121002 ','Ari Djatikusumo, dr. SpM ',1,NULL,'2018-08-28 02:36:45'),(129,'196404041994032001 ','Ari Estuningtyas, Dr. Dra. Apt., M.Biomed.',1,NULL,'2018-08-28 02:36:45'),(130,'196606191997011001 ','Ari Fahrial Syam, dr. SpPD-KGEH., MMB ',1,NULL,'2018-08-28 02:36:45'),(131,'198104172008121003 ','Aria Kekalih, dr. M.T.I ',1,NULL,'2018-08-28 02:36:45'),(132,'196908171999031010 ','Aria Wibawa, dr. SpOG ',1,NULL,'2018-08-28 02:36:45'),(133,'011403033 ','Aria Yudhistira, dr. Sp.F. ',1,NULL,'2018-08-28 02:36:45'),(134,'195604261983031002 ','Ariadna Adisattya Djais, drg. M.Biomed., Ph.D. ',1,NULL,'2018-08-28 02:36:45'),(135,'196204061988021001 ','Arie Cahyono, dr. Sp.THT-KL ',1,NULL,'2018-08-28 02:36:45'),(136,'0108050375 ','Arie Sulistyowati, dr. M.Sc. ',1,NULL,'2018-08-28 02:36:45'),(137,'010603004 ','Aries Perdana, dr. SpAn(K) ',1,NULL,'2018-08-28 02:36:45'),(138,'010603331 ','Arieska Ann Soenarta, Dr. Sp.JP.(K). ',1,NULL,'2018-08-28 02:36:45'),(139,'131103010 ','Ariesta Milanti, Ns. S.Kep., M.Sc. ',1,NULL,'2018-08-28 02:36:45'),(140,'011103043 ','Arietta Rathmanaswari Djuned Pusponegoro, dr. Sp.OG. ',1,NULL,'2018-08-28 02:36:45'),(141,'100111610262509891','Arif Arrahman M.Farm., Apt. ',1,NULL,'2018-08-28 02:36:45'),(142,'195603081981121001 ','Arif HM Marsaban, Dr. SpAn(K) ',1,NULL,'2018-08-28 02:36:45'),(143,'010903137 ','Arif Mansjoer, dr. Sp.P.D. ',1,NULL,'2018-08-28 02:36:45'),(144,'171503004 ','Arikadia Noviani M.Farm., Apt. ',1,NULL,'2018-08-28 02:36:45'),(145,'196801011995122001 ','Ariyani Kiranasari, Dra. M.Biomed. ',1,NULL,'2018-08-28 02:36:45'),(146,'196506271994122001 ','Arleni, Dr. M.S. ',1,NULL,'2018-08-28 02:36:45'),(147,'195306141983031002 ','Armasastra Bahar, Prof. drg. Ph.D ',1,NULL,'2018-08-28 02:36:45'),(148,'140068102 ','Arnold B. H. Simandjuntak, dr. ',1,NULL,'2018-08-28 02:36:45'),(149,'196005311989031002 ','Arry Rodjani, dr. SpU ',1,NULL,'2018-08-28 02:36:45'),(150,'196501071991031002 ','Arry Yanuar, Dr. M.Si. ',1,NULL,'2018-08-28 02:36:45'),(151,'140236958 ','Arsanto Triwidodo, dr. SpOT ',1,NULL,'2018-08-28 02:36:45'),(152,'197305272010121001 ','Artha Prabawa S.KM., M.Si. ',1,NULL,'2018-08-28 02:36:45'),(153,'195106291976081001 ','Aru Wisaksono Sudoyo, Prof. Dr. dr. SpPD ',1,NULL,'2018-08-28 02:36:45'),(154,'196704051996071001 ','Arya Govinda Rooshoeroe, dr. SpPD, FINASIM ',1,NULL,'2018-08-28 02:36:45'),(155,'197011292000031001 ','Aryadi Kurniawan, dr. SpB ',1,NULL,'2018-08-28 02:36:45'),(156,'197502022008121001 ','Aryo Tedjo S.Si., M.Si ',1,NULL,'2018-08-28 02:36:45'),(157,'196004291985121001 ','Aryono Hendarto, Dr. dr. SpA(K). ',1,NULL,'2018-08-28 02:36:45'),(158,'101103003 ','Ascobat Gani, Prof. dr. MPH., Dr.PH ',1,NULL,'2018-08-28 02:36:45'),(159,'196905211993032001 ','Asih Setiarini, Ir. M.Sc. ',1,NULL,'2018-08-28 02:36:45'),(160,'196511211991032001 ','Asmarinah, Dr. rer. nat. Dra. M.Si. ',1,NULL,'2018-08-28 02:36:45'),(161,'195707231988112001 ','Asri C. Adisasmita, dr. MPH., M.Phil., Ph.D ',1,NULL,'2018-08-28 02:36:46'),(162,'010602136 ','Asrul Harsal, Dr. Sp.P.D. ',1,NULL,'2018-08-28 02:36:46'),(163,'197803212010122002 ','Astri Budikayanti, dr. Sp.S ',1,NULL,'2018-08-28 02:36:46'),(164,'011403016 ','Astrianda Nadya Suryono, dr. Sp.M. ',1,NULL,'2018-08-28 02:36:46'),(165,'195209091980032001 ','Astrid Widayati Hardjono, Dr. dr. MPH., SpOk ',1,NULL,'2018-08-28 02:36:46'),(166,'010903132 ','Astuti Giantini, dr. Sp.PK ',1,NULL,'2018-08-28 02:36:46'),(167,'197006091994032002 ','Astuti Yuni Nursasi, Dr. S.Kp., M.N ',1,NULL,'2018-08-28 02:36:46'),(168,'197607032010122001 ','Atik Nurwahyuni S.KM., M.KM. ',1,NULL,'2018-08-28 02:36:46'),(169,'198709062015042004','Atika Wahyu Puspitasari S.Farm., Apt., M.Farm. ',1,NULL,'2018-08-28 02:36:46'),(170,'197106161997032001 ','Atikah Chalida Barasila, dr. M.Biomed ',1,NULL,'2018-08-28 02:36:46'),(171,'011003053 ','Attila Dewanti Poerbojo, dr. SpA ',1,NULL,'2018-08-28 02:36:46'),(172,'011403005 ','Aulia Rizka, dr. Sp.P.D. ',1,NULL,'2018-08-28 02:36:46'),(173,'010602238 ','Aulia Sani, Dr. SpJP(K) ',1,NULL,'2018-08-28 02:36:46'),(174,'196611181996032004 ','Aviyanti Djurzan, dr. SpRad ',1,NULL,'2018-08-28 02:36:46'),(175,'195112241982031001 ','Azen Salim, dr. SpOG ',1,NULL,'2018-08-28 02:36:46'),(176,'171703007','Azizahwati, Dra. M.S., Apt. ',1,NULL,'2018-08-28 02:36:46'),(177,'195205241979021001 ','B. M. Bachtiar, Prof. drg. M.S., Ph.D ',1,NULL,'2018-08-28 02:36:46'),(178,'010603081 ','B. R. M Sarsono, dr. SpB ',1,NULL,'2018-08-28 02:36:46'),(179,'140150493 ','Badriul Hegar Syarif, dr. SpA(K) ',1,NULL,'2018-08-28 02:36:46'),(180,'1000400009 ','Baiduri, drg. M.K.K.K., Ph.D.',1,NULL,'2018-08-28 02:36:46'),(181,'031103001 ','Baitha Palanggatan Maggadani M.Farm., Apt. ',1,NULL,'2018-08-28 02:36:46'),(182,'195608021982031014 ','Bambang Budi Siswanto, Prof. Dr. dr. SpJP(K) ',1,NULL,'2018-08-28 02:36:46'),(183,'010602304 ','Bambang Gunawan, dr. SpOG ',1,NULL,'2018-08-28 02:36:46'),(184,'196404071989021002 ','Bambang Gunawan, dr. SpOT ',1,NULL,'2018-08-28 02:36:46'),(185,'194805081974031001 ','Bambang Hermani, Prof. dr. SpTHT-KL(K) ',1,NULL,'2018-08-28 02:36:46'),(186,'195306151980031005 ','Bambang Irawan, Prof. drg. Ph.D. ',1,NULL,'2018-08-28 02:36:46'),(187,'140096424 ','Bambang Karsono, dr. SpOG ',1,NULL,'2018-08-28 02:36:46'),(188,'140091795 ','Bambang Nugroho, dr. SpOT ',1,NULL,'2018-08-28 02:36:46'),(189,'195111261981031003 ','Bambang Nursasongko, drg. SpKG(K) ',1,NULL,'2018-08-28 02:36:46'),(190,'195712261982031001 ','Bambang Setyohadi, Dr. SpPD-KR ',1,NULL,'2018-08-28 02:36:46'),(191,'196011221986011001 ','Bambang Supriyatno, Prof. DR. dr. Sp.A(K) ',1,NULL,'2018-08-28 02:36:46'),(192,'195002121976031001 ','Bambang Sutrisna, Prof. Dr. dr. MHSc(Epidemiology) ',1,NULL,'2018-08-28 02:36:46'),(193,'195410091981121001 ','Bambang Tridjaja, dr. SpA (K)., M.M (Paed) ',1,NULL,'2018-08-28 02:36:46'),(194,'196608201992031002 ','Bambang Wispriyono, Drs. Apt., Ph.D. ',1,NULL,'2018-08-28 02:36:46'),(195,'010602240 ','Barita S. Sitompul, Dr. SpJP(K) ',1,NULL,'2018-08-28 02:36:46'),(196,'140356491 ','Basuni Radi, dr. SpJP ',1,NULL,'2018-08-28 02:36:46'),(197,'198403152015041001 ','Benindra Nehemia, drg. M.Si. ',1,NULL,'2018-08-28 02:36:46'),(198,'010602024 ','Bennardus Philippi, dr. SpB(K)BD ',1,NULL,'2018-08-28 02:36:46'),(199,'020803001 ','Benny Mulyono Soegiharto, drg. M.Sc., MOrth RCS, Ph.D.,Sp.Ort. ',1,NULL,'2018-08-28 02:36:46'),(200,'195310191979021001 ','Benny Sjarief Sjah Latief, Prof. Dr. drg. Sp.BM.(K). ',1,NULL,'2018-08-28 02:36:46'),(201,'010603208 ','Benny Zulkarnaen, dr. SpRad ',1,NULL,'2018-08-28 02:36:46'),(202,'021503005 ','Benso Sulijaya, drg. Sp.Perio ',1,NULL,'2018-08-28 02:36:46'),(203,'195107111980031002 ','Benyamin Makes, dr. SpPA(K) ',1,NULL,'2018-08-28 02:36:46'),(204,'196405071988112001 ','Berna Elya, Prof. Dr. Dra. Apt., M.Si. ',1,NULL,'2018-08-28 02:36:46'),(205,'031303002 ','Bernard Tirtomoeljono, Prof. Dr. Ir. Widjaja M.M. ',1,NULL,'2018-08-28 02:36:46'),(206,'0108050368 ','Bernie Endyarni, dr. Sp.A. ',1,NULL,'2018-08-28 02:36:46'),(207,'197201311997021001 ','Besral, Dr. S.KM., M.Sc. ',1,NULL,'2018-08-28 02:36:46'),(208,'196802291998022001 ','Beti Ernawati Dewi, Dra. Ph.D. ',1,NULL,'2018-08-28 02:36:46'),(209,'140165765 ','Bing Wantoro, dr. M.S., SpOk ',1,NULL,'2018-08-28 02:36:46'),(210,'011503013 ','Biran Affandi, Prof. Dr. dr. SpOG(K) ',1,NULL,'2018-08-28 02:36:46'),(211,'011403013 ','Birry Karim, dr. Sp.P.D. ',1,NULL,'2018-08-28 02:36:46'),(212,'195204101984101001 ','Boedi Swidarmoko, dr. Sp.P (K) ',1,NULL,'2018-08-28 02:36:46'),(213,'195303221979031001 ','Bondan Harmani, Dr. SpM ',1,NULL,'2018-08-28 02:36:46'),(214,'195810121984101001 ','Boy Subirosa Sabarguna, Dr. dr. MARS. ',1,NULL,'2018-08-28 02:36:46'),(215,'010603080 ','Boyke Budiman Sumantri, dr. SpU ',1,NULL,'2018-08-28 02:36:46'),(216,'198001212014041001 ','Bramma Kiswanjaya, drg. Ph.D. ',1,NULL,'2018-08-28 02:36:46'),(217,'196108201989111001 ','Brastho Bramantyo, dr. Sp.THT-KL ',1,NULL,'2018-08-28 02:36:46'),(218,'010903119 ','BRM Ario Soeryo Kuncoro, dr. Sp.JP(K). ',1,NULL,'2018-08-28 02:36:46'),(219,'140370729 ','Budhi Antariksa, Dr. Ph.D., Sp.P. ',1,NULL,'2018-08-28 02:36:46'),(220,'140088048 ','Budhi Setianto, Prof. Dr. dr. SpJP(K) ',1,NULL,'2018-08-28 02:36:46'),(221,'195204051974122001 ','Budi Anna Keliat, Prof. Dr. S.Kp., M.AppSc ',1,NULL,'2018-08-28 02:36:46'),(222,'150903112 ','Budi Hartono, Dr. S.E., MARS.',1,NULL,'2018-08-28 02:36:46'),(223,'197311092012121002 ','Budi Hartono, S.Si., M.K.M. ',1,NULL,'2018-08-28 02:36:46'),(224,'197202071997031001 ','Budi Hidayat, Prof. S.KM., MPPM., Ph.D ',1,NULL,'2018-08-28 02:36:46'),(225,'195409051981101001 ','Budi Iman Santoso, Dr. dr. Sp.OG(K). ',1,NULL,'2018-08-28 02:36:46'),(226,'011003056 ','Budi Purnomo, Dr. SpA ',1,NULL,'2018-08-28 02:36:46'),(227,'010903117 ','Budi Rahmat, dr. SpBTKV ',1,NULL,'2018-08-28 02:36:46'),(228,'195407231980031003 ','Budi Sampurna, Prof. dr. DFM., S.H., Sp.F(K), SpKP ',1,NULL,'2018-08-28 02:36:46'),(229,'140222418 ','Budi Santoso, dr. SpOG ',1,NULL,'2018-08-28 02:36:46'),(230,'194908141975031001 ','Budi Utomo, Prof. dr. MPH., Ph.D ',1,NULL,'2018-08-28 02:36:47'),(231,'0108050257 ','Budi Wiweko, Dr. dr. Sp.OG(K). ',1,NULL,'2018-08-28 02:36:47'),(232,'195212061990021001 ','Budiana Tanurahardja, dr. SpPA,(K) ',1,NULL,'2018-08-28 02:36:47'),(233,'196504091992031002 ','Budiman Bela, Dr. dr. Sp.MK. ',1,NULL,'2018-08-28 02:36:47'),(234,'195407021982121001 ','Budiman, dr. SpPD ',1,NULL,'2018-08-28 02:36:47'),(235,'195202151979022001 ','Budiningsih Siregar, dr. MS,SpPA(K) ',1,NULL,'2018-08-28 02:36:47'),(236,'010903114 ','C. Rinaldi Lesmana, Dr. SpPD-KGEH ',1,NULL,'2018-08-28 02:36:47'),(237,'196206081992032001 ','Caroline Endah Wuryaningsih, dra. M.Kes ',1,NULL,'2018-08-28 02:36:47'),(238,'198901092012121001 ','Catur Jatmika S.Farm., M.Si. ',1,NULL,'2018-08-28 02:36:47'),(239,'140337156 ','Ceva Wijaksono, dr. SpPD ',1,NULL,'2018-08-28 02:36:47'),(240,'195412111985031002 ','Chaidar Masulili, drg. Sp.Pros. ',1,NULL,'2018-08-28 02:36:47'),(241,'140206894 ','Chaidir Arif Mochtar, Dr. dr. SpU ',1,NULL,'2018-08-28 02:36:47'),(242,'195212171982031003 ','Chairil Hamdani, Dr. dr. SpPA(K) ',1,NULL,'2018-08-28 02:36:47'),(243,'195906211984101001 ','Chandra Satrya, dr. M.App.Sc ',1,NULL,'2018-08-28 02:36:47'),(244,'195206011979121001 ','Charles E. Damping, dr. SpKJ(K) ',1,NULL,'2018-08-28 02:36:47'),(245,'194912081976032002 ','Chaula Luthfia D.S. Hardjakusumah, Prof. dr. SpB., Sp.BP. ',1,NULL,'2018-08-28 02:36:47'),(246,'131103005 ','Chiyar Edison Sunarya, Ns. S.Kep., M.Sc ',1,NULL,'2018-08-28 02:36:47'),(247,'195605291983012001 ','Christina Lanny Simadibrata, dr. Sp.Ak., M.Kes. ',1,NULL,'2018-08-28 02:36:47'),(248,'197903282009121002 ','Christopher Kapuangan, dr. Sp.An. ',1,NULL,'2018-08-28 02:36:47'),(249,'021503004 ','Citra Kusumasari, drg. Sp.KG. ',1,NULL,'2018-08-28 02:36:47'),(250,'140254909 ','Cleopas Martin R., Dr. dr. SpPD-KP ',1,NULL,'2018-08-28 02:36:47'),(251,'196709081994032001','Conny Riana Tjampakasari, Dra. M.S.',1,NULL,'2018-08-28 02:36:47'),(252,'195805161983031002 ','Corputty Johan E.M., Dr. drg. SpBM ',1,NULL,'2018-08-28 02:36:47'),(253,'195909061986031004 ','Cosphiadi Irawan, dr. SpPD ',1,NULL,'2018-08-28 02:36:47'),(254,'196006121985121001 ','Czeresna Heriawan Soejono, Dr. dr. Sp.PD., K.Ger., M.Epid. ',1,NULL,'2018-08-28 02:36:47'),(255,'197301062010121001 ','Dadan Erwandi S.Psi., M.Psi. ',1,NULL,'2018-08-28 02:36:47'),(256,'195911191985121001 ','Dadang Makmun, dr. SpPD-KGEH ',1,NULL,'2018-08-28 02:36:47'),(257,'010903111 ','Dafsah Aripa Juzar, dr. Sp.J.P. ',1,NULL,'2018-08-28 02:36:47'),(258,'195208031978022001 ','Dalima Astrawinata, dr. SpPK(K)., MEpid ',1,NULL,'2018-08-28 02:36:47'),(259,'010903110 ','Damar Prasmusinto, dr. Med. ',1,NULL,'2018-08-28 02:36:47'),(260,'140159189 ','Damayanti Rusli Sjarif, Dr. dr. SpA(K) ',1,NULL,'2018-08-28 02:36:47'),(261,'010603336 ','Daniel P. L. Tobing, dr. SpJP ',1,NULL,'2018-08-28 02:36:47'),(262,'197303232009121002 ','Dante Saksono Harbuwono, dr. Sp.PD. ',1,NULL,'2018-08-28 02:36:47'),(263,'010903108 ','Darma Imran, dr. SpS ',1,NULL,'2018-08-28 02:36:47'),(264,'140191477 ','Darmawan Budi S., dr. SpA(K) ',1,NULL,'2018-08-28 02:36:47'),(265,'021403007 ','Daru Indrawati, drg. I.S. Sp.KG ',1,NULL,'2018-08-28 02:36:47'),(266,'021503009 ','David Maxwell, drg. Sp.Pros. ',1,NULL,'2018-08-28 02:36:47'),(267,'195801241983121001 ','David Tandian, dr. SpBS ',1,NULL,'2018-08-28 02:36:47'),(268,'030903024 ','Debby Daniel, Dra. M.Epid. ',1,NULL,'2018-08-28 02:36:47'),(269,'196712271994032001 ','Debie Dahlia, Dr. S.Kp., MHSM ',1,NULL,'2018-08-28 02:36:47'),(270,'196006191986032001 ','Decky Joesiana Indrani, Dr. drg. MDSc ',1,NULL,'2018-08-28 02:36:47'),(271,'011003059 ','Deddy Ria Saputra, Dr. SpA ',1,NULL,'2018-08-28 02:36:47'),(272,'196004301989011001 ','Deddy Tedjasukmana, dr. SpRM ',1,NULL,'2018-08-28 02:36:47'),(273,'196206121988021001 ','Dedy Pratama, dr. SpB(K)V ',1,NULL,'2018-08-28 02:36:47'),(274,'020903020 ','Dedy Yudha Rismanto, drg. Sp.Perio ',1,NULL,'2018-08-28 02:36:47'),(275,'011103027 ','Delly Chipta Lestari, dr. Sp.M.K. ',1,NULL,'2018-08-28 02:36:47'),(276,'171503006 ','Delly Ramadon M.Farm., Apt. ',1,NULL,'2018-08-28 02:36:47'),(277,'131303004 ','Denissa Faradita Aryani, Ns. S.Kep. ',1,NULL,'2018-08-28 02:36:47'),(278,'198412092015042001 ','Desak Gede Budi Krisnamurti S.Farm., Apt., M.Biomed. ',1,NULL,'2018-08-28 02:36:47'),(279,'197312171998022001 ','Dessie Wanda S.Kp., M.N ',1,NULL,'2018-08-28 02:36:47'),(280,'197209191999032003 ','Deswaty Furqonita S.Si., M.Biomed ',1,NULL,'2018-08-28 02:36:47'),(281,'195906171985032003 ','Dewi Fatma Suniarti Sastradipura, drg. M.S., Ph.D. ',1,NULL,'2018-08-28 02:36:47'),(282,'197804132009122002 ','Dewi Friska, dr. M.K.K',1,NULL,'2018-08-28 02:36:47'),(283,'197112221996032001 ','Dewi Gayatri, Dr. S.Kp., M.Kes ',1,NULL,'2018-08-28 02:36:47'),(284,'195206011974112001 ','Dewi Irawati M.A., Ph.D. ',1,NULL,'2018-08-28 02:36:47'),(285,'195407131980032002 ','Dewi Irawati Soeria Santoso, Dr. dr. M.S. ',1,NULL,'2018-08-28 02:36:47'),(286,'197905082009122001 ','Dewi Selvina Rosdiana, dr. M.Kes ',1,NULL,'2018-08-28 02:36:47'),(287,'197506172009122002 ','Dewi Sukmawati, dr. M.Kes, Ph.D. ',1,NULL,'2018-08-28 02:36:47'),(288,'196211291988112001 ','Dewi Sumaryani Soemarko, dr. M.S., Sp.Ok ',1,NULL,'2018-08-28 02:36:47'),(289,'196312021988032002 ','Dewi Susanna, Dr. dra. M.Kes ',1,NULL,'2018-08-28 02:36:47'),(290,'197009051997022002 ','Dewi Wulandari, dr. SpPK ',1,NULL,'2018-08-28 02:36:47'),(291,'196503131991032001 ','Dhanasari Vidiawati Sanyoto, Dr. dr. M.Sc., CM-FM ',1,NULL,'2018-08-28 02:36:47'),(292,'011003040 ','Dharma Kumara Widya, dr. Sp.Ak., M.Kes. ',1,NULL,'2018-08-28 02:36:47'),(293,'140160869 ','Dharmadi Masdulhak, dr. SpOT ',1,NULL,'2018-08-28 02:36:47'),(294,'195207241977081001 ','Dharmeizar, dr. SpPD ',1,NULL,'2018-08-28 02:36:47'),(295,'198012202010122002 ','Diah Ayu Maharani, drg. S.K.G., Ph.D. ',1,NULL,'2018-08-28 02:36:47'),(296,'196904201998032001 ','Diah Mulyawati Utari, Dr. Ir. M.Kes ',1,NULL,'2018-08-28 02:36:47'),(297,'0107050184 ','Diah Rini Handjari, dr. Sp.PA(K). ',1,NULL,'2018-08-28 02:36:47'),(298,'197208251997021002 ','Dian Ayubi, Dr. S.KM., M.QIH ',1,NULL,'2018-08-28 02:36:47'),(299,'198007012012122001 ','Dian Estu Yulia, dr. Sp ',1,NULL,'2018-08-28 02:36:47'),(300,'010603160 ','Dian Kusumadewi, dr. M.Gizi. ',1,NULL,'2018-08-28 02:36:47'),(301,'100240310261116791 ','Dian Novita Chandra, dr. M.Gizi. ',1,NULL,'2018-08-28 02:36:47'),(302,'197611072014041001 ','Dian Zamroni, dr. Sp.J.P. ',1,NULL,'2018-08-28 02:36:47'),(303,'195405231981032001 ','Diana Aulia, Dr. dr. SpPK ',1,NULL,'2018-08-28 02:36:48'),(304,'010603281 ','Diana Paramita, Dr. SpPD ',1,NULL,'2018-08-28 02:36:48'),(305,'100240310291219691 ','Diana Sunardi, dr. M.Gizi., Sp.G.K. ',1,NULL,'2018-08-28 02:36:48'),(306,'011003016 ','Diani Kartini, dr. SpB.K.Onk ',1,NULL,'2018-08-28 02:36:48'),(307,'195803071984032001 ','Dianiati Kusumo Sutoyo, dr. SpP(K) ',1,NULL,'2018-08-28 02:36:48'),(308,'198110152008122002 ','Diantha Soemantri, dr. M.Med.Ed., Ph.D. ',1,NULL,'2018-08-28 02:36:48'),(309,'196306171988032002 ','Diatri Nari Lastri, dr. Sp.S(K) ',1,NULL,'2018-08-28 02:36:48'),(310,'010903096 ','Dicky Fakhri, dr. SpB., SpBTKV ',1,NULL,'2018-08-28 02:36:48'),(311,'010903095 ','Dicky Hanafi, dr. ',1,NULL,'2018-08-28 02:36:48'),(312,'198012302012121001 ','Dicky Levenus Tahapary, dr. SP.PD. ',1,NULL,'2018-08-28 02:36:48'),(313,'010903351 ','Dicky Soehardiman, dr. Sp.P. ',1,NULL,'2018-08-28 02:36:48'),(314,'140376487 ','Didik Librianto, dr. SpOT ',1,NULL,'2018-08-28 02:36:48'),(315,'197606282008121001 ','Dien Anshari S.Sos., M.Si ',1,NULL,'2018-08-28 02:36:48'),(316,'131203002 ','Dikha Ayu Kurnia, Ns. Sp.Kep. M.B ',1,NULL,'2018-08-28 02:36:48'),(317,'011203011 ','Dimas Seto Prasetyo, dr. Sp.M.K. ',1,NULL,'2018-08-28 02:36:48'),(318,'197608242009122002 ','Dina Muktiarti, dr. Sp.A ',1,NULL,'2018-08-28 02:36:48'),(319,'010602321 ','Dina Sari Dewi, dr. SpKK ',1,NULL,'2018-08-28 02:36:48'),(320,'196007291989032001 ','Dina Savitri Utomo, dr. SpRM. ',1,NULL,'2018-08-28 02:36:48'),(321,'021003003 ','Dini Asrianti, drg. Sp.KG. ',1,NULL,'2018-08-28 02:36:48'),(322,'195901151985122001 ','Dini Widiarni Widodo, dr. Sp.THT-KL(K) ',1,NULL,'2018-08-28 02:36:48'),(323,'197506152008122002 ','Dita Aditianingsih, dr. SpAn ',1,NULL,'2018-08-28 02:36:48'),(324,'010903094 ','Diyah Eka Andayani, dr. Sp.GK., M.Gizi. ',1,NULL,'2018-08-28 02:36:48'),(325,'196702201995122001 ','Diyah Kristanty Rediyanto, Dra. M.Biomed ',1,NULL,'2018-08-28 02:36:48'),(326,'196005191988111001 ','Djaja Surya Atmadja, dr. DFM., S.H., SpF., Ph.D ',1,NULL,'2018-08-28 02:36:48'),(327,'010602265 ','Djajadilaga, Dr. ',1,NULL,'2018-08-28 02:36:48'),(328,'010903475 ','Djasarito, dr. SpOG ',1,NULL,'2018-08-28 02:36:48'),(329,'171303002 ','Djohan S.Si. ',1,NULL,'2018-08-28 02:36:48'),(330,'140076465 ','Djoko Sekti Wibisono, dr. SpOG ',1,NULL,'2018-08-28 02:36:48'),(331,'194803131975011001 ','Djoko Widodo, Prof. dr. SpPD(K) ',1,NULL,'2018-08-28 02:36:48'),(332,'010903090 ','Dody Ranuhardy, dr. Sp.P.D. ',1,NULL,'2018-08-28 02:36:48'),(333,'140345922 ','Doni Firman, dr. SpJP ',1,NULL,'2018-08-28 02:36:48'),(334,'197011271997021001 ','Doni Hikmat Ramdhan S.KM., MKKK., Ph.D. ',1,NULL,'2018-08-28 02:36:48'),(335,'196404031989031002 ','Dono Antono, dr. SpPD ',1,NULL,'2018-08-28 02:36:48'),(336,'195105281980032001 ','Drupadi Harnopidjati, Dr. M.Sc., Ph.D., SpGK ',1,NULL,'2018-08-28 02:36:48'),(337,'1000400019 ','Dumilah Ayuningtyas, Dr. dra. M.A.R.S. ',1,NULL,'2018-08-28 02:36:48'),(338,'0100500033 ','Dwi Anita Suryandari, Dr. dra. M.Biomed. ',1,NULL,'2018-08-28 02:36:48'),(339,'196811241995011001 ','Dwi Ari Pujianto, Drs. MS, PhD ',1,NULL,'2018-08-28 02:36:48'),(340,'197501102009121002 ','Dwi Ariawan, drg. M.A.R.S. ',1,NULL,'2018-08-28 02:36:48'),(341,'131203001 ','Dwi Cahya Rahmadiyah, Ns. S.Kep., M.Kep ',1,NULL,'2018-08-28 02:36:48'),(342,'197607182014042001 ','Dwi Gayatri, drg. M.P.H. ',1,NULL,'2018-08-28 02:36:48'),(343,'198011012010122002 ','Dwi Nurviyandari Kusuma Wati S.Kep., M.N. ',1,NULL,'2018-08-28 02:36:48'),(344,'140146741 ','Dwi Putro Widodo, dr. Sp.A(K)., Mneuro Sci ',1,NULL,'2018-08-28 02:36:48'),(345,'196110041987032002 ','Dwiana Ocviyanti, Dr. dr. SpOG ',1,NULL,'2018-08-28 02:36:48'),(346,'196101231989102001 ','Dwirini Retno Gunarti, drg. M.S. ',1,NULL,'2018-08-28 02:36:48'),(347,'101503001 ','Dyah Utari, Ns. S.Kep., M.K.K.K. ',1,NULL,'2018-08-28 02:36:48'),(348,'195307271984031002 ','E. Mudjaddid, Dr. SpPD-KPsi ',1,NULL,'2018-08-28 02:36:48'),(349,'195603161981101001 ','Eddy Harijanto, dr. SpAn-KIC ',1,NULL,'2018-08-28 02:36:48'),(350,'0108050306 ','Eddy Kartadjukardi, dr. Sp.KK. ',1,NULL,'2018-08-28 02:36:48'),(351,'011003061 ','Eddy Suratman, Dr. SpP(K) ',1,NULL,'2018-08-28 02:36:48'),(352,'010903083 ','Eddy Toenbee, dr. SpOG ',1,NULL,'2018-08-28 02:36:48'),(353,'011003062 ','Eddy Widodo, Dr. dr. SpA(K), FCCP ',1,NULL,'2018-08-28 02:36:48'),(354,'1000400020 ','Ede Surya Darmawan, Dr. S.K.M., M.D.M. ',1,NULL,'2018-08-28 02:36:48'),(355,'195910161989031002 ','Edrial N.Eddin, Ir. MBA ',1,NULL,'2018-08-28 02:36:48'),(356,'196810201999031001 ','Edy Rizal Wahyudi, dr. SpPD ',1,NULL,'2018-08-28 02:36:48'),(357,'194811171976032005 ','Effionora A, Prof. Dr. M.S ',1,NULL,'2018-08-28 02:36:48'),(358,'196805111993032002 ','Efy Afifah S.Kp., M.Kes ',1,NULL,'2018-08-28 02:36:48'),(359,'197709172010122004 ','Eka Dian Safitri, dr. Sp., THT. ',1,NULL,'2018-08-28 02:36:48'),(360,'010903080 ','Eka Ginanjar, dr. SpPD ',1,NULL,'2018-08-28 02:36:48'),(361,'0108050369 ','Eka Laksmi Hidayati, dr. Sp.A. ',1,NULL,'2018-08-28 02:36:48'),(362,'195911191984101001 ','Eka Rusdianto, dr. SpOG(K) ',1,NULL,'2018-08-28 02:36:48'),(363,'011503027 ','Eka Susanto, dr. Sp.P.A. ',1,NULL,'2018-08-28 02:36:48'),(364,'197911222008122001 ','Eky Indyanty W.L, dr. ',1,NULL,'2018-08-28 02:36:48'),(365,'196105041987032003 ','Eldafira, Dra. M.Si ',1,NULL,'2018-08-28 02:36:48'),(366,'196904021994032002 ','Elfi Syahreni S.Kp ',1,NULL,'2018-08-28 02:36:48'),(367,'195001251981102001 ','Elida Ilyas, dr. SpRM ',1,NULL,'2018-08-28 02:36:48'),(368,'195905051987092001 ','Elisna Syahruddin, dr. Ph.D., Sp.P(K) ',1,NULL,'2018-08-28 02:36:48'),(369,'010903072 ','Eliza Miranda, dr. Sp.KK ',1,NULL,'2018-08-28 02:36:48'),(370,'101503013 ','Elizabeth Indah Prihanti S.P. S.Kp., M.A.R.S. ',1,NULL,'2018-08-28 02:36:48'),(371,'196004281990032001 ','Ella Nurlaella Hadi, Dr. drg. M.Kes ',1,NULL,'2018-08-28 02:36:48'),(372,'194808171971092001 ','Elly Nurachmah, Prof. Dra. M.App.Sc., DNSc ',1,NULL,'2018-08-28 02:36:48'),(373,'195709171983032002 ','Ellyza Herda, Dr. drg. M.Si. ',1,NULL,'2018-08-28 02:36:48'),(374,'010603183 ','Elvie Zulka K. Rachmawati, dr. SpTHT-KL ',1,NULL,'2018-08-28 02:36:48'),(375,'196101041987091001 ','Elvioza, Dr. SpM ',1,NULL,'2018-08-28 02:36:48'),(376,'195402121980032001 ','Elza Ibrahim, Prof. Dr. drg. M.Biomed. ',1,NULL,'2018-08-28 02:36:49'),(377,'140321909 ','Em Yunir, dr. SpPD-KEMD ',1,NULL,'2018-08-28 02:36:49'),(378,'197210032010122001 ','Ema Hermawati S.Si., M.KM. ',1,NULL,'2018-08-28 02:36:49'),(379,'198704252012122003 ','Eme Stepani Sitepu S.Farm., M.Sc., Apt. ',1,NULL,'2018-08-28 02:36:49'),(380,'011003066 ','Emma Nurhema, dr. SpA ',1,NULL,'2018-08-28 02:36:49'),(381,'140078962 ','Emmy Sudarmi, dr. SpKK(K) ',1,NULL,'2018-08-28 02:36:49'),(382,'197002251995122001 ','Endah Zuraidah S.Si., M.Epid ',1,NULL,'2018-08-28 02:36:49'),(383,'031003023 ','Endang Hanani, Prof. Dr. MS., Apt. ',1,NULL,'2018-08-28 02:36:49'),(384,'195111171980032001 ','Endang Laksminingsih, Prof. dr. MPH., Dr.PH ',1,NULL,'2018-08-28 02:36:49'),(385,'132176927 ','Endang Setianingrum, Dra. ',1,NULL,'2018-08-28 02:36:49'),(386,'011203001 ','Endang Sri M. Basuki, Prof. Dr. dr. MPH ',1,NULL,'2018-08-28 02:36:49'),(387,'195212281978032001 ','Endang Sri Roostini Hardianto, dr. M.S., SpPA (K) ',1,NULL,'2018-08-28 02:36:49'),(388,'195205251978022002 ','Endang Suprastiwi, Prof. Dr. drg. SpKG(K) ',1,NULL,'2018-08-28 02:36:49'),(389,'194901071975031001 ','Endang Susalit, Prof. Dr. dr. SpPD ',1,NULL,'2018-08-28 02:36:49'),(390,'030603076 ','Endang Suyarti, Dra. MBA. ',1,NULL,'2018-08-28 02:36:49'),(391,'011003067 ','Endang Triningsih, Dr. SpA(K) ',1,NULL,'2018-08-28 02:36:49'),(392,'195309251979042001 ','Endang Windiastuti, Dr. dr. SpA(K)., M.M (PAED) ',1,NULL,'2018-08-28 02:36:49'),(393,'196010041986032002 ','Endang Winiati, drg. M.Biomed., Ph.D ',1,NULL,'2018-08-28 02:36:49'),(394,'195102191980032004 ','Endarti, Dra. Apt., M.Si ',1,NULL,'2018-08-28 02:36:49'),(395,'197811122009121003 ','Endi Novianto, dr. Sp.KK. ',1,NULL,'2018-08-28 02:36:49'),(396,'196711201992032010 ','Enie Novieastari, Dr. S.Kp., MSN ',1,NULL,'2018-08-28 02:36:49'),(397,'195909011986032010 ','Ening Krisnuhoni, dr. M.S., SpPA ',1,NULL,'2018-08-28 02:36:49'),(398,'101503004 ','Eny Juliati M.K.M. ',1,NULL,'2018-08-28 02:36:49'),(399,'195111061977032001 ','Erdina HDP, dr. Sp.KK ',1,NULL,'2018-08-28 02:36:49'),(400,'198105292009122003 ','Erfi Prafiantini, dr. M.Kes ',1,NULL,'2018-08-28 02:36:49'),(401,'198112302014041001 ','Erik Idrus, drg. Ph.D. ',1,NULL,'2018-08-28 02:36:49'),(402,'011603002 ','Erlang Samoedro, dr. Sp.P ',1,NULL,'2018-08-28 02:36:49'),(403,'010903064 ','Erlina Burhan, Dr. dr. MSc, Sp.P ',1,NULL,'2018-08-28 02:36:49'),(404,'100903011 ','Erlina Puspitaloka Maha Dewi S.E., M.M. ',1,NULL,'2018-08-28 02:36:49'),(405,'195212081981032003 ','Ermita Isfandiary Ibrahim, Dr. dr. M.S. ',1,NULL,'2018-08-28 02:36:49'),(406,'140088509 ','Erna Tresnaningsih, dr. MOH., Ph.D, SpOk ',1,NULL,'2018-08-28 02:36:49'),(407,'030903065 ','Ernawati Sinaga, Prof. Dr. MS., Apt. ',1,NULL,'2018-08-28 02:36:49'),(408,'195305161980032001 ','Erni Hernawati Purwaningsih, Prof. Dr. dr. M.S. ',1,NULL,'2018-08-28 02:36:49'),(409,'197709052009122001 ','Erni Juwita, dr. Sp.PD. ',1,NULL,'2018-08-28 02:36:49'),(410,'171403010 ','Erny Sagita M.Farm., Apt. ',1,NULL,'2018-08-28 02:36:49'),(411,'010903522 ','Erwin Danil Yulian, dr. SpB(K)Onk ',1,NULL,'2018-08-28 02:36:49'),(412,'195509061985031002 ','Erwin Siregar, drg. Sp.Orth(K). ',1,NULL,'2018-08-28 02:36:49'),(413,'197710222010122003 ','Esthika Dewiasty, dr. Sp. Pd. ',1,NULL,'2018-08-28 02:36:49'),(414,'011003017 ','Estivana Felaza, dr. M.Pd.Ked. ',1,NULL,'2018-08-28 02:36:49'),(415,'196901281993032001 ','Etty Rekawati, Dr. S.Kp., MKM. ',1,NULL,'2018-08-28 02:36:49'),(416,'198105062015042002 ','Euis Maras Purwati S.Si., Apt., M.Sc. ',1,NULL,'2018-08-28 02:36:49'),(417,'196404291990022001 ','Eva Dewati, dr. SpS(K) ',1,NULL,'2018-08-28 02:36:49'),(418,'197805052009122003 ','Eva Fauziah, Dr. drg. SpKGA ',1,NULL,'2018-08-28 02:36:49'),(419,'011003070 ','Eva Jeumpa Soelaeman, Dr. SpA(K) ',1,NULL,'2018-08-28 02:36:49'),(420,'140336643 ','Eva Roria Silalahi, dr. SpOG ',1,NULL,'2018-08-28 02:36:49'),(421,'011303010 ','Evi Ermayani S.Hut., M.Gizi. ',1,NULL,'2018-08-28 02:36:49'),(422,'196303311989012001 ','Evi Martha, Dr. dra. M.Kes. ',1,NULL,'2018-08-28 02:36:49'),(423,'101403006 ','Eviati Adawiyah S.Kom, M.Si ',1,NULL,'2018-08-28 02:36:49'),(424,'195308211979122001 ','Evita Halim, dr. Sp.KK(K) ',1,NULL,'2018-08-28 02:36:49'),(425,'195812241983102001 ','Evita Karijani Bermanshah, dr. Sp.A(K) ',1,NULL,'2018-08-28 02:36:49'),(426,'010603186 ','Evy Yunihastuti, dr. Sp.PD. ',1,NULL,'2018-08-28 02:36:49'),(427,'195202261987011001 ','Fachrial Harahap, dr. SpP ',1,NULL,'2018-08-28 02:36:49'),(428,'141103007 ','Fadilah S.Si., M.Si. ',1,NULL,'2018-08-28 02:36:49'),(429,'197804192008122001 ','Fadlina Chany Saputri, Dr. S.Si., M.Si., Apt ',1,NULL,'2018-08-28 02:36:49'),(430,'030903189 ','Faiq Bahfen, Dr. S.H ',1,NULL,'2018-08-28 02:36:49'),(431,'195107081986031001 ','Faisal Yunus, Prof. dr. Ph.D., Sp.P(K) ',1,NULL,'2018-08-28 02:36:49'),(432,'101303003 ','Fajar Ariyanti S.K.M., M.K.M., Ph.D ',1,NULL,'2018-08-28 02:36:49'),(433,'197612212000032001 ','Fajar Tri Waluyanti S.Kp., M Kep ',1,NULL,'2018-08-28 02:36:49'),(434,'011003072 ','Falentina Panjaitan, dr. SpA ',1,NULL,'2018-08-28 02:36:49'),(435,'195104041978022001 ','Farida Usman, dr. SpPK ',1,NULL,'2018-08-28 02:36:49'),(436,'140071315 ','Farida Zubier, dr. SpKK(K) ',1,NULL,'2018-08-28 02:36:49'),(437,'195312171981032001 ','Farisza Gita Mahidin, drg. Sp.Pros(K) ',1,NULL,'2018-08-28 02:36:49'),(438,'196401101989032005 ','Fathema Djan, dr. SpB., SpBTKV ',1,NULL,'2018-08-28 02:36:49'),(439,'010903519 ','Fathiyah Isbaniah, dr. Sp.P. ',1,NULL,'2018-08-28 02:36:49'),(440,'197209272009122001 ','Fatima Safira Alatas, dr. Sp.A., Ph.D. ',1,NULL,'2018-08-28 02:36:49'),(441,'198204242012122004 ','Fatimah Maria Tadjoedin, drg. Sp.Perio.',1,NULL,'2018-08-28 02:36:49'),(442,'196809091995122001 ','Fatma Lestari, Prof. dra. M.Si., Ph.D ',1,NULL,'2018-08-28 02:36:49'),(443,'196911231995122001 ','Fatmah, Dr. SKM., M.S. ',1,NULL,'2018-08-28 02:36:49'),(444,'195612221988112001','Fatmawaty, Dra. M.Si',1,NULL,'2018-08-28 02:36:49'),(445,'171503007 ','Fauzi Kasim, Drs. M.Kes., Apt. ',1,NULL,'2018-08-28 02:36:49'),(446,'011003074 ','Fauzi Mahfuzh, Dr. SpA ',1,NULL,'2018-08-28 02:36:49'),(447,'195112171974032001 ','Fauzia, Dra. Apt., M.S ',1,NULL,'2018-08-28 02:36:49'),(448,'010903008 ','Fauziah Fardizza, dr. ',1,NULL,'2018-08-28 02:36:49'),(449,'100240310290209791 ','Febriana Catur Iswanti, dr. M.Biomed. ',1,NULL,'2018-08-28 02:36:49'),(450,'196402191989032001 ','Febriana Setiawati, Dr. drg. M.Kes. ',1,NULL,'2018-08-28 02:36:50'),(451,'010903463 ','Febriansyah Darus, dr. SpOG ',1,NULL,'2018-08-28 02:36:50'),(452,'020903019 ','Felix Hartono, drg. K Sp.Perio ',1,NULL,'2018-08-28 02:36:50'),(453,'010903053 ','Fenny Fitriani, dr. ',1,NULL,'2018-08-28 02:36:50'),(454,'197508092009122003 ','Feranindhya Agiananda, dr. Sp.KJ ',1,NULL,'2018-08-28 02:36:50'),(455,'197512022009121001 ','Fernandi, dr. Sp.OG ',1,NULL,'2018-08-28 02:36:50'),(456,'195812071987031002 ','Ferry P Gultom, Dr. drg. M.Biomed ',1,NULL,'2018-08-28 02:36:50'),(457,'140100292 ','Fiastuti Witjaksono, Dr. dr. M.S., SpGK ',1,NULL,'2018-08-28 02:36:50'),(458,'011003018 ','Fifinela Raissa, dr. M.Kes. ',1,NULL,'2018-08-28 02:36:50'),(459,'140205466 ','Fify Henrika Damita Hosfiar Hasnan, dr. SpPK(K) ',1,NULL,'2018-08-28 02:36:50'),(460,'195105061979031001 ','Fikry Effendi, Dr. dr. MOH, SpOk ',1,NULL,'2018-08-28 02:36:50'),(461,'010903104 ','Fikry Hamdan Yasin, dr. Sp.THT ',1,NULL,'2018-08-28 02:36:50'),(462,'100240310221204891 ','Fithriyah M.Biomed. ',1,NULL,'2018-08-28 02:36:50'),(463,'101003016 ','Fitra Yelda SKM., M.Epid ',1,NULL,'2018-08-28 02:36:50'),(464,'198010302009122002 ','Fitri Ambar Sari, dr. Sp.F ',1,NULL,'2018-08-28 02:36:50'),(465,'197510072009122001 ','Fitri Octaviana, dr. Sp.S. ',1,NULL,'2018-08-28 02:36:50'),(466,'101003025 ','Fitriati S.K.M., M.Kes ',1,NULL,'2018-08-28 02:36:50'),(467,'196601221991031001 ','Fitriyadi Kusuma, Dr. Sp.O.G.(K). ',1,NULL,'2018-08-28 02:36:50'),(468,'194912091978031002 ','Franciscus D.Suyatna, Prof. dr. Ph.D., Sp.FK ',1,NULL,'2018-08-28 02:36:50'),(469,'010903469 ','Frans Barna Busro, dr. SpB., SpBTKV ',1,NULL,'2018-08-28 02:36:50'),(470,'197802092014042001 ','Fransiska M. Kaligis, dr. Sp.K.J. ',1,NULL,'2018-08-28 02:36:50'),(471,'195607021983121001 ','Freddy Sitorus, dr. SpS(K) ',1,NULL,'2018-08-28 02:36:50'),(472,'197908032014042001 ','Frida Soesanti, dr. Sp. A ',1,NULL,'2018-08-28 02:36:50'),(473,'011003075 ','G. Dharma Mulyo, Dr. SpA ',1,NULL,'2018-08-28 02:36:50'),(474,'195804081984101001 ','Gatot Purwoto, dr. SpOG ',1,NULL,'2018-08-28 02:36:50'),(475,'101003024 ','Gemala Rabi\'ah Hatta, Dr. Dra. MRA., M.Kes ',1,NULL,'2018-08-28 02:36:50'),(476,'196006161986031004 ','Ginova Nainggolan, Dr. SpPD-KGH ',1,NULL,'2018-08-28 02:36:50'),(477,'011103042 ','Gita Pratama, dr. Sp.OG. ',1,NULL,'2018-08-28 02:36:50'),(478,'0108050353 ','Gitalisa Andayani, dr. Sp.M. ',1,NULL,'2018-08-28 02:36:50'),(479,'197806182009122003 ','Githa Rahmayunita, dr. Sp.KK. ',1,NULL,'2018-08-28 02:36:50'),(480,'100111610262109891','Giur Hargiana, Ns. S.Kep. ',1,NULL,'2018-08-28 02:36:50'),(481,'011003076 ','Gunawan Sugiarto, dr. SpA ',1,NULL,'2018-08-28 02:36:50'),(482,'011403041 ','Gurmeet Singh, dr. Sp.P.D ',1,NULL,'2018-08-28 02:36:50'),(483,'195502251980031002 ','Gus Permana, drg. Ph.D., SpPM ',1,NULL,'2018-08-28 02:36:50'),(484,'140212089 ','Gusti Gede Suardana, Dr. SpM ',1,NULL,'2018-08-28 02:36:50'),(485,'140216504 ','H Chamim, dr. SpOG ',1,NULL,'2018-08-28 02:36:50'),(486,'195310281980121001 ','Engkus Kusdinar Achmad, dr. MPH ',1,NULL,'2018-08-28 02:36:50'),(487,'010602073 ','H. F. Wulandari, dr. Sp.A. ',1,NULL,'2018-08-28 02:36:50'),(488,'194803061976031001 ','Hadi Pratomo, Prof. dr. MPH., Dr.PH ',1,NULL,'2018-08-28 02:36:50'),(489,'010602243 ','Hadi Purnomo, dr. SpJP(K) ',1,NULL,'2018-08-28 02:36:50'),(490,'140165899 ','Hamzah Shatri, Dr. dr. SpPD ',1,NULL,'2018-08-28 02:36:50'),(491,'140187694 ','Hananto Andriantoro, dr. Sp.J.P.(K). ',1,NULL,'2018-08-28 02:36:50'),(492,'195712231983031002 ','Hanif G. Tobing, dr. Sp.B.S. ',1,NULL,'2018-08-28 02:36:50'),(493,'140253730 ','Hanifah Oswari, Dr. dr. SpA(K) ',1,NULL,'2018-08-28 02:36:50'),(494,'195611051982032001 ','Hanna Bachtiar, Prof. Dr. drg. SpRKG(K) ',1,NULL,'2018-08-28 02:36:50'),(495,'197212231997022001 ','Hanny Handiyani S.Kp., M.Kep. ',1,NULL,'2018-08-28 02:36:50'),(496,'0107050226 ','Hanny Nilasari, dr. Sp.K.K. ',1,NULL,'2018-08-28 02:36:50'),(497,'197707022010122001 ','Happy Hayati S.Kp. M.Kep. ',1,NULL,'2018-08-28 02:36:50'),(498,'195111221977061001 ','Hardiono D. Pusponegoro, dr. Sp. A(K) ',1,NULL,'2018-08-28 02:36:50'),(499,'195512251985031001 ','Hari Sunarto, drg. Sp.Perio(K) ',1,NULL,'2018-08-28 02:36:50'),(500,'010903041 ','Harim Priyono, dr. Sp.T.H.T. ',1,NULL,'2018-08-28 02:36:50'),(501,'0107050186 ','Hariyono Winarto, dr. Sp.OG. ',1,NULL,'2018-08-28 02:36:50'),(502,'140376486 ','Harjo Sakdomo Bajuadji, dr. SpOG ',1,NULL,'2018-08-28 02:36:50'),(503,'195107211979031003 ','Harmita, Prof. Dr. Apt. ',1,NULL,'2018-08-28 02:36:50'),(504,'197610092008122001 ','Harrina Erlianti Rahardjo, dr. Sp.U, PhD. ',1,NULL,'2018-08-28 02:36:50'),(505,'194812241975011002 ','Harry Isbagio, Prof. Dr. dr. SpPD-KR., K.Ger ',1,NULL,'2018-08-28 02:36:50'),(506,'140113555 ','Harry Syarif, dr. SpOG ',1,NULL,'2018-08-28 02:36:50'),(507,'195810231984101001 ','Hartono Gunardi, dr. Sp.A(K) ',1,NULL,'2018-08-28 02:36:50'),(508,'195803231983032002 ','Haru Setyo Anggani, Dr.drg. Sp.Ort(K.) ',1,NULL,'2018-08-28 02:36:50'),(509,'195103161977032001 ','Harum Sasanti Yudoyono, DR. drg. Sp PM ',1,NULL,'2018-08-28 02:36:50'),(510,'195210301979021001 ','Harun Asjiq Gunawan, Dr. drg. M.S., PAK ',1,NULL,'2018-08-28 02:36:50'),(511,'195009301975031001 ','Haryoto Kusnoputranto, Prof. dr. S.KM., Dr.PH ',1,NULL,'2018-08-28 02:36:50'),(512,'195302081982031001 ','Hasan Mihardja, dr. Sp.Ak., M.Kes. ',1,NULL,'2018-08-28 02:36:50'),(513,'011603006 ','Hasan, dr. Sp.P.D. ',1,NULL,'2018-08-28 02:36:50'),(514,'195405211984121001 ','Hasbullah Thabrany, Prof. dr. MPH., Dr.PH ',1,NULL,'2018-08-28 02:36:50'),(515,'195706131988111001 ','Hayun, Dr. Drs. M.Si. ',1,NULL,'2018-08-28 02:36:50'),(516,'197103301997022001 ','Hayuni Rahmah S.Kp., MNS ',1,NULL,'2018-08-28 02:36:50'),(517,'195212281979022001 ','Hediyanti Joenoes, drg. M.Si. ',1,NULL,'2018-08-28 02:36:50'),(518,'197408312009122001 ','Heidy Agustin, dr. Sp.P. ',1,NULL,'2018-08-28 02:36:50'),(519,'196510241991022001 ','Helda, Dr. dr. M.Kes. ',1,NULL,'2018-08-28 02:36:51'),(520,'197504112000031001 ','Hendra S.KM., MKKK ',1,NULL,'2018-08-28 02:36:51'),(521,'010602327 ','Hendragini, dr. SpKK ',1,NULL,'2018-08-28 02:36:51'),(522,'196103271990032001 ','Hendri Astuty, Dra. M.S. ',1,NULL,'2018-08-28 02:36:51'),(523,'021503007 ','Hendry, drg. Sp.Pros. ',1,NULL,'2018-08-28 02:36:51'),(524,'197701192000022001 ','Hening Pujasari S.Kp., M.Biomed., MANP ',1,NULL,'2018-08-28 02:36:51'),(525,'195502101980112001 ','Henni Koesmaningati, drg. Sp.Pros (K.Remov) ',1,NULL,'2018-08-28 02:36:51'),(526,'196710021997022001 ','Henny Permatasari S.Kp., M.Kep., Sp.Kom ',1,NULL,'2018-08-28 02:36:51'),(527,'011003080 ','Henny Rosita Iskandar, dr. SpA ',1,NULL,'2018-08-28 02:36:51'),(528,'195111021979022001 ','Herawati Aru Sudojo, dr. Ph.D. ',1,NULL,'2018-08-28 02:36:51'),(529,'197510102010121001 ','Herbert Situmorang, dr. Sp.OG. ',1,NULL,'2018-08-28 02:36:51'),(530,'194809171975031002 ','Herdiman T. Pohan, Prof. dr. DTM&H., SpPD(K) ',1,NULL,'2018-08-28 02:36:51'),(531,'0100400024 ','Heri Wibowo, Dr. Drs. M.S. ',1,NULL,'2018-08-28 02:36:51'),(532,'195410061981031004 ','Heriandi Sutadi, Prof. drg. SpKGA (K)., Ph.D. ',1,NULL,'2018-08-28 02:36:51'),(533,'195710211984032002 ','Heriani, dr. Sp.K.J.(K). ',1,NULL,'2018-08-28 02:36:51'),(534,'195305031980031004 ','Herkutanto, Prof. Dr. dr. Sp.F(K), SH, LLM, FACLM ',1,NULL,'2018-08-28 02:36:51'),(535,'010903474 ','Herman Fikri, dr. SpOG ',1,NULL,'2018-08-28 02:36:51'),(536,'196511201991031002 ','Herman Suryadi, Dr. Drs. M.S., Apt ',1,NULL,'2018-08-28 02:36:51'),(537,'195407051982122001 ','Hernawita, Dr. SpM ',1,NULL,'2018-08-28 02:36:51'),(538,'197512061999032001 ','Herni Susanti S.Kp., M.N ',1,NULL,'2018-08-28 02:36:51'),(539,'197009181997031001 ','Herqutanto, dr. MPH., MARS ',1,NULL,'2018-08-28 02:36:51'),(540,'197511102008121001 ','Herry Novrinda S.K.G., M.Kes. ',1,NULL,'2018-08-28 02:36:51'),(541,'101503012 ','Heru Suparno, Drs. M.Kes ',1,NULL,'2018-08-28 02:36:51'),(542,'195703161985031003 ','Heru Suryonegoro, drg. SpRKG(K). ',1,NULL,'2018-08-28 02:36:51'),(543,'197606242008122002 ','Hervita Diatri, dr. Sp.KJ ',1,NULL,'2018-08-28 02:36:51'),(544,'196908162000031001 ','Hikari Ambara Sjakti, Dr. SpA ',1,NULL,'2018-08-28 02:36:51'),(545,'195302231983121001 ','Hilman Ibrahim, dr. SpB(K)BV ',1,NULL,'2018-08-28 02:36:51'),(546,'010602156 ','Hilman Tadjoedin, dr. Sp.P.D. ',1,NULL,'2018-08-28 02:36:51'),(547,'195406101981101001 ','Hindra Irawan Satari, dr. Sp.A(K)., MTrop(Paed) ',1,NULL,'2018-08-28 02:36:51'),(548,'011003031 ','Husniah Rubiana Thamrin, dr. Sp.FK., M.Kes. ',1,NULL,'2018-08-28 02:36:51'),(549,'194903221976031001 ','I Made Djaja, Prof. Dr. dr. S.KM., M.Sc ',1,NULL,'2018-08-28 02:36:51'),(550,'196612061992031001 ','I Made Kariasa S.Kp., M.M., M.Kep ',1,NULL,'2018-08-28 02:36:51'),(551,'195505051988031003 ','I Nyoman Murdana, dr. SpRM ',1,NULL,'2018-08-28 02:36:51'),(552,'196405231991021001 ','I Putu Gede Kayika, Dr. dr. Sp.OG (K) ',1,NULL,'2018-08-28 02:36:51'),(553,'196310251991031004 ','I Wayan Murna Y, dr. SpRad ',1,NULL,'2018-08-28 02:36:51'),(554,'195509171984031002 ','Ibrahim Basir, dr. SpB(K)BD ',1,NULL,'2018-08-28 02:36:51'),(555,'101403005 ','Ice Sesi Wulandari S.K.M., M.K.M ',1,NULL,'2018-08-28 02:36:51'),(556,'197607132009122001 ','Ice Yulia Wardani SKp., M.Kep. ',1,NULL,'2018-08-28 02:36:51'),(557,'011003137 ','Ida Gunawan, dr. M.S., Sp.G.K.(K). ',1,NULL,'2018-08-28 02:36:51'),(558,'195903231984031003 ','Idham Amir, dr. SpA(K) ',1,NULL,'2018-08-28 02:36:51'),(559,'196203221987031006 ','Idrus Alwi, Prof. Dr. dr. SpPD-KKV ',1,NULL,'2018-08-28 02:36:51'),(560,'021503008 ','Iffi Aprillia, drg. Sp.KG. ',1,NULL,'2018-08-28 02:36:51'),(561,'195604211982121001 ','Ifran Saleh, dr. SpOT ',1,NULL,'2018-08-28 02:36:51'),(562,'196006101984101001 ','Ign.Wuryantoro, dr. SpB., SpBTKV ',1,NULL,'2018-08-28 02:36:51'),(563,'197911302010121002 ','Ihsan Oesman, dr. Sp.OT. ',1,NULL,'2018-08-28 02:36:51'),(564,'010903023 ','Ika Dewi Mayangsari, dr. Sp.THT ',1,NULL,'2018-08-28 02:36:51'),(565,'196703261995122001 ','Ika Ningsih, Dra. DMM ',1,NULL,'2018-08-28 02:36:51'),(566,'196801051997031002 ','Ika Prasetya, dr. SpPD ',1,NULL,'2018-08-28 02:36:51'),(567,'010603203 ','Ika Puspa Sari, dr. M.Biomed. ',1,NULL,'2018-08-28 02:36:51'),(568,'100211610270905891','Ike Dwi Maharti, drg. Sp.K.G. ',1,NULL,'2018-08-28 02:36:51'),(569,'101303001 ','Ike Pujiriani M.K.K.K. ',1,NULL,'2018-08-28 02:36:51'),(570,'195909121987032001 ','Ike Siti Indiarti, drg. Ph.D., SpKGA(K). ',1,NULL,'2018-08-28 02:36:51'),(571,'010903024 ','Ikhwan Rinaldi, dr. Sp.P.D. ',1,NULL,'2018-08-28 02:36:51'),(572,'195806221984031003 ','Imam Subekti, Dr. SpPD-KEMD ',1,NULL,'2018-08-28 02:36:51'),(573,'195003111976061001 ','Imam Susanto, dr. SpB., SpBP ',1,NULL,'2018-08-28 02:36:51'),(574,'197006191996012001 ','Imami Nur Rachmawati, Dr. S.Kp., M.Sc.',1,NULL,'2018-08-28 02:36:51'),(575,'195507301981032001 ','Ina Susianti Timan, Dr. dr. SpPK ',1,NULL,'2018-08-28 02:36:51'),(576,'011003081 ','Ina Zarlina, dr. SpA ',1,NULL,'2018-08-28 02:36:51'),(577,'101003012 ','Indah Rosana Dj, Alpisahar, drg. M.Kes ',1,NULL,'2018-08-28 02:36:51'),(578,'0106050129 ','Indah Suci Widyahening, dr. M.S., M.Sc.,CM-FM ',1,NULL,'2018-08-28 02:36:51'),(579,'196108131989112001 ','Indang Trihandini, Dr. drg. M.Kes ',1,NULL,'2018-08-28 02:36:51'),(580,'195407291983031002 ','Indra Gusti Mansur, Dr. dr. DHES., SpAnd ',1,NULL,'2018-08-28 02:36:51'),(581,'195601101983122001 ','Indrati Suroyo, dr. SpRad(K) ',1,NULL,'2018-08-28 02:36:51'),(582,'197708122014092003','Indri Hapsari Susilowati, Dr. S.K.M., M.K.K.K.',1,NULL,'2018-08-28 02:36:51'),(583,'196310131989122001 ','Indriani, dr. Sp.RM. ',1,NULL,'2018-08-28 02:36:51'),(584,'197604272008122001 ','Indriasti Indah Wardhany, drg. SpPM ',1,NULL,'2018-08-28 02:36:51'),(585,'195709281983122001 ','Indriati MS Tobing, dr. Sp.RM. ',1,NULL,'2018-08-28 02:36:51'),(586,'140223613 ','Indriwanto Sakidjan, dr. SpJP ',1,NULL,'2018-08-28 02:36:51'),(587,'140053503 ','Indro Mulyono, dr. SpAn(K) ',1,NULL,'2018-08-28 02:36:51'),(588,'195504011981032003 ','Inge Sutanto, Prof. Dr. dr. M.Phill., SpParK ',1,NULL,'2018-08-28 02:36:51'),(589,'0108050305 ','Instiaty, dr. Sp.FK., Ph.D. ',1,NULL,'2018-08-28 02:36:51'),(590,'101503007 ','Ira Gustina S.Stat., M.K.M. ',1,NULL,'2018-08-28 02:36:51'),(591,'196907262000072002 ','Ira Mistivani, dr. SpRM ',1,NULL,'2018-08-28 02:36:51'),(592,'196904041998022001 ','Ira Tanti, Sp.Pros(K). ',1,NULL,'2018-08-28 02:36:51'),(593,'195902281985021001 ','Irawan Mangunatmadja, dr. SpA(K) ',1,NULL,'2018-08-28 02:36:51'),(594,'197506252009122001 ','Irene Yuniar, dr. Sp.A ',1,NULL,'2018-08-28 02:36:51'),(595,'140354294 ','Irfan Wahyudi, Dr. dr. SpU ',1,NULL,'2018-08-28 02:36:52'),(596,'195806291983122001 ','Iris Rengganis, dr. SpPD-KAI ',1,NULL,'2018-08-28 02:36:52'),(597,'0107050225 ','Irma Bernadette Tiorita Simbolon, dr. Sp.K.K. ',1,NULL,'2018-08-28 02:36:52'),(598,'195711081984032002 ','Irmia Kusumadewi, dr. SpKJ(K) ',1,NULL,'2018-08-28 02:36:52'),(599,'196310281989021001 ','Irsan Hasan, Dr. SpPD-KGEH ',1,NULL,'2018-08-28 02:36:52'),(600,'195608231982111001 ','Irwan Ramli, dr. SpRad(K) Onk.Rad ',1,NULL,'2018-08-28 02:36:52'),(601,'010603543 ','Isabella Kurnia Liem, dr. M.Biomed., Ph.D. ',1,NULL,'2018-08-28 02:36:52'),(602,'010903013 ','Iskandar R. Budianto, dr. Sp.B., Sp.BA. ',1,NULL,'2018-08-28 02:36:52'),(603,'010903454 ','Iskandar Wakhidiyat, Prof. Dr. dr. SpA ',1,NULL,'2018-08-28 02:36:52'),(604,'196502241991031002 ','Iskandarsyah, Dr. M.S., Apt. ',1,NULL,'2018-08-28 02:36:52'),(605,'0106050068 ','Ismail, Dr. dr. Sp.OT. ',1,NULL,'2018-08-28 02:36:52'),(606,'010903521 ','Ismail, dr. SpBTKV ',1,NULL,'2018-08-28 02:36:52'),(607,'010903012 ','Isman Firdaus, dr. Sp.J.P. ',1,NULL,'2018-08-28 02:36:52'),(608,'140120810 ','Ismoyo Sunu, Dr. dr. SpJP(K) ',1,NULL,'2018-08-28 02:36:52'),(609,'196410211991031001 ','Iwan Ariawan dr.  MSPH ',1,NULL,'2018-08-28 02:36:52'),(610,'140328906 ','Iwan Dakota, Dr. dr. SpJP(K) ',1,NULL,'2018-08-28 02:36:52'),(611,'195204181977021001 ','Iwan Tofani, Prof. drg. SpBM., Ph.D. ',1,NULL,'2018-08-28 02:36:52'),(612,'196905111996012001 ','Iwany Amalliah, drg. M.Epid. ',1,NULL,'2018-08-28 02:36:52'),(613,'140258435 ','J. M. Seno Adjie, Dr. ',1,NULL,'2018-08-28 02:36:52'),(614,'196208071990031002 ','Jacub Pandelaki, dr. SpRad ',1,NULL,'2018-08-28 02:36:52'),(615,'197703292009121002 ','Jamal, dr. Sp.P., Ph.D. ',1,NULL,'2018-08-28 02:36:52'),(616,'195107151979031004 ','Jaslis Ilyas, Dr. drg. MPH.',1,NULL,'2018-08-28 02:36:52'),(617,'195407251980032003 ','Jeanne Adiwinata, Prof. dr. M.S., Ph.D. ',1,NULL,'2018-08-28 02:36:52'),(618,'197508052009121005 ','Jeferson, dr. SpAn ',1,NULL,'2018-08-28 02:36:52'),(619,'195801111983122001 ','Jenny Bashiruddin, Prof. Dr. dr. Sp.THT-KL(K) ',1,NULL,'2018-08-28 02:36:52'),(620,'140090468 ','Jetty R.H. Sedyawan, dr. SpJP(K) ',1,NULL,'2018-08-28 02:36:52'),(621,'140109469 ','Johana Titus, Dr. dr. M.S., SpGK ',1,NULL,'2018-08-28 02:36:52'),(622,'140080173 ','Jose R.L Batubara, Prof. dr. SpA(K)., Ph.D ',1,NULL,'2018-08-28 02:36:52'),(623,'171503001 ','Joshita Djajadisastra, Dr. M.S., Apt. ',1,NULL,'2018-08-28 02:36:52'),(624,'140171763 ','Judi J. Endjun, dr. SpOG ',1,NULL,'2018-08-28 02:36:52'),(625,'011003144 ','Juferdy Kurniawan, dr. Sp.P.D. ',1,NULL,'2018-08-28 02:36:52'),(626,'031303011 ','Juheini, Dra. M.Si ',1,NULL,'2018-08-28 02:36:52'),(627,'195107311976032001 ','Julianti Soewondo, drg. SpPerio(K) ',1,NULL,'2018-08-28 02:36:52'),(628,'195407141980031003 ','Julianto Witjaksono A. S., Dr. SpOG ',1,NULL,'2018-08-28 02:36:52'),(629,'010903176 ','Julie Dewi Barliana, dr. Sp.M., M.Biomed. ',1,NULL,'2018-08-28 02:36:52'),(630,'196107121987031002 ','Jull Kurniarobbi, dr. SpKO ',1,NULL,'2018-08-28 02:36:52'),(631,'011003084 ','Jully Nelly Kasie, Dr. SpA ',1,NULL,'2018-08-28 02:36:52'),(632,'196102241986022002 ','July Kumalawati, dr. DMM., SpPK(K) ',1,NULL,'2018-08-28 02:36:52'),(633,'195701151980032002 ','Junaiti Sahar, Dra. S.Kp., M.App.Sc., Ph.D ',1,NULL,'2018-08-28 02:36:52'),(634,'195906131984112002 ','Junita Indarti, Dr. SpOG ',1,NULL,'2018-08-28 02:36:52'),(635,'140081665 ','Jusuf Rachmat, dr. SpBTKV ',1,NULL,'2018-08-28 02:36:52'),(636,'011403007 ','Kaka Renaldi, dr. Sp.P.D. ',1,NULL,'2018-08-28 02:36:52'),(637,'195409071982032002 ','Kamizar, drg. SpKG(K) ',1,NULL,'2018-08-28 02:36:52'),(638,'196811041998071001 ','Kanadi Sumapradja, Dr. SpOG., M.Sc ',1,NULL,'2018-08-28 02:36:52'),(639,'199004082015042001 ','Kartika Anggun Dimar Setio S.K.M., M.K.M. ',1,NULL,'2018-08-28 02:36:52'),(640,'010903178 ','Kartiwa Hadi Nuryanto, dr. Sp.OG ',1,NULL,'2018-08-28 02:36:52'),(641,'031303010 ','Katrin, Dr. M.S., Apt. ',1,NULL,'2018-08-28 02:36:52'),(642,'195109011976031004 ','Kemal Nazarudin Siregar, dr. SKM., M.A., Ph.D ',1,NULL,'2018-08-28 02:36:52'),(643,'011003029 ','Kemas Abdurrohim, dr. Sp.Ak., MARS., M.Kes. ',1,NULL,'2018-08-28 02:36:52'),(644,'140089021 ','Kemas Firman, dr. Sp.A(K) ',1,NULL,'2018-08-28 02:36:52'),(645,'010603187 ','Khie Chen, dr. Sp.P.D.(K) ',1,NULL,'2018-08-28 02:36:52'),(646,'011003086 ','Khumaedi, dr. SpA, Magister ',1,NULL,'2018-08-28 02:36:52'),(647,'195503091978102001 ','Krisna Yetti, Dr. S.Kp., M.App.Sc. ',1,NULL,'2018-08-28 02:36:52'),(648,'195504181992022001 ','Krisnawati Bantas, Dr. dr. M.Kes. ',1,NULL,'2018-08-28 02:36:52'),(649,'196006291987032001 ','Krisnawati, drg. SpOrt(K). ',1,NULL,'2018-08-28 02:36:52'),(650,'010903184 ','Kristaninta Bangun, dr. Sp.BP ',1,NULL,'2018-08-28 02:36:52'),(651,'140125273 ','Kumara B. Hera Pratiwi, dr. Sp.RM. ',1,NULL,'2018-08-28 02:36:52'),(652,'197603112008122001 ','Kuntarti S.Kp., M.Biomed. ',1,NULL,'2018-08-28 02:36:52'),(653,'1008050331 ','Kurnia Sari S.K.M., M.S.E. ',1,NULL,'2018-08-28 02:36:52'),(654,'100903003 ','Kusharisupeni Djokosujono, Prof. Dr. dr. M.Sc. ',1,NULL,'2018-08-28 02:36:52'),(655,'196503271990031001 ','Kusmardi, Dr. Drs. M.S. ',1,NULL,'2018-08-28 02:36:52'),(656,'140078948 ','Kusmarinah Bramono, Dr. SpKK(K)., Ph.D ',1,NULL,'2018-08-28 02:36:52'),(657,'195004261980032001 ','L. Meily, Prof. Dr. dr. M.Sc., Sp.Ok. ',1,NULL,'2018-08-28 02:36:52'),(658,'197311041998032004 ','Laila Fitria, Dr. S.K.M., M.K.M. ',1,NULL,'2018-08-28 02:36:52'),(659,'195404101980032004 ','Laila Nuranna, Dr. dr. SpOG(K) ',1,NULL,'2018-08-28 02:36:52'),(660,'011003088 ','Lanny Christine Gultom, Dr. Sp.A ',1,NULL,'2018-08-28 02:36:52'),(661,'198004082012122001 ','Larisa Paramitha, dr. Sp.K.K. ',1,NULL,'2018-08-28 02:36:52'),(662,'194711161975032001 ','Laura Susanti, Prof. drg. SpPros (K) ',1,NULL,'2018-08-28 02:36:52'),(663,'020903011 ','Leonard Christiaan, drg. Sp.Pros ',1,NULL,'2018-08-28 02:36:52'),(664,'196302151989111001 ','Leonard Nainggolan, Dr. SpPD-KPTI ',1,NULL,'2018-08-28 02:36:52'),(665,'197306061997022005 ','Lestari Sukmarini S.Kp., M.N ',1,NULL,'2018-08-28 02:36:52'),(666,'197109171999032001 ','Lia Damayanti, dr. M.Biomed., SpPA ',1,NULL,'2018-08-28 02:36:52'),(667,'197908152012122001 ','Lia Kartika Wulansari Sri Gunoro Puteri, drg. SpPros. ',1,NULL,'2018-08-28 02:36:52'),(668,'140216005 ','Lies Dina Liastuti, dr. Sp.JP ',1,NULL,'2018-08-28 02:36:52'),(669,'0107050227 ','Lili Legiawati, dr. Sp.K.K. ',1,NULL,'2018-08-28 02:36:52'),(670,'196403061989032001 ','Lilies Dwi Sulistyani, Dr. drg. Sp.BM. ',1,NULL,'2018-08-28 02:36:52'),(671,'011003089 ','Lilis D. Hendrawati, dr. SpA ',1,NULL,'2018-08-28 02:36:52'),(672,'011403036 ','Lis Surachmiati Suseno, dr. Sp.K.K ',1,NULL,'2018-08-28 02:36:53'),(673,'197609172010122002 ','Lisa Rinanda Amir, Dr. drg. ',1,NULL,'2018-08-28 02:36:53'),(674,'195809241990122001 ','Lisawati Susanto, dr. M.Kes ',1,NULL,'2018-08-28 02:36:53'),(675,'196705101992032003 ','Lisnawati, dr. SpPA(K) ',1,NULL,'2018-08-28 02:36:53'),(676,'197608222012122001 ','Listya Tresnanti Mirtha, dr. Sp.K.O. ',1,NULL,'2018-08-28 02:36:53'),(677,'131403001 ','Liya Arista, Ns. S.Kep., M.Kep. ',1,NULL,'2018-08-28 02:36:53'),(678,'011003092 ','Lola Purnama Dewi, Dr. SpA ',1,NULL,'2018-08-28 02:36:53'),(679,'195910171984122001 ','Lucky Aziza Bawazier, Dr. Sp.P.D. ',1,NULL,'2018-08-28 02:36:53'),(680,'195603251982032001 ','Lucky Hartati Moehario, dr. Ph.D., Sp.MK ',1,NULL,'2018-08-28 02:36:53'),(681,'140206501 ','Ludwig Andribert Powantia, dr. SpOT ',1,NULL,'2018-08-28 02:36:53'),(682,'010603189 ','Lugyanti Sukrisman, dr. SpPD ',1,NULL,'2018-08-28 02:36:53'),(683,'011103016 ','Luh Ade Ari Wiradnyani S.Si., M.Sc. ',1,NULL,'2018-08-28 02:36:53'),(684,'011503006 ','Luh Ari Indrawati, dr. Sp.S ',1,NULL,'2018-08-28 02:36:53'),(685,'196101281988122001 ','Luh Karunia Wahyuni, dr. SpRM ',1,NULL,'2018-08-28 02:36:53'),(686,'197208072005011002 ','Lukman Edwar, dr. Sp.M. ',1,NULL,'2018-08-28 02:36:53'),(687,'011503020 ','Lukman Halim, dr. M.Gizi., Sp.G.K.(K). ',1,NULL,'2018-08-28 02:36:53'),(688,'140090932 ','Lukman Shebubakar, dr. SpOT ',1,NULL,'2018-08-28 02:36:53'),(689,'100803001 ','Luknis Sabri, dr. ',1,NULL,'2018-08-28 02:36:53'),(690,'010903523 ','Luluk Yunaini S.Si., M.Biomed. ',1,NULL,'2018-08-28 02:36:53'),(691,'011103034 ','Lusiani, dr. Sp.P.D. ',1,NULL,'2018-08-28 02:36:53'),(692,'010603044 ','Luthfi Gatam, dr. SpOT ',1,NULL,'2018-08-28 02:36:53'),(693,'010903333 ','Luthfi Hardiyanto, dr. Ph.D. ',1,NULL,'2018-08-28 02:36:53'),(694,'198010072005021004 ','M. Arza Putra, dr. Sp.BTKV ',1,NULL,'2018-08-28 02:36:53'),(695,'010903328 ','M. Kurniawan, dr. ',1,NULL,'2018-08-28 02:36:53'),(696,'196710311997021001 ','M. Nasrul, drg. ',1,NULL,'2018-08-28 02:36:53'),(697,'198109072012121004 ','M. Radhian Arief, dr. Sp. B.S. ',1,NULL,'2018-08-28 02:36:53'),(698,'140127293 ','M. Sidik, Dr. SpM. ',1,NULL,'2018-08-28 02:36:53'),(699,'140087979 ','M. Syarif Darmasetiawan, dr. SpOG ',1,NULL,'2018-08-28 02:36:53'),(700,'140245409 ','M. Yamin, dr. ',1,NULL,'2018-08-28 02:36:53'),(701,'196806072009122002 ','Made Susiyanti, dr. SpM ',1,NULL,'2018-08-28 02:36:53'),(702,'196009041988111001 ','Mahdi Jufri, Dr. M.Si ',1,NULL,'2018-08-28 02:36:53'),(703,'010903323 ','Maizul Anwar, dr. SpB., SpBTKV ',1,NULL,'2018-08-28 02:36:53'),(704,'195012121982111001 ','Maksum Radji, Prof. Dr. M.Biomed., Apt. ',1,NULL,'2018-08-28 02:36:53'),(705,'193209241989021002 ','Manfaluthy Hakim, dr. Sp.S(K) ',1,NULL,'2018-08-28 02:36:53'),(706,'140078952 ','Manoefris Kasim, dr. SpJP(K) ',1,NULL,'2018-08-28 02:36:53'),(707,'197403172008121002 ','Marcel Prasetyo, dr. Sp.Rad ',1,NULL,'2018-08-28 02:36:53'),(708,'195709041982111001 ','Marcellus Simadibrata, Prof. dr. Ph.D., Sp.PD(K). ',1,NULL,'2018-08-28 02:36:53'),(709,'196206101988112001 ','Mardiastuti H Wahid, Dr. dr. M.Sc., SpMK ',1,NULL,'2018-08-28 02:36:53'),(710,'195603101982112001 ','Mardiati Nadjib, Dr. drg. M.S. ',1,NULL,'2018-08-28 02:36:53'),(711,'195309201980032002 ','Margaretha Suharsini Soetopo, Prof. Dr. drg. SU., SpKGA(K) ',1,NULL,'2018-08-28 02:36:53'),(712,'010903320 ','Maria Francisca Ham, dr. ',1,NULL,'2018-08-28 02:36:53'),(713,'196309211989032003 ','Maria Francisca Lindawati Soetanto, Prof. Dr. drg. Sp.Pros(K) ',1,NULL,'2018-08-28 02:36:53'),(714,'010903319 ','Maria Mayasari, dr. Sp.B. ',1,NULL,'2018-08-28 02:36:53'),(715,'196310311988032001 ','Maria Purbiati,  Dr. drg. Sp.Ort(K). ',1,NULL,'2018-08-28 02:36:53'),(716,'011503022 ','Marini Stephanie, dr. Sp.P.A. ',1,NULL,'2018-08-28 02:36:53'),(717,'011503014 ','Mario Marbungaran Hutapea, dr. Sp.M ',1,NULL,'2018-08-28 02:36:53'),(718,'171403009 ','Marista Gilang Mauldina M.Farm ',1,NULL,'2018-08-28 02:36:53'),(719,'010602221 ','Marlinda Adham, dr. Sp.T.H.T.K.L(K), Ph.D. ',1,NULL,'2018-08-28 02:36:53'),(720,'011003095 ','Martani Widjajanti, dr. SpA ',1,NULL,'2018-08-28 02:36:53'),(721,'195905301987012001 ','Martina W Nasrun, Dr. dr. SpKJ(K) ',1,NULL,'2018-08-28 02:36:53'),(722,'1000400008','Martya Rahmaniati, S.Si., M.Si',1,NULL,'2018-08-28 02:36:53'),(723,'140255136 ','Maruhum Bonar Hasiholan Marbun, dr. Sp.P.D. KGH. ',1,NULL,'2018-08-28 02:36:53'),(724,'011403042 ','Marya Warascesaria Haryono, dr. Sp.G.K. ',1,NULL,'2018-08-28 02:36:53'),(725,'197302021998031002 ','Masfuri S.Kp., M.N ',1,NULL,'2018-08-28 02:36:53'),(726,'100240310232200891 ','Masyitoh, drg. M.A.R.S. ',1,NULL,'2018-08-28 02:36:53'),(727,'195110091981031003 ','Maulana Silalahi, Drs. M.Eng.Sc ',1,NULL,'2018-08-28 02:36:53'),(728,'171403004 ','Mayagustina Andarini, Dra. M.Sc. ',1,NULL,'2018-08-28 02:36:53'),(729,'011503001 ','Meidianie Camellia Sutrisna, dr. Sp.S ',1,NULL,'2018-08-28 02:36:53'),(730,'011503019 ','Meilani Kumala, Dr. dr. M.Gizi., Sp.G.K.(K). ',1,NULL,'2018-08-28 02:36:53'),(731,'198005312014042001 ','Meilania Saraswati, dr. Sp.P.A. ',1,NULL,'2018-08-28 02:36:53'),(732,'010602334 ','Meita Dewayani, dr. SpKK ',1,NULL,'2018-08-28 02:36:53'),(733,'195305151985032001 ','Meiwita Paulina Budiharsana, dr. MPA., Ph.D. ',1,NULL,'2018-08-28 02:36:53'),(734,'011303003 ','Melani Marissa, dr. Sp.K.K. ',1,NULL,'2018-08-28 02:36:53'),(735,'101503003 ','Meliana Sari S.K.M., M.K.M. ',1,NULL,'2018-08-28 02:36:53'),(736,'100240310270402891 ','Melisa Leviana, dr. M.Kes. ',1,NULL,'2018-08-28 02:36:53'),(737,'198405202015042001 ','Melissa Adiatman, drg. Ph.D. ',1,NULL,'2018-08-28 02:36:53'),(738,'0108050352 ','Melva Louisa, Dr. S.Si., M.Biomed. ',1,NULL,'2018-08-28 02:36:53'),(739,'195509301982091001 ','Menaldi Rasmin, Prof. dr. H. Sp.P(K), FCCP ',1,NULL,'2018-08-28 02:36:53'),(740,'196510211991032001 ','Menik Priaminiarti, Dr. drg. Sp.RKG ',1,NULL,'2018-08-28 02:36:53'),(741,'195303251986022001 ','Meny Hartati, Dra. M.S. ',1,NULL,'2018-08-28 02:36:53'),(742,'011503028 ','Merci Monica Br Pasaribu, dr. Sp.PK ',1,NULL,'2018-08-28 02:36:54'),(743,'195202101979022001 ','Mia Damiyanti, Dr. drg. M.Pd. ',1,NULL,'2018-08-28 02:36:54'),(744,'196901251998022001 ','Mieke Savitri, dr. M.Kes ',1,NULL,'2018-08-28 02:36:54'),(745,'195408031980112001 ','Miesje Karmiati Purwanegara, Dr. drg. S.U., Sp.Ort(K). ',1,NULL,'2018-08-28 02:36:54'),(746,'100240310210507791 ','Mila Maidarti, dr. Sp.O.G. ',1,NULL,'2018-08-28 02:36:54'),(747,'197511232008122002 ','Mila Tejamaya S.Si., MOHS., Ph.D. ',1,NULL,'2018-08-28 02:36:54'),(748,'197205311999032003 ','Milla Herdayati S.KM., M.Si ',1,NULL,'2018-08-28 02:36:54'),(749,'195102251978032001 ','Minarma Siagian, Dr. dr. M.S., AIF ',1,NULL,'2018-08-28 02:36:54'),(750,'195506251983032001 ','Mindya Yuniastuti, drg. M.S. ',1,NULL,'2018-08-28 02:36:54'),(751,'197505182009122003 ','Mirta Hediyati Reksodiputro, Dr.dr. Sp.THT ',1,NULL,'2018-08-28 02:36:54'),(752,'197410101998021001 ','Mochamad Fahlevi Rizal, Dr. drg. Sp.KGA (K) ',1,NULL,'2018-08-28 02:36:54'),(753,'140076093 ','Moh. Arifin Nawas, dr. SpP(K)., MARS ',1,NULL,'2018-08-28 02:36:54'),(754,'011403011 ','Mohamad Fahmi, dr. Sp.P. ',1,NULL,'2018-08-28 02:36:54'),(755,'194811061975031001 ','Mohamad Sadikin, Prof. dr. D.Sc. ',1,NULL,'2018-08-28 02:36:54'),(756,'0107050228 ','Mohamad Saekhu, dr. Sp.BS. ',1,NULL,'2018-08-28 02:36:54'),(757,'011403039 ','Mohammad Ardhian Syaifuddin, dr. Sp.F. ',1,NULL,'2018-08-28 02:36:54'),(758,'196209191990031001 ','Mondastri Korib Sudaryo, dr. MS, D.Sc ',1,NULL,'2018-08-28 02:36:54'),(759,'195812181983121002 ','Muchtaruddin Mansyur, Dr. dr. M.S., Sp.OK., Ph.D. ',1,NULL,'2018-08-28 02:36:54'),(760,'011003019 ','Muhadi, dr. Sp.P.D. ',1,NULL,'2018-08-28 02:36:54'),(761,'198403302014041001 ','Muhamad Adam, Ns. M.Kep., Sp.Kep.M.B. ',1,NULL,'2018-08-28 02:36:54'),(762,'010903471 ','Muhammad Arman, dr. Sp.B.TKV. ',1,NULL,'2018-08-28 02:36:54'),(763,'031103006 ','Muhammad Hanafi, Dr. M.Sc ',1,NULL,'2018-08-28 02:36:54'),(764,'198212272012121003 ','Muhammad Iqbal Sofyan, dr. Sp.M. ',1,NULL,'2018-08-28 02:36:54'),(765,'010602252 ','Muhammad Munawar, Dr. SpJP(K) ',1,NULL,'2018-08-28 02:36:54'),(766,'010602253 ','Muhammad Yusak, dr. SpJP(K) ',1,NULL,'2018-08-28 02:36:54'),(767,'140120581 ','Mukhtar Ikhsan, dr. Sp.P(K), MARS ',1,NULL,'2018-08-28 02:36:54'),(768,'196911092009122001 ','Mulya Rahma Karyanti, dr. Sp.A(K) ',1,NULL,'2018-08-28 02:36:54'),(769,'140246525 ','Mulyadi, DR. Dr. M. Djer. SpA(K) ',1,NULL,'2018-08-28 02:36:54'),(770,'195910251989032001 ','Mulyati, Dra. M.S ',1,NULL,'2018-08-28 02:36:54'),(771,'195407051982032002 ','Munyati Usman, drg. SpKG(K) ',1,NULL,'2018-08-28 02:36:54'),(772,'196206121989011002 ','Murdani Abdullah, Dr. dr. SpPD-KGEH ',1,NULL,'2018-08-28 02:36:54'),(773,'0106050154 ','Murti Andriastuti, Dr. dr. Sp.A(K). ',1,NULL,'2018-08-28 02:36:54'),(774,'196202121987012001 ','Muslita Indrasari, drg. M.Kes., Sp.Pros(K) ',1,NULL,'2018-08-28 02:36:54'),(775,'197011141997022001 ','Mustikasari, Dr. S.Kp., MARS. ',1,NULL,'2018-08-28 02:36:54'),(776,'196311061991021001 ','Muzal Kadim, dr. Sp.A(K) ',1,NULL,'2018-08-28 02:36:54'),(777,'197204281997022001 ','Nada Ismah, drg. Sp.Ort. ',1,NULL,'2018-08-28 02:36:54'),(778,'196012271990031001 ','Nadar Sukri, Drs. M.S. ',1,NULL,'2018-08-28 02:36:54'),(779,'021503006 ','Nadhia Anindhita Harsas, drg. Sp.Perio. ',1,NULL,'2018-08-28 02:36:54'),(780,'010903310 ','Nadia Ayu Mulansari, dr. SpPD ',1,NULL,'2018-08-28 02:36:54'),(781,'198310152010122003 ','Nadia Farhanah Syafhan S.Farm., M.Si. ',1,NULL,'2018-08-28 02:36:54'),(782,'198306012014042001 ','Nadia Nastassia Primananda Putri Shah Ifran, dr. Sp.O.T. ',1,NULL,'2018-08-28 02:36:54'),(783,'196110301988111001 ','Nafrialdi, dr. Ph.D., SpPD ',1,NULL,'2018-08-28 02:36:54'),(784,'195504261980031002 ','Najib Advani, dr. SpA(K)., M.Med(Paed) ',1,NULL,'2018-08-28 02:36:54'),(785,'100211610281808891','Nanda Asyura Rizkyani M.Farm., Apt. ',1,NULL,'2018-08-28 02:36:54'),(786,'140222109 ','Nani Cahyani Sudarsono, Dr. SpKO ',1,NULL,'2018-08-28 02:36:54'),(787,'140074646 ','Nani Hersunarti, dr. Sp.JP(K) ',1,NULL,'2018-08-28 02:36:54'),(788,'196805251993032001 ','Nani Nurhaeni, Dr. S.Kp., M.N ',1,NULL,'2018-08-28 02:36:54'),(789,'194812291975061001 ','Nasrin Kodim, Prof. Dr. dr. M.PH ',1,NULL,'2018-08-28 02:36:54'),(790,'010603082 ','Nasrul Liza, dr. SpB(K)BD ',1,NULL,'2018-08-28 02:36:54'),(791,'197011121999072001 ','Nastiti Kaswandani, dr. Sp.A ',1,NULL,'2018-08-28 02:36:54'),(792,'197312092008122002 ','Natalia Widiasih Raharjanti, dr. Sp.KJ ',1,NULL,'2018-08-28 02:36:54'),(793,'031203004 ','Nelly Dhevita Leswara, Dra. M.Sc., Apt., Ph.D. ',1,NULL,'2018-08-28 02:36:54'),(794,'197209032001122001 ','Neng Tine Kartinah, Dr. dr. M.Kes. ',1,NULL,'2018-08-28 02:36:54'),(795,'196902272009122001 ','Neni Anggraini, dr. SpM ',1,NULL,'2018-08-28 02:36:54'),(796,'011403046 ','Ni Made Hustrini, dr. Sp.P.D. ',1,NULL,'2018-08-28 02:36:54'),(797,'011503005 ','Ni Nengah Rida Ariarini, dr. Sp.S ',1,NULL,'2018-08-28 02:36:54'),(798,'196301121989032001 ','Nia Ayu Ismaniati Suria, drg. MDSc., SpOrt(K). ',1,NULL,'2018-08-28 02:36:54'),(799,'196508081991032002 ','Nia Kurniati, dr. Sp.A(K) ',1,NULL,'2018-08-28 02:36:54'),(800,'0108050281 ','Niken Lestari, dr. Sp.THT-KL ',1,NULL,'2018-08-28 02:36:54'),(801,'197710312010122002 ','Nikmah Salamia Idris, dr. Sp.A. ',1,NULL,'2018-08-28 02:36:54'),(802,'194904111976032001 ','Nila Djuwita F. Muluk, Prof. Dr. dr. SpM(K) ',1,NULL,'2018-08-28 02:36:54'),(803,'197907082010122002 ','Nina Ariani, drg. Sp.Pros. ',1,NULL,'2018-08-28 02:36:54'),(804,'198302282015042003 ','Nina Dwi Putri S.Ked., Sp.A. ',1,NULL,'2018-08-28 02:36:54'),(805,'196005161985122001 ','Nina Irawati, dr. Sp.THT-KL ',1,NULL,'2018-08-28 02:36:54'),(806,'140323289 ','Nina Kemalasari, Dr. SpPD ',1,NULL,'2018-08-28 02:36:54'),(807,'195212121979022001 ','Niniarty Z. Djamal, drg. M.Kes ',1,NULL,'2018-08-28 02:36:54'),(808,'195807011987032002 ','Ninik Mudjihartini, Dr. dr. M.S. ',1,NULL,'2018-08-28 02:36:54'),(809,'196403291990032002 ','Ninik Sukartini, dr. Sp.PK ',1,NULL,'2018-08-28 02:36:54'),(810,'196609051992032002 ','Noenoek Poerwaningsih, Dra.  ',1,NULL,'2018-08-28 02:36:54'),(811,'195706011983032002 ','Noorhana SW, dr. SpKJ ',1,NULL,'2018-08-28 02:36:54'),(812,'010602176 ','Noorwati Sutandyo, dr. Sp.PD-KHOM ',1,NULL,'2018-08-28 02:36:54'),(813,'196202201987092001 ','Nora Sutarina, dr. SpKO ',1,NULL,'2018-08-28 02:36:54'),(814,'196011211986011002 ','Noroyono Wibowo, Dr. dr. SpOG(K) ',1,NULL,'2018-08-28 02:36:55'),(815,'011003101 ','Noto Dwimartutie, dr. SpPD ',1,NULL,'2018-08-28 02:36:55'),(816,'010903462 ','Novi Resistantie, dr. SpOG ',1,NULL,'2018-08-28 02:36:55'),(817,'197911042008122001 ','Novi Silvia Hardiany, Dr. dr. M.Biomed. ',1,NULL,'2018-08-28 02:36:55'),(818,'196911181999032001 ','Novie Amelia C, Dr. SpA ',1,NULL,'2018-08-28 02:36:55'),(819,'196811071993032003 ','Novy Helena Catharina Daulima, Dr. S.Kp., M.Sc. ',1,NULL,'2018-08-28 02:36:55'),(820,'010602177 ','Nugroho Prayogo, dr. Sp.PD.KHOM ',1,NULL,'2018-08-28 02:36:55'),(821,'101203004 ','Nuning Maria Kiptiyah, Prof. dr. MPH., Dr.PH ',1,NULL,'2018-08-28 02:36:55'),(822,'197008191995122001 ','Nur Agustini S.Kp., M.Si. ',1,NULL,'2018-08-28 02:36:55'),(823,'195109191980101001 ','Nur Haryono, dr. SpJP(K) ',1,NULL,'2018-08-28 02:36:55'),(824,'198003202014042002 ','Nur Rahadiani, dr. Ph.D. ',1,NULL,'2018-08-28 02:36:55'),(825,'196411211991031002 ','Nur Rasyid, Dr. dr. Sp.U. ',1,NULL,'2018-08-28 02:36:55'),(826,'011003103 ','Nuraini Irma Susanti, Dr. Sp.A. ',1,NULL,'2018-08-28 02:36:55'),(827,'171403005 ','Nuraini Puspitasari M.Si., Apt. ',1,NULL,'2018-08-28 02:36:55'),(828,'196101051989031003 ','Nurhadi Ibrahim, dr. Ph.D. ',1,NULL,'2018-08-28 02:36:55'),(829,'195510121982112001 ','Nurhayati Adnan, drg. MPH., M.Sc., ScD ',1,NULL,'2018-08-28 02:36:55'),(830,'195702041990031001 ','Nurhuda, Dr. M.S. ',1,NULL,'2018-08-28 02:36:55'),(831,'010603549 ','Nuri Purwito Adi, dr. M.K.K. ',1,NULL,'2018-08-28 02:36:55'),(832,'140206912 ','Nurman Effendi, dr. SpOT ',1,NULL,'2018-08-28 02:36:55'),(833,'195303011982012001 ','Nurmiati Amir, Dr. dr. SpKJ(K) ',1,NULL,'2018-08-28 02:36:55'),(834,'197406152008122002 ','Nurtami, drg. Ph.D. ',1,NULL,'2018-08-28 02:36:55'),(835,'010603191 ','Nurul Paramita, dr. M.Biomed. ',1,NULL,'2018-08-28 02:36:55'),(836,'011203010 ','Nurul Ratna Mutu Manikam, dr. M.Gizi., Sp.G.K. ',1,NULL,'2018-08-28 02:36:55'),(837,'197006122000072002 ','Nury Dyah Indrasari, dr. Sp.PK ',1,NULL,'2018-08-28 02:36:55'),(838,'195405091983022001 ','Nury Nusdwinuringtyas, Dr. dr. SpRM., M.Epid ',1,NULL,'2018-08-28 02:36:55'),(839,'195403121980032001 ','Nuryati Chairani Siregar, dr. M.S., Ph.D., SpPA(K) ',1,NULL,'2018-08-28 02:36:55'),(840,'196007091987112001 ','Nyimas Diana Yulisa, dr. SpRad.(K) ',1,NULL,'2018-08-28 02:36:55'),(841,'197110112008012010 ','Oktavia Lilyasari, dr. M.Kes, SpJP ',1,NULL,'2018-08-28 02:36:55'),(842,'0106050159 ','Oktavinda Safitry, dr. Sp.F., M.Pd.Ked. ',1,NULL,'2018-08-28 02:36:55'),(843,'195806181983121001 ','Omo A. Madjid, Dr. ',1,NULL,'2018-08-28 02:36:55'),(844,'195604221981101001 ','Pandu Riono, Dr. MPH., Ph.D ',1,NULL,'2018-08-28 02:36:55'),(845,'010903297 ','Parintosa Atmodiwirjo, dr. Sp.BP ',1,NULL,'2018-08-28 02:36:55'),(846,'195008201975031003 ','Parlindungan Siregar, Prof. Dr. dr. Sp.PD-KGH ',1,NULL,'2018-08-28 02:36:55'),(847,'140102537 ','Partini P. Trihono, Dr. dr. SpA(K)., M.Med(Paed) ',1,NULL,'2018-08-28 02:36:55'),(848,'011503018 ','Patrianef, dr. SpB(K)V ',1,NULL,'2018-08-28 02:36:55'),(849,'011603004 ','Paulus Daniel Sahanggamu M.Gizi ',1,NULL,'2018-08-28 02:36:55'),(850,'195310291983032001 ','Peni K. Samsuria, Dr. dr. M.S. ',1,NULL,'2018-08-28 02:36:55'),(851,'195502271980032001 ','Peni Kusumastuti, dr. Sp.RM. ',1,NULL,'2018-08-28 02:36:55'),(852,'196006201987031001 ','Peter E. F. Andreas, drg. M.Kes ',1,NULL,'2018-08-28 02:36:55'),(853,'0108050374 ','Petrin Redayani Lukman, dr. Sp.KJ. ',1,NULL,'2018-08-28 02:36:55'),(854,'021503002 ','Pinta Marito, drg. Sp.Pros. ',1,NULL,'2018-08-28 02:36:55'),(855,'140323235 ','Piprim Basarah Yanuarso, dr. Sp.A ',1,NULL,'2018-08-28 02:36:55'),(856,'011103004 ','Pompini Agustina Sitompul, dr. SpP ',1,NULL,'2018-08-28 02:36:55'),(857,'0106050073 ','Ponco Birowo, dr. Sp.U., Ph.D. ',1,NULL,'2018-08-28 02:36:55'),(858,'197709222010122001 ','Poppy Fitriyani S.Kep., M.Kep. ',1,NULL,'2018-08-28 02:36:55'),(859,'140080169 ','Poppy S. Roebiono, dr. SpJP(K) ',1,NULL,'2018-08-28 02:36:55'),(860,'100220310261607791 ','Popy Yuniar S.K.M., M.M. ',1,NULL,'2018-08-28 02:36:55'),(861,'195204191977081001 ','Pradana Soewondo, Prof. Dr. dr. SpPD-KEMD ',1,NULL,'2018-08-28 02:36:55'),(862,'195306211981021001 ','Pradono, Dr. drg. Sp.BM ',1,NULL,'2018-08-28 02:36:55'),(863,'140207237 ','Pramita Gayatri Dwipoerwantoro, dr. Sp.A(K) ',1,NULL,'2018-08-28 02:36:55'),(864,'010603083 ','Pramudji Abdulgani, dr. SpB(K)Onk ',1,NULL,'2018-08-28 02:36:55'),(865,'198303272009121007 ','Prasandhya Astagiri Yusuf S.Si., MT ',1,NULL,'2018-08-28 02:36:55'),(866,'196503191995031002 ','Prasenohadi, Dr. SpP., Ph.D ',1,NULL,'2018-08-28 02:36:55'),(867,'195506241988112001 ','Prastuti Soewondo S.E., MPH., Ph.D ',1,NULL,'2018-08-28 02:36:55'),(868,'011003104 ','Pratiwi Andayani, dr. SpA ',1,NULL,'2018-08-28 02:36:55'),(869,'195207311978022001 ','Pratiwi Pudjilestari Sudarmono, Prof. dr. Ph.D., SpMK ',1,NULL,'2018-08-28 02:36:55'),(870,'010903294 ','Pribadi Wiranda Busro, dr. SpBTKV ',1,NULL,'2018-08-28 02:36:55'),(871,'195803111984031002 ','Prijo Sidipratomo, dr. SpRad(K) ',1,NULL,'2018-08-28 02:36:55'),(872,'198708292015042001 ','Prima Agustia Nova S.Kep., Ns., M.Sc. ',1,NULL,'2018-08-28 02:36:55'),(873,'0106050120 ','Primariadewi Rustamadji, Dr. dr. M.M., SpPA(K) ',1,NULL,'2018-08-28 02:36:55'),(874,'100140310252404791 ','Pringgodigdo Nugroho, dr. Sp.PD. ',1,NULL,'2018-08-28 02:36:55'),(875,'140096040 ','Priyanti Zuswayudha Soepandi, dr. Sp.P (K) ',1,NULL,'2018-08-28 02:36:55'),(876,'197903162012122003 ','Profitasari Kusumaningrum, dr. Sp. KJ. ',1,NULL,'2018-08-28 02:36:55'),(877,'010603014 ','Pryambodho, dr. Sp.An ',1,NULL,'2018-08-28 02:36:55'),(878,'196012061984032001 ','Pudji Sari, Dr. Dra. M.S. ',1,NULL,'2018-08-28 02:36:55'),(879,'196311081986031004 ','Pujiyanto, Dr. S.KM., M.Kes. ',1,NULL,'2018-08-28 02:36:55'),(880,'198304052008121002 ','Pukovisa Prawiroharjo, dr. ',1,NULL,'2018-08-28 02:36:55'),(881,'197910152010122004 ','Puput Oktamianti S.KM.MM. ',1,NULL,'2018-08-28 02:36:55'),(882,'195306111980031001 ','Purnawan Junadi, Prof. dr. MPH., Ph.D. ',1,NULL,'2018-08-28 02:36:55'),(883,'011503021 ','Purnawati Hustina Rachman M.Gizi ',1,NULL,'2018-08-28 02:36:55'),(884,'194712251973031001 ','Purnomo Suharso, Prof. Drs. Ph.D ',1,NULL,'2018-08-28 02:36:55'),(885,'101003005 ','Purwa Kurnia Sucahya S.K.M., M.M. ',1,NULL,'2018-08-28 02:36:55'),(886,'194903271978032001 ','Purwanty Astuti Ascobat, Prof. Dr. dr. M.Sc., SpFK ',1,NULL,'2018-08-28 02:36:55'),(887,'197605102008122003 ','Purwita Wijaya Laksmi, dr. SpPD ',1,NULL,'2018-08-28 02:36:55'),(888,'196504201991032004 ','Puspita Eka Wuyung, Dr. Dra. M.S. ',1,NULL,'2018-08-28 02:36:55'),(889,'140191434 ','Pustika Amalia Wahidiyat, Dr. SpA(K) ',1,NULL,'2018-08-28 02:36:55'),(890,'100240310271904891 ','Putri Bungsu S.K.M., M.Epid. ',1,NULL,'2018-08-28 02:36:56'),(891,'011003105 ','R. Anna Tjandrajani, dr. SpA ',1,NULL,'2018-08-28 02:36:56'),(892,'195909201989031002 ','R. Budi Haryanto, Dr. SKM., M.Kes., M.Sc. ',1,NULL,'2018-08-28 02:36:56'),(893,'196002171989032002 ','R. Fera Ibrahim, dr. M.Sc., Ph.D., SpMK. ',1,NULL,'2018-08-28 02:36:56'),(894,'030603072 ','R. Kurniasih, Dra. M.Pharm., Apt. ',1,NULL,'2018-08-28 02:36:56'),(895,'171303001 ','R. Muhammad Sumarno, Drs. Apt. ',1,NULL,'2018-08-28 02:36:56'),(896,'196704151997071002 ','R. Muharam, dr. SpOG(K) ',1,NULL,'2018-08-28 02:36:56'),(897,'130142999 ','R. Sjamsuhidajat, Prof. Dr. SpB(KBD) ',1,NULL,'2018-08-28 02:36:56'),(898,'140222412 ','R. Suhartono, dr. SpB(K)BV ',1,NULL,'2018-08-28 02:36:56'),(899,'197403102008121003 ','R. Sutiawan S.Kom., M.Si ',1,NULL,'2018-08-28 02:36:56'),(900,'011403008 ','R.M. Suryo Anggoro Kusumo Wibowo, dr. Sp.P.D. ',1,NULL,'2018-08-28 02:36:56'),(901,'196706031993032002 ','R.T. Ayu Dewi Sartika, Prof. Dr. Dra. Apt., M.Sc. ',1,NULL,'2018-08-28 02:36:56'),(902,'195503211981032001 ','RA Nilakusuma Djauharie, drg. MPH., SpKG(K) ',1,NULL,'2018-08-28 02:36:56'),(903,'140323530 ','RA. Setyo Handryastuti, dr. Sp.A ',1,NULL,'2018-08-28 02:36:56'),(904,'101203008 ','Rachmadhi Purwana, Prof. Dr. dr. S.K.M. ',1,NULL,'2018-08-28 02:36:56'),(905,'011503009 ','Rachmat Hamonangan, dr. Sp.P.D. ',1,NULL,'2018-08-28 02:36:56'),(906,'198012212015042001 ','Rachmitha Anne, drg. Sp.B.M. ',1,NULL,'2018-08-28 02:36:56'),(907,'011203005 ','Raden Besthadi Sukmono, dr. Sp.An. ',1,NULL,'2018-08-28 02:36:56'),(908,'195205081981012001 ','Raden Irawati Ismail, Prof. Dr. dr. Sp.KJ(K)., M.Epid. ',1,NULL,'2018-08-28 02:36:56'),(909,'197607102010122003 ','Raden Rara Diah Handayani, dr. Sp.P. ',1,NULL,'2018-08-28 02:36:56'),(910,'197811212008122002 ','Radiana Dhewayani Antarianto, dr. M.Biomed, Ph.D. ',1,NULL,'2018-08-28 02:36:56'),(911,'198706232012121002 ','Raditya Iswandana S.Farm., M.Farm., Apt ',1,NULL,'2018-08-28 02:36:56'),(912,'010903290 ','Radityo Prakoso, dr. ',1,NULL,'2018-08-28 02:36:56'),(913,'010903289 ','Rahadi Rihatmadja, dr. Sp.K.K. ',1,NULL,'2018-08-28 02:36:56'),(914,'011303001 ','Rahayuningsih Dharma, Prof. Dr. dr. SpPK(K) ',1,NULL,'2018-08-28 02:36:56'),(915,'011403009 ','Rahendra, dr. Sp.An. ',1,NULL,'2018-08-28 02:36:56'),(916,'101003029 ','Rahma Indira Wardani, drg. MARS ',1,NULL,'2018-08-28 02:36:56'),(917,'196501111995031002 ','Rahmad Mulyadi, dr. SpRad ',1,NULL,'2018-08-28 02:36:56'),(918,'010603545 ','Rahmadini, dr. M.Biomed. ',1,NULL,'2018-08-28 02:36:56'),(919,'010903288 ','Rahmanova, dr. ',1,NULL,'2018-08-28 02:36:56'),(920,'197010232009122001 ','Rahmi Afifi, dr. SpRad ',1,NULL,'2018-08-28 02:36:56'),(921,'195906051985032003 ','Rahmiati, dr. SpPA(K) ',1,NULL,'2018-08-28 02:36:56'),(922,'0108050351 ','Rahyussalim, Dr. dr. Sp.OT., K-Spine. ',1,NULL,'2018-08-28 02:36:56'),(923,'195101261977031001 ','Rainy Umbas, Prof. dr. H. Ph.D ',1,NULL,'2018-08-28 02:36:56'),(924,'198101112012121001 ','Rakhmad Hidayat, dr. Sp.S. ',1,NULL,'2018-08-28 02:36:56'),(925,'140097200 ','Rama Tjandra, dr. SpOG ',1,NULL,'2018-08-28 02:36:56'),(926,'031003026 ','Rani Sauriasari S.Si., Apt., M.Med.Sci., Ph.D. ',1,NULL,'2018-08-28 02:36:56'),(927,'011503010 ','Rani Wardani Hakim S.Si.,Apt.,,M.Biomed ',1,NULL,'2018-08-28 02:36:56'),(928,'011403025 ','Rarsari Soerarso, dr. Sp.JP. ',1,NULL,'2018-08-28 02:36:56'),(929,'195007251980032001 ','Ratna Djuwita, Prof. Dr. dr. MPH. ',1,NULL,'2018-08-28 02:36:56'),(930,'196303281989022001 ','Ratna Dwi Restuti, Dr. dr. Sp.THT-KL ',1,NULL,'2018-08-28 02:36:56'),(931,'010603009 ','Ratna Farida Soenarto, Dr. dr. SpAn ',1,NULL,'2018-08-28 02:36:56'),(932,'195406171980022001 ','Ratna Farida, drg. M.Phil ',1,NULL,'2018-08-28 02:36:56'),(933,'195805161983032001 ','Ratna Meidyawati, Dr. drg. E.H. SpKG(K). ',1,NULL,'2018-08-28 02:36:56'),(934,'196801081993012002 ','Ratna Sari Dewi, Dr. drg. Sp.Pros. ',1,NULL,'2018-08-28 02:36:56'),(935,'196102061987032005 ','Ratna Sitompul, Dr. dr. Sp.M(K) ',1,NULL,'2018-08-28 02:36:56'),(936,'194905031971092001 ','Ratna Sitorus, Prof. Dr. S.Kp., M.App.Sc ',1,NULL,'2018-08-28 02:36:56'),(937,'196011111989012001 ','Ratnawati, dr. Sp.P(K)., Ph.D. ',1,NULL,'2018-08-28 02:36:56'),(938,'196012311989032004 ','Rawina Winita, Dra. M.S., DAP&E ',1,NULL,'2018-08-28 02:36:56'),(939,'196908172009121001 ','Renan Sukmawan, dr. S.T., Sp.JP., Ph.D. ',1,NULL,'2018-08-28 02:36:56'),(940,'010903279 ','Reni Paramita, Dr. dr. M.Biomed. ',1,NULL,'2018-08-28 02:36:56'),(941,'196412211990101001 ','Renindra Ananda Aman, Dr. dr. Sp.BS ',1,NULL,'2018-08-28 02:36:56'),(942,'011003108 ','Renita Zein SpRad ',1,NULL,'2018-08-28 02:36:56'),(943,'197403132010122001 ','Renti Mahkota S.KM., M.Epid. ',1,NULL,'2018-08-28 02:36:56'),(944,'197508252008122001 ','Retno Asti Werdhani, dr. M.Epid ',1,NULL,'2018-08-28 02:36:56'),(945,'140205719 ','Retno Kadarsih Soemanto, dr. SpMK ',1,NULL,'2018-08-28 02:36:56'),(946,'140268378 ','Retno S.Wardani, Dr. dr. Sp.THT-KL ',1,NULL,'2018-08-28 02:36:56'),(947,'010603465 ','Retno Wahyuningsih, Prof. Dr. dr. M.S ',1,NULL,'2018-08-28 02:36:56'),(948,'196505221992032002 ','Retno Widayati, Dr. drg. Sp.Ort(K). ',1,NULL,'2018-08-28 02:36:56'),(949,'011003109 ','Retno Widyaningsih, dr. SpA ',1,NULL,'2018-08-28 02:36:56'),(950,'171603001','Retnosari Andrajati, Dra. M.S., Ph.D., Apt. ',1,NULL,'2018-08-28 02:36:56'),(951,'100120310272218891 ','Rezi Riadhi Syahdi S.Farm., M.Farm. ',1,NULL,'2018-08-28 02:36:56'),(952,'196504151984122001 ','Ria Kodariah, Dra. M.S. ',1,NULL,'2018-08-28 02:36:56'),(953,'197911272009122003 ','Ria Margiana, dr. M.Biomed. ',1,NULL,'2018-08-28 02:36:56'),(954,'196209011987032002 ','Ria Puspitawati, Dr. drg. ',1,NULL,'2018-08-28 02:36:56'),(955,'197102271997022001 ','Ria Utami Panjaitan S.Kp., M.Kep. ',1,NULL,'2018-08-28 02:36:56'),(956,'196311171990032002 ','Riana Pauline Tamba, dr. SpBA ',1,NULL,'2018-08-28 02:36:56'),(957,'194809251975031001 ','Rianto Setiabudy, Prof. Dr. dr. SpFK ',1,NULL,'2018-08-28 02:36:56'),(958,'101003009 ','Riati Anggriani S.H., MARS, M.Hum. ',1,NULL,'2018-08-28 02:36:56'),(959,'195012161982111001 ','Richard Budiman, dr. SpKJ(K) ',1,NULL,'2018-08-28 02:36:56'),(960,'101503006 ','Rico Kurniawan S.K.M., M.K.M. ',1,NULL,'2018-08-28 02:36:56'),(961,'195704141987032001 ','Ridhawati, Dra. M.Biomed. ',1,NULL,'2018-08-28 02:36:57'),(962,'195311121982031002 ','Ridwan Zahdi Syaaf, Drs.(Psi). MPH ',1,NULL,'2018-08-28 02:36:57'),(963,'010603205 ','Riesye Arisanty, dr. Sp.P.A. ',1,NULL,'2018-08-28 02:36:57'),(964,'011003111 ','Rifan Fauzie, dr. SpA ',1,NULL,'2018-08-28 02:36:57'),(965,'011003112 ','Rika Oktarina Rony, dr. SpA, MARS ',1,NULL,'2018-08-28 02:36:57'),(966,'198007132014042001 ','Rima Irwinda, dr. Sp.OG. ',1,NULL,'2018-08-28 02:36:57'),(967,'100240310272800791 ','Rina Agustina, Dr. M.Gizi. ',1,NULL,'2018-08-28 02:36:57'),(968,'101503014 ','Rina Khairunnisa Fadli S.K.M., M.K.M. ',1,NULL,'2018-08-28 02:36:57'),(969,'197911072010122002 ','Rina La Distia Nora, dr. Sp.M ',1,NULL,'2018-08-28 02:36:57'),(970,'030603073 ','Rina Mutiara, Dra. M.Pharm ',1,NULL,'2018-08-28 02:36:57'),(971,'198307072014042001 ','Rinadewi Astriningrum, dr. Sp.K.K. ',1,NULL,'2018-08-28 02:36:57'),(972,'196007281987092001 ','Rinawati Rohsiswatmo, Dr. dr. Sp.A(K). ',1,NULL,'2018-08-28 02:36:57'),(973,'196506021991012001 ','Rini Sekartini, Dr. dr. SpA(K) ',1,NULL,'2018-08-28 02:36:57'),(974,'196206171988031004 ','Rino A. Gani, Dr. SpPD-KGEH ',1,NULL,'2018-08-28 02:36:57'),(975,'197603242012122001 ','Riri Maria S.Kp., MANP. ',1,NULL,'2018-08-28 02:36:57'),(976,'195912201988032001 ','Ririn Arminsih Wulandari, Dr. drg. M.Kes ',1,NULL,'2018-08-28 02:36:57'),(977,'196304171990072001 ','Risma Kerina Kaban, Dr. SpA ',1,NULL,'2018-08-28 02:36:57'),(978,'0108050367 ','Rismala Dewi, Dr. dr. Sp.A. ',1,NULL,'2018-08-28 02:36:57'),(979,'196003131986032002 ','Risqa Rina Darwita, Prof. drg. Ph.D. ',1,NULL,'2018-08-28 02:36:57'),(980,'198107132012122003 ','Rissyelly S.Si., M.Farm., Apt ',1,NULL,'2018-08-28 02:36:57'),(981,'196203111988032001 ','Rita Damayanti, Dr. dra. MSPH ',1,NULL,'2018-08-28 02:36:57'),(982,'011003022 ','Rita Mustika, dr. M.Epid. ',1,NULL,'2018-08-28 02:36:57'),(983,'196107151989102001 ','Rita Rogayah, dr. Sp.P(K) ',1,NULL,'2018-08-28 02:36:57'),(984,'195908081986032000 ','Rita Sita Sitorus, Prof. Dr. SpM(K)., Ph.D ',1,NULL,'2018-08-28 02:36:57'),(985,'011003114 ','Rita Wahyunarti, Dr. SpA ',1,NULL,'2018-08-28 02:36:57'),(986,'197605152009122004 ','Rita Zahara, dr. SpJP ',1,NULL,'2018-08-28 02:36:57'),(987,'0108050310 ','Riwanti Estiasari, dr. Sp.S. ',1,NULL,'2018-08-28 02:36:57'),(988,'197706112009121003 ','Riyadh Firdaus, dr. Sp.AN ',1,NULL,'2018-08-28 02:36:57'),(989,'140172394 ','Rizal Irvan Shiddieqy Pohan, dr. SpOT ',1,NULL,'2018-08-28 02:36:57'),(990,'196302021991031003 ','Rizal Subahar, Dr. Drs. M.Biomed ',1,NULL,'2018-08-28 02:36:57'),(991,'131303002 ','Rizka Ristriyani, Ns. S.Kep. ',1,NULL,'2018-08-28 02:36:57'),(992,'010903470 ','Rizka Yurinda, dr. SpOG ',1,NULL,'2018-08-28 02:36:57'),(993,'021203002 ','RM Tri Ardi Mahendra, drg. Sp.Pros. ',1,NULL,'2018-08-28 02:36:57'),(994,'196112021989031003 ','Robert Lessang, drg. Sp.Perio(K) ',1,NULL,'2018-08-28 02:36:57'),(995,'197101301994032001 ','Robiana Modjo, Dr. SKM., M.Kes ',1,NULL,'2018-08-28 02:36:57'),(996,'010903273 ','Robiatul Adawiyah, Dr. dr. M.Biomed. ',1,NULL,'2018-08-28 02:36:57'),(997,'010602182 ','Rochsismandoko, dr. SpPD ',1,NULL,'2018-08-28 02:36:57'),(998,'011203008 ','Roman Ardian Goenarjo, dr. M.Biomed ',1,NULL,'2018-08-28 02:36:57'),(999,'195505221983031004 ','Ronnie Rivany, Dr. drg. M.Sc. ',1,NULL,'2018-08-28 02:36:57'),(1000,'195406121980111001 ','Ronny Suwento, dr. Sp.THT-KL(K) ',1,NULL,'2018-08-28 02:36:57'),(1001,'010603173 ','Roro Inge Ade Krisanti, dr. SpKK ',1,NULL,'2018-08-28 02:36:57'),(1002,'196709222009122001 ','Rosalina Dewi R., dr.  ',1,NULL,'2018-08-28 02:36:57'),(1003,'011103005 ','Rosamarlina, dr. SpP ',1,NULL,'2018-08-28 02:36:57'),(1004,'195304151978022001 ','Roselani Widajati L., drg. MDSc., SpPros(K) ',1,NULL,'2018-08-28 02:36:57'),(1005,'195311301984102001 ','Rosiana Pradanasari, dr. Sp.RM. ',1,NULL,'2018-08-28 02:36:57'),(1006,'031203003 ','Rosmala Dewi, Dra. Apt. ',1,NULL,'2018-08-28 02:36:57'),(1007,'195810161990032001 ','Rosmalena, Dra. M.Biomed ',1,NULL,'2018-08-28 02:36:57'),(1008,'140154801 ','Rossalyn Sandra Andrisa, dr. SpM, M.Epid ',1,NULL,'2018-08-28 02:36:57'),(1009,'197801212012122001 ','RR. Amanda Soebadi, dr. Sp.A ',1,NULL,'2018-08-28 02:36:57'),(1010,'197605132009122001 ','Rr. Dyah Purnamasari Sulistianingsih, dr. Sp.PD ',1,NULL,'2018-08-28 02:36:57'),(1011,'195908101985032003 ','Rr. Tut Wuri Andajani, Dr. drg. M.Biomed ',1,NULL,'2018-08-28 02:36:57'),(1012,'197111181999032001 ','Rr. Tutik Sri Hariyati, Dr. S.Kp., MARS. ',1,NULL,'2018-08-28 02:36:57'),(1013,'011403045 ','Rr.Prasetyanugraheni Kreshanti, dr. Sp.B.P. ',1,NULL,'2018-08-28 02:36:57'),(1014,'140350119 ','Rudi Putranto, dr. Sp.PD. ',1,NULL,'2018-08-28 02:36:57'),(1015,'010903270 ','Rudy Hidayat, dr. Sp.P.D. ',1,NULL,'2018-08-28 02:36:57'),(1016,'196909191999031003 ','Rudyanto Sedono, dr. SpAn.KIC ',1,NULL,'2018-08-28 02:36:57'),(1017,'197408272008122002 ','Rulliana Agustin, dr. M.Med.Ed ',1,NULL,'2018-08-28 02:36:57'),(1018,'195608131982112001 ','Sabarinah, Dr. M.Sc. ',1,NULL,'2018-08-28 02:36:57'),(1019,'195709291984032001 ','Saleha Sungkar, Prof. dr. DAP&E, MS, SpParK ',1,NULL,'2018-08-28 02:36:57'),(1020,'195409221983121001 ','Salim Haris, dr. H. SpS (K) ',1,NULL,'2018-08-28 02:36:57'),(1021,'196708081997072001 ','Sally A. Nasution, dr. SpPD-KKV ',1,NULL,'2018-08-28 02:36:57'),(1022,'195711141983111001 ','Samsul Ashari, Dr. SpBS ',1,NULL,'2018-08-28 02:36:57'),(1023,'140139035 ','Samuel Oetoro, Dr. dr. M.S., Sp.GK (K). ',1,NULL,'2018-08-28 02:36:57'),(1024,'195306211978081001 ','Sandi Iljanto, Dr. dr. MPH ',1,NULL,'2018-08-28 02:36:57'),(1025,'196305181992022001 ','Sandra Fikawati, Dr. drg. MPH ',1,NULL,'2018-08-28 02:36:57'),(1026,'021403006 ','Sandra Olivia Kuswandani, drg. Sp.Perio ',1,NULL,'2018-08-28 02:36:57'),(1027,'196009011988012001 ','Sandra Widaty, Dr. dr. Sp.KK(K). ',1,NULL,'2018-08-28 02:36:57'),(1028,'197503261999032001 ','Santi Purna Sari S.Si., M.Si ',1,NULL,'2018-08-28 02:36:57'),(1029,'010602257 ','Santoso Karo Karo, Dr. SpJP(K) ',1,NULL,'2018-08-28 02:36:57'),(1030,'195309271980072001 ','Saptawati Bardosono, Dr. dr. M.Sc. ',1,NULL,'2018-08-28 02:36:57'),(1031,'197705282010122001 ','Saraventi, drg. Sp.Pros ',1,NULL,'2018-08-28 02:36:57'),(1032,'195103241980021001 ','Sardikin Giriputro, Dr. SpP(K) ',1,NULL,'2018-08-28 02:36:57'),(1033,'021003006 ','Sariesendy, drg. Sp.Ort. ',1,NULL,'2018-08-28 02:36:57'),(1034,'195205201982032001 ','Sarworini B. Budiardjo, Dr. drg. SpKGA(K) ',1,NULL,'2018-08-28 02:36:58'),(1035,'0108050363 ','Sasanthy Kusumaningtyas S.Si., M.Biomed. ',1,NULL,'2018-08-28 02:36:58'),(1036,'195502081983021001 ','Sastiono, dr. SpB., SpBA ',1,NULL,'2018-08-28 02:36:58'),(1037,'196001221987012001 ','Sawitri Darmiati, dr. SpRad ',1,NULL,'2018-08-28 02:36:58'),(1038,'140135017 ','Semiramis Zizlavsky, Dr. dr. Sp.THT-KL ',1,NULL,'2018-08-28 02:36:58'),(1039,'196209091988112001 ','Septelia Inawati Wanandi, Dr. rer. physiol. dr. ',1,NULL,'2018-08-28 02:36:58'),(1040,'140137071 ','Setyo Hermanto, dr. SpOG ',1,NULL,'2018-08-28 02:36:58'),(1041,'196209291996031001 ','Setyo Widi Nugroho, dr. Sp.BS ',1,NULL,'2018-08-28 02:36:58'),(1042,'195404271977032001 ','Setyowati, Prof. Dra. M.App.Sc., Ph.D. ',1,NULL,'2018-08-28 02:36:58'),(1043,'021503003 ','Shalina Ricardo, drg. Sp.KG. ',1,NULL,'2018-08-28 02:36:58'),(1044,'195809291983032018 ','Shannaz Nadia Yusharyahya, dr. SpKK ',1,NULL,'2018-08-28 02:36:58'),(1045,'140136628 ','Shufrie Effendi, Dr. ',1,NULL,'2018-08-28 02:36:58'),(1046,'021403001 ','Sigit Handoko Utomo, drg. Sp.Ort. ',1,NULL,'2018-08-28 02:36:58'),(1047,'196605291993031004 ','Sigit Mulyono, Dr. S.Kp., M.N ',1,NULL,'2018-08-28 02:36:58'),(1048,'195810191986011003 ','Sigit Purbadi, dr. Sp.OG. ',1,NULL,'2018-08-28 02:36:58'),(1049,'010903254 ','Sila Wiweka, dr. Sp.P. ',1,NULL,'2018-08-28 02:36:58'),(1050,'197305151998022002 ','Silvia Surini M.Pharm.Sc., Ph.D. ',1,NULL,'2018-08-28 02:36:58'),(1051,'197612022009122002 ','Silvia Werdhy Lestari, Dr.dr. M.Biomed ',1,NULL,'2018-08-28 02:36:58'),(1052,'195803091984101001 ','Singkat Dohar Apul L.Tobing, dr. SpOT ',1,NULL,'2018-08-28 02:36:58'),(1053,'197811032010122001 ','Siska Suridanda Danny, dr. Sp. JP ',1,NULL,'2018-08-28 02:36:58'),(1054,'010903009 ','Sita L. Andarini, dr. ',1,NULL,'2018-08-28 02:36:58'),(1055,'060603648 ','Sitaresmi Sulistyawati, Dr. Dra. M. Psi.T ',1,NULL,'2018-08-28 02:36:58'),(1056,'021603003 ','Siti Aliyah Pradono, drg. Sp.PM. ',1,NULL,'2018-08-28 02:36:58'),(1057,'150903002 ','Siti Annisa Nuhonni, dr. SpRM-K ',1,NULL,'2018-08-28 02:36:58'),(1058,'196404221991032002 ','Siti Arifah Pujonarti, Ir. MPH ',1,NULL,'2018-08-28 02:36:58'),(1059,'197203131999032002 ','Siti Chodidjah S.Kp., M.N. ',1,NULL,'2018-08-28 02:36:58'),(1060,'196407311997022001 ','Siti Farida, Dr. dr. M.Kes. ',1,NULL,'2018-08-28 02:36:58'),(1061,'011525003 ','Siti Fatimah S.E. ',1,NULL,'2018-08-28 02:36:58'),(1062,'197802212010122002 ','Siti Handayani, dr. Sp.Bp. ',1,NULL,'2018-08-28 02:36:58'),(1063,'020903013 ','Siti Mardewi Soerono Akbar, Prof. Dr. drg. SpKG ',1,NULL,'2018-08-28 02:36:58'),(1064,'011525004 ','Siti Masitoh S.T ',1,NULL,'2018-08-28 02:36:58'),(1065,'196306091995122001 ','Siti Nurbaya, Dra. M.Si. ',1,NULL,'2018-08-28 02:36:58'),(1066,'196110151987032002 ','Siti Setiati, Prof. Dr. dr. SpPD-KGer, M.Epid, FINASIM ',1,NULL,'2018-08-28 02:36:58'),(1067,'195410301980032002 ','Siti Triaminingsih Prawirowinoto, drg. M.T. ',1,NULL,'2018-08-28 02:36:58'),(1068,'020903012 ','Siti Wuryan A Prayitno, Prof. drg. S.K.M., M.Sc., Ph.D, Sp.Perio(K) ',1,NULL,'2018-08-28 02:36:58'),(1069,'195512121983031007 ','Sjahrul Meizar Nasri, Dr. Ir. M.Sc. ',1,NULL,'2018-08-28 02:36:58'),(1070,'031303009 ','Sodikin Sadek, Drs. S.T., M.Kes. ',1,NULL,'2018-08-28 02:36:58'),(1071,'140096721 ','Soedarman Sjamsoe, Dr. SpM ',1,NULL,'2018-08-28 02:36:58'),(1072,'195304221980121001 ','Soedjatmiko, dr. Sp.A(K), MSi ',1,NULL,'2018-08-28 02:36:58'),(1073,'195509041980032002 ','Soehartati Argadikoesoema, Prof. Dr. dr. SpRad(K), OnkRad ',1,NULL,'2018-08-28 02:36:58'),(1074,'140089024 ','Sofyanuddin, dr. SpOT ',1,NULL,'2018-08-28 02:36:58'),(1075,'195812241984101001 ','Sonar Soni Panigoro, dr. ',1,NULL,'2018-08-28 02:36:58'),(1076,'0108050307 ','Sondang Marisi Holong Aemilia Pandjaitan Sirait, dr. Sp.K.K. ',1,NULL,'2018-08-28 02:36:58'),(1077,'197803012012121004 ','Sony Hilal Wicaksono, dr. Sp. JP. ',1,NULL,'2018-08-28 02:36:58'),(1078,'198201212009122003 ','Sophie Yolanda, dr. M.Biomed. ',1,NULL,'2018-08-28 02:36:58'),(1079,'196004191986032001 ','Sri Angky Soekanto, drg. Ph.D. ',1,NULL,'2018-08-28 02:36:58'),(1080,'195609191982032001 ','Sri Lelyati, DR. drg. S.U., Sp.Perio(K) ',1,NULL,'2018-08-28 02:36:58'),(1081,'140097108 ','Sri Lestari, dr. SpOG ',1,NULL,'2018-08-28 02:36:58'),(1082,'195610061982032003 ','Sri Linuwih Susetyo Wardhani Menaldi, Dr.dr. Sp.KK(K) ',1,NULL,'2018-08-28 02:36:58'),(1083,'195504121986032001 ','Sri Mutya Sekarutami, Dr. dr. Sp.Rad(K), Onk.Rad ',1,NULL,'2018-08-28 02:36:58'),(1084,'140162099 ','Sri Nilawati, dr. SpKO ',1,NULL,'2018-08-28 02:36:58'),(1085,'195303301979022001 ','Sri Redjeki, Dr. drg. M.S. ',1,NULL,'2018-08-28 02:36:58'),(1086,'195301301979022001 ','Sri Sukmaniah, dr. M.Sc., Sp.GK.(K). ',1,NULL,'2018-08-28 02:36:58'),(1087,'0108050330 ','Sri Suryo Adiyanti, dr. M.Kes. ',1,NULL,'2018-08-28 02:36:58'),(1088,'195207151985032001 ','Sri Tjahyani Budi Utami, drg. M.Kes ',1,NULL,'2018-08-28 02:36:58'),(1089,'198106022014042001 ','Sri Wahdini, dr. M.Biomed. ',1,NULL,'2018-08-28 02:36:58'),(1090,'195201251978032001 ','Sri Widia Jusman, Prof. Dr. dr. M.S. ',1,NULL,'2018-08-28 02:36:58'),(1091,'197604132008122002 ','Sri Yona S.Kp., MN., Ph.D. ',1,NULL,'2018-08-28 02:36:58'),(1092,'100803005 ','Sudarti Kresno, Prof. Dr. Dra. S.K.M., M.A. ',1,NULL,'2018-08-28 02:36:58'),(1093,'194712051974031001 ','Sudarto Ronoatmodjo, Prof. Dr. dr. S.K.M., M.Sc ',1,NULL,'2018-08-28 02:36:58'),(1094,'011203002','Sudigdo Sastroasmoro, Prof. Dr. dr. Sp.A(K)',1,NULL,'2018-08-28 02:36:58'),(1095,'101203001 ','Sudijanto Kamso, Prof. Dr. dr. S.KM. ',1,NULL,'2018-08-28 02:36:58'),(1096,'140150329 ','Sudung O. Pardede, dr. SpA(K) ',1,NULL,'2018-08-28 02:36:58'),(1097,'101003030 ','Sugma Agung Purbowo, dr. MARS ',1,NULL,'2018-08-28 02:36:58'),(1098,'195004171978101001 ','Suhardjono, Prof. Dr. dr. SpPD ',1,NULL,'2018-08-28 02:36:58'),(1099,'195305311981101001 ','Suharko Soebardi, dr. SpPD ',1,NULL,'2018-08-28 02:36:58'),(1100,'196008281985121001 ','Suhendro, Dr. dr. SpPD-KPTI ',1,NULL,'2018-08-28 02:36:58'),(1101,'011003132 ','Suhermi Ismail, Dr. SpRad ',1,NULL,'2018-08-28 02:36:58'),(1102,'010903243 ','Sukamto, dr. Sp.Pd. ',1,NULL,'2018-08-28 02:36:58'),(1103,'100803004 ','Sukidjo Notoatmodjo, Prof. Dr. S.K.M., M.Comm.H ',1,NULL,'2018-08-28 02:36:58'),(1104,'198310102010121003 ','Sukihananto S.Kep., M.Kep. ',1,NULL,'2018-08-28 02:36:58'),(1105,'195202061977081001 ','Sukman T Putra, dr. SpA(K)., FACC, FESC ',1,NULL,'2018-08-28 02:36:58'),(1106,'197303192009121001 ','Suko Adiarto, dr. Sp.JP., PhD ',1,NULL,'2018-08-28 02:36:59'),(1107,'100903005 ','Sumengen Sutomo S.K.M., M.PH, Dr.PH ',1,NULL,'2018-08-28 02:36:59'),(1108,'101503005 ','Sumijatun S.Kp., M.A.R.S ',1,NULL,'2018-08-28 02:36:59'),(1109,'140081940 ','Sunarya Soerianata, dr. SpJP(K) ',1,NULL,'2018-08-28 02:36:59'),(1110,'011403035 ','Sunu Budhi Raharjo, dr. PhD., SpJP ',1,NULL,'2018-08-28 02:36:59'),(1111,'011103024 ','Suprayitno Wardoyo, dr. Sp.B.T.K.V. ',1,NULL,'2018-08-28 02:36:59'),(1112,'196210051992032002 ','Supri Irianti Handayani, Dra. M.Biomed ',1,NULL,'2018-08-28 02:36:59'),(1113,'101503011 ','Suprijanto Rijadi, dr. M.P.A., Ph.D. ',1,NULL,'2018-08-28 02:36:59'),(1114,'100903006 ','Supriyantoro, dr. DSP (k)., MARS ',1,NULL,'2018-08-28 02:36:59'),(1115,'196804201999011001 ','Surahman Hakim, dr. SpOG(K) ',1,NULL,'2018-08-28 02:36:59'),(1116,'011003140 ','Surya Dharma, dr. Sp.JP, FIHA ',1,NULL,'2018-08-28 02:36:59'),(1117,'196702171995031001 ','Surya Dwira, Drs. M.Si. ',1,NULL,'2018-08-28 02:36:59'),(1118,'140106044 ','Susilo Candra, dr. Sp.AnK ',1,NULL,'2018-08-28 02:36:59'),(1119,'196304101989031006 ','Suskhan, Dr. SpOG ( K ) ',1,NULL,'2018-08-28 02:36:59'),(1120,'195910301987112001 ','Susyana Tamin, dr. Sp.THT-KL ',1,NULL,'2018-08-28 02:36:59'),(1121,'196209251989031005 ','Sutanto Priyo Hastono, Dr. M.Kes. ',1,NULL,'2018-08-28 02:36:59'),(1122,'197303211997021002 ','Sutriyo S.Si., M.Si., Apt ',1,NULL,'2018-08-28 02:36:59'),(1123,'195711011990031001 ','Suyud, Dr. M.Si. ',1,NULL,'2018-08-28 02:36:59'),(1124,'195303111979022001 ','Suzanna Immanuel, Prof. dr. SpPK(K) ',1,NULL,'2018-08-28 02:36:59'),(1125,'011003121 ','Syahfrizal Syafei, dr. Sp.PD-KHOM ',1,NULL,'2018-08-28 02:36:59'),(1126,'140225969 ','Syahrial M Hutauruk, dr. Sp.THT-KL ',1,NULL,'2018-08-28 02:36:59'),(1127,'195903111987031001 ','Syahrizal, dr. MPH., Ph.D ',1,NULL,'2018-08-28 02:36:59'),(1128,'140161178 ','Syaiful Anwar Hadi, dr. SpOT ',1,NULL,'2018-08-28 02:36:59'),(1129,'0108050371 ','Syaiful Ichwan, dr. Sp.BS. ',1,NULL,'2018-08-28 02:36:59'),(1130,'198001242009122001 ','Syarifah Dewi, dr. M.Biomed ',1,NULL,'2018-08-28 02:36:59'),(1131,'140348770 ','Sylahuddin, dr. SpOG ',1,NULL,'2018-08-28 02:36:59'),(1132,'195911131986032001 ','Sylvia D Elvira, dr. SpKJ(K) ',1,NULL,'2018-08-28 02:36:59'),(1133,'197802122009122002 ','Syntia Nusanti, dr. Sp.M., M.Pd.Ked. ',1,NULL,'2018-08-28 02:36:59'),(1134,'197507062009122002 ','Syska Widyawati, dr. Sp.M. ',1,NULL,'2018-08-28 02:36:59'),(1135,'195207251983031003 ','Syukri Mustafa, Dr. SpM ',1,NULL,'2018-08-28 02:36:59'),(1136,'020703005 ','Syurri Innaddinna Syahraini, drg. M.Biomed. ',1,NULL,'2018-08-28 02:36:59'),(1137,'196206261990032003 ','Taniawati Supali, Prof. Dr. Dra. ',1,NULL,'2018-08-28 02:36:59'),(1138,'195605141984031004 ','Tantani Sugiman, dr. SpAn ',1,NULL,'2018-08-28 02:36:59'),(1139,'011603003 ','Tantri Hellyanti, dr. Sp.P.A. ',1,NULL,'2018-08-28 02:36:59'),(1140,'011403026 ','Taofan, dr. SpJP, FIHA., FICA ',1,NULL,'2018-08-28 02:36:59'),(1141,'011003122 ','Tato Heryanto, dr. SpRad ',1,NULL,'2018-08-28 02:36:59'),(1142,'011103001 ','Taufik Mesiano, dr. Sp.S. ',1,NULL,'2018-08-28 02:36:59'),(1143,'171503003 ','Taufiq Indra Rukmana M.Farm., Apt. ',1,NULL,'2018-08-28 02:36:59'),(1144,'195907131985121001 ','Teguh Haryono Karyadi, Dr. SpPD-KAI ',1,NULL,'2018-08-28 02:36:59'),(1145,'010903227 ','Telly Kamelia, dr. Sp.P.D. ',1,NULL,'2018-08-28 02:36:59'),(1146,'197012152000032001 ','Teny Tjitra Sari, dr. SpA ',1,NULL,'2018-08-28 02:36:59'),(1147,'194908071974061001 ','Teuku Zulkifli Jacoeb, Prof. Dr. dr. SpOG-KFER ',1,NULL,'2018-08-28 02:36:59'),(1148,'198311202014042001 ','Thariqah Salamah, dr. Sp.Rad. ',1,NULL,'2018-08-28 02:36:59'),(1149,'196610251995031001 ','Theddeus O.H. Prasetyono, dr. SpBP ',1,NULL,'2018-08-28 02:36:59'),(1150,'100240310291212891 ','Tiara Amelia S.K.M., M.Sc. ',1,NULL,'2018-08-28 02:36:59'),(1151,'197606072009122001 ','Tiara Aninditha, Dr. dr. Sp.S. ',1,NULL,'2018-08-28 02:36:59'),(1152,'011403047 ','Tike Hari Pratikto, Dr. Med. dr. Sp.J.P ',1,NULL,'2018-08-28 02:36:59'),(1153,'196403141990032001 ','Tirza Z. Tamin, Dr. dr. SpRM ',1,NULL,'2018-08-28 02:36:59'),(1154,'010903225 ','Titi Sundari, dr. Sp.P. ',1,NULL,'2018-08-28 02:36:59'),(1155,'197512312008122004 ','Titin Ungsianik S.Kp., M.B.A ',1,NULL,'2018-08-28 02:36:59'),(1156,'197111072000032001 ','Titis Prawitasari, Dr. SpA ',1,NULL,'2018-08-28 02:36:59'),(1157,'196001251986032001 ','Tjahjani Mirawati Sudiro, dr. Ph.D. ',1,NULL,'2018-08-28 02:36:59'),(1158,'140100717 ','Tjahyono D. Gondhowiardjo, Dr. Ph.D., SpM ',1,NULL,'2018-08-28 02:36:59'),(1159,'195509031980121001 ','Tjandra Yoga Aditama, Prof. dr. Sp.P(K), MARS, DTCE, DTM&H ',1,NULL,'2018-08-28 02:36:59'),(1160,'011003139 ','Tjatur Kuat Sagoro, dr. SpA ',1,NULL,'2018-08-28 02:36:59'),(1161,'140071165 ','Tjepi Aloewi, dr. M.Sc., SpOK ',1,NULL,'2018-08-28 02:36:59'),(1162,'010602010 ','Tjetjep Dwidjasiswadja, dr. Sp.F. ',1,NULL,'2018-08-28 02:36:59'),(1163,'196204191990111001 ','Tjhin Wiguna, Dr. dr. SpKJ(K) ',1,NULL,'2018-08-28 02:36:59'),(1164,'140136743 ','Tjut Nurul Alam Jacoeb, Dr. dr. SpKK(K) ',1,NULL,'2018-08-28 02:36:59'),(1165,'140131056 ','Toar J. M. Lalisang, dr. SpB(K)BD ',1,NULL,'2018-08-28 02:36:59'),(1166,'197604202008122002 ','Tofan Widya Utami, dr. Sp.OG ',1,NULL,'2018-08-28 02:36:59'),(1167,'101203013 ','Toha Muhaimin, Dr. dr. M.Sc. ',1,NULL,'2018-08-28 02:36:59'),(1168,'195307041980031003 ','Tonny Loho, dr. DMM., SpPK(K) ',1,NULL,'2018-08-28 02:36:59'),(1169,'197609062009122001 ','Tresia Fransiska Ulianna, dr. Tambunan Sp.RM ',1,NULL,'2018-08-28 02:36:59'),(1170,'101303002 ','Tresnasari Satya Putri S.K.M., M.K.M. ',1,NULL,'2018-08-28 02:36:59'),(1171,'0107050168 ','Trevino Aristarkus Pakasi, dr. M.S., Ph.D. ',1,NULL,'2018-08-28 02:36:59'),(1172,'197812152010122001 ','Tri Budiati S.Kep., M.Kep. ',1,NULL,'2018-08-28 02:36:59'),(1173,'198005162014042001 ','Tri Hening Rahayatri, dr. Sp.B. ',1,NULL,'2018-08-28 02:36:59'),(1174,'197202212006041001 ','Tri Juda Airlangga Hardjoprawito, dr. Sp.THT-KL ',1,NULL,'2018-08-28 02:36:59'),(1175,'010903217 ','Tri Juli Edi Tarigan, dr. Sp.P.D.(K). ',1,NULL,'2018-08-28 02:36:59'),(1176,'196302061990031002 ','Tri Krianto, Dr. drs. M.Kes ',1,NULL,'2018-08-28 02:36:59'),(1177,'196501261990032001 ','Tri Rahayu, dr. SpM ',1,NULL,'2018-08-28 02:36:59'),(1178,'198608092015042003','Tri Wahyuni M.Biomed., Apt ',1,NULL,'2018-08-28 02:36:59'),(1179,'131103007 ','Tri Widyastuti Handayani Ns.Sp.Kep.Kom ',1,NULL,'2018-08-28 02:36:59'),(1180,'010903215 ','Tri Wisesa Soetisna, dr. SpB., SpBTKV ',1,NULL,'2018-08-28 02:36:59'),(1181,'196406301991031001 ','Tri Yunis Miko Wahyono, Dr. dr. M.Sc. ',1,NULL,'2018-08-28 02:37:00'),(1182,'010903213 ','Triana Agustin, dr. Sp.KK ',1,NULL,'2018-08-28 02:37:00'),(1183,'010903228 ','Tricia Dewi Anggraeni, dr. Sp.OG ',1,NULL,'2018-08-28 02:37:00'),(1184,'196108141987022002 ','Trimartani, dr. Sp.THT-KL(K) ',1,NULL,'2018-08-28 02:37:00'),(1185,'195407201984032001 ','Trini Sudiarti, Ir. M.Si ',1,NULL,'2018-08-28 02:37:00'),(1186,'011003143 ','Trinovita Andraini, dr. M.Biomed. ',1,NULL,'2018-08-28 02:37:00'),(1187,'196207101989031006 ','Tris Eryando, Dr. drs. M.A. ',1,NULL,'2018-08-28 02:37:00'),(1188,'010903464 ','Triskawati Indang Dewi, dr. SpOG ',1,NULL,'2018-08-28 02:37:00'),(1189,'011303004 ','Triya Damayanti, dr. Sp.P., Ph.D. ',1,NULL,'2018-08-28 02:37:00'),(1190,'197005051996032002 ','Triyanti S.KM., M.Sc ',1,NULL,'2018-08-28 02:37:00'),(1191,'140075665 ','Tubagus Djumhana Atmakusuma,Dr. dr. ',1,NULL,'2018-08-28 02:37:00'),(1192,'197506061999032015 ','Tuti Herawati S.Kp., M.N ',1,NULL,'2018-08-28 02:37:00'),(1193,'197406041998022001 ','Tuti Nuraini S.Kp., M. Biomed ',1,NULL,'2018-08-28 02:37:00'),(1194,'0107050253 ','Tyas Priyatini, dr. Sp.OG. ',1,NULL,'2018-08-28 02:37:00'),(1195,'140119207 ','Ujainah Zaini, dr. N. SpPD-KP ',1,NULL,'2018-08-28 02:37:00'),(1196,'194810051975031001 ','Umar Fahmi Achmadi, Prof. dr. MPH., Ph.D ',1,NULL,'2018-08-28 02:37:00'),(1197,'030903048 ','Umar Jaubah, Drs. Apt. ',1,NULL,'2018-08-28 02:37:00'),(1198,'197409012009121001 ','Umar Mardianto, dr. SpM ',1,NULL,'2018-08-28 02:37:00'),(1199,'195507271981031008 ','Umar Said Dharmabakti, dr. Sp.THT-KL(K) ',1,NULL,'2018-08-28 02:37:00'),(1200,'196002061986012001 ','Vally Wulani, dr. SpRad ',1,NULL,'2018-08-28 02:37:00'),(1201,'197207092009122001 ','Vera Julia, drg. Sp.BM ',1,NULL,'2018-08-28 02:37:00'),(1202,'197607282008122001 ','Vetty Yulianty Permanasari S.Si., M. P. H ',1,NULL,'2018-08-28 02:37:00'),(1203,'011403004 ','Vidhia Umami, dr. Sp.P.D. ',1,NULL,'2018-08-28 02:37:00'),(1204,'010903204 ','Virna Dwi Oktariana Asrory, dr. Sp.M ',1,NULL,'2018-08-28 02:37:00'),(1205,'197111092002122005 ','Vivian, dr. Sp.FK, Ph.D. ',1,NULL,'2018-08-28 02:37:00'),(1206,'194903181974121003 ','Wachyu Hadisaputra, Prof. Dr. dr. Sp.OG(K) ',1,NULL,'2018-08-28 02:37:00'),(1207,'196505271992031002 ','Wachyu Sulistiadi,  Dr. drg. M.A.R.S. ',1,NULL,'2018-08-28 02:37:00'),(1208,'197305112005012002 ','Wahju Aniwidyaningsih, dr. SpP ',1,NULL,'2018-08-28 02:37:00'),(1209,'198602062015041002 ','Wahyu Kurnia Yusrin Putra S.K.M., M.K.M. ',1,NULL,'2018-08-28 02:37:00'),(1210,'197310122009121001 ','Wahyu Widodo, dr. Sp.OT. ',1,NULL,'2018-08-28 02:37:00'),(1211,'197705162009122002 ','Wahyuni Indawati, dr. SpA ',1,NULL,'2018-08-28 02:37:00'),(1212,'195503241981032001 ','Wanarani Alwin, dr. SpRM ',1,NULL,'2018-08-28 02:37:00'),(1213,'197006191998021003 ','Wawaimuli Arozal, dr. M.Biomed., Pharm.D. ',1,NULL,'2018-08-28 02:37:00'),(1214,'196311011989021002 ','Widayat Alviandi, dr. Sp.THT-KL ',1,NULL,'2018-08-28 02:37:00'),(1215,'196001231988021001 ','Widayat Djoko Santoso, dr. SpPD ',1,NULL,'2018-08-28 02:37:00'),(1216,'195309031983032001 ','Widiastuti, Dra. M.S. ',1,NULL,'2018-08-28 02:37:00'),(1217,'195506071981032001 ','Widjajalaksmi Kusumaningsih, Dr. dr. SpRM (K)., M.Sc. ',1,NULL,'2018-08-28 02:37:00'),(1218,'195106111976032001 ','Widurini Djohan, drg. SpKG ',1,NULL,'2018-08-28 02:37:00'),(1219,'195502271984032002 ','Widya Artini, Dr. dr. SpM ',1,NULL,'2018-08-28 02:37:00'),(1220,'100220310212802891 ','Widya Kusumadewy, drg. Sp.Ort. ',1,NULL,'2018-08-28 02:37:00'),(1221,'197005071995122002 ','Widyatuti, Ns. S.Kp., M.Kes., Sp.Kom ',1,NULL,'2018-08-28 02:37:00'),(1222,'196402201996031001 ','Wiku Bakti Bawono Adisasmito, Prof. Drh. M.Sc., Ph.D ',1,NULL,'2018-08-28 02:37:00'),(1223,'131403004 ','Winda Eriska, Ns. S.Kep. ',1,NULL,'2018-08-28 02:37:00'),(1224,'011303005 ','Windy Keumala Budianti, dr. Sp.K.K. ',1,NULL,'2018-08-28 02:37:00'),(1225,'198209062014041001 ','Winnugroho Wiratman, dr. Sp.S. ',1,NULL,'2018-08-28 02:37:00'),(1226,'0100500075 ','Wismaji Sadewo, dr. Sp.BS. ',1,NULL,'2018-08-28 02:37:00'),(1227,'010903197 ','Wismandari, dr. Sp.P.D. (K) ',1,NULL,'2018-08-28 02:37:00'),(1228,'195812211984101001 ','Wiwien Heru Wiyono, Prof. dr. Ph.D., Sp.P(K) ',1,NULL,'2018-08-28 02:37:00'),(1229,'196709161993032001 ','Wiwin Wiarsih S.Kp., M.N. ',1,NULL,'2018-08-28 02:37:00'),(1230,'197408181997032005 ','Wiwit Kurniawati M.Kep., Sp.Mat. ',1,NULL,'2018-08-28 02:37:00'),(1231,'195807131983122001 ','Wresti Indriatmi, Dr. dr. Sp.KK(K)., M.Epid. ',1,NULL,'2018-08-28 02:37:00'),(1232,'010903194 ','Wulyo Rajabto, dr. Sp.PD ',1,NULL,'2018-08-28 02:37:00'),(1233,'196409121990032003 ','Yahdiana Harahap, Prof. Dr. M.S. ',1,NULL,'2018-08-28 02:37:00'),(1234,'010903192 ','Yarman Mazni, dr. ',1,NULL,'2018-08-28 02:37:00'),(1235,'011003128 ','Yassir, dr. SpPD ',1,NULL,'2018-08-28 02:37:00'),(1236,'196912121996032003 ','Yati Afiyanti, Dr. S.Kp., M.N ',1,NULL,'2018-08-28 02:37:00'),(1237,'198404172012122002 ','Yayi Dwina Billianti Susanto, dr. M.Biomed. ',1,NULL,'2018-08-28 02:37:00'),(1238,'140240652 ','Yefta Moenadjat, dr. SpBP ',1,NULL,'2018-08-28 02:37:00'),(1239,'011403029 ','Yeni Dwi Lestari, dr. Sp.M., M.Sc. ',1,NULL,'2018-08-28 02:37:00'),(1240,'195502071980032001 ','Yeni Rustina S.Kp., M.App.Sc., Ph.D. ',1,NULL,'2018-08-28 02:37:00'),(1241,'010603202 ','Yenny Djuardi, dr. Ph.D. ',1,NULL,'2018-08-28 02:37:00'),(1242,'196401311990032001 ','Yetty Ramli, Dr. Sp.S ',1,NULL,'2018-08-28 02:37:00'),(1243,'196806201996012001 ','Yeva Rosana, Dr. dr. M.S., Sp.MK(K) ',1,NULL,'2018-08-28 02:37:00'),(1244,'0108050370 ','Yoga Devaera, dr. Sp.A. ',1,NULL,'2018-08-28 02:37:00'),(1245,'140258172 ','Yoga Yuniadi, Dr. dr. SpJP(K) ',1,NULL,'2018-08-28 02:37:00'),(1246,'197309082009121001 ','Yogi Prabowo, dr. Sp.OT. ',1,NULL,'2018-08-28 02:37:01'),(1247,'198008292006041002 ','Yogi Prawira, dr. Sp.A. ',1,NULL,'2018-08-28 02:37:01'),(1248,'011003026 ','Yordan Khaedir, dr. Ph.D. ',1,NULL,'2018-08-28 02:37:01'),(1249,'195601261980032003 ','Yosi Kusuma Eriwati, Dr. drg. M.Si. ',1,NULL,'2018-08-28 02:37:01'),(1250,'197407042010122001 ','Yossie Susanti Eka Putri S.Kp., M.N. ',1,NULL,'2018-08-28 02:37:01'),(1251,'196109281990031001 ','Yovsyah, dr. M.Kes ',1,NULL,'2018-08-28 02:37:01'),(1252,'101003027 ','Yudarini Hayarita Bernadetha S.H., M.Kes. ',1,NULL,'2018-08-28 02:37:01'),(1253,'131303003 ','Yudi Ariesta Chandra, Ns. S.Kep. ',1,NULL,'2018-08-28 02:37:01'),(1254,'196703141995031001 ','Yudianto Budi Saroyo, dr. SpOG ',1,NULL,'2018-08-28 02:37:01'),(1255,'140253207 ','Yudisianil Eshaputra Kamal, dr. SpM ',1,NULL,'2018-08-28 02:37:01'),(1256,'197510132008121001 ','Yuditiya Purwosunu, Dr. dr. Sp.OG. ',1,NULL,'2018-08-28 02:37:01'),(1257,'011403032 ','Yudy, dr. Sp.F. ',1,NULL,'2018-08-28 02:37:01'),(1258,'196407161995011001 ','Yulhasri, Drs. M.S. ',1,NULL,'2018-08-28 02:37:01'),(1259,'196007291988112001 ','Yuli Budiningsih, Dr. dr. Sp.F. ',1,NULL,'2018-08-28 02:37:01'),(1260,'011003027 ','Yulia Ariani Aswin, dr. Sp.A ',1,NULL,'2018-08-28 02:37:01'),(1261,'011525016 ','Yulia Eki Rahmawati S.E ',1,NULL,'2018-08-28 02:37:01'),(1262,'197007181998022001 ','Yulia Rosa Saharman, dr. Sp.MK ',1,NULL,'2018-08-28 02:37:01'),(1263,'030603075 ','Yulia Trisna, Dra. Apt., M.Pharm. ',1,NULL,'2018-08-28 02:37:01'),(1264,'196907311994032001 ','Yulia, Dr. S.Kp., M.N ',1,NULL,'2018-08-28 02:37:01'),(1265,'0108050354 ','Yunia Irawati, dr. Sp.M. ',1,NULL,'2018-08-28 02:37:01'),(1266,'197406161999032001 ','Yuniardini Septorini Wimardhani, Dr. drg. M.Sc.Dent ',1,NULL,'2018-08-28 02:37:01'),(1267,'195806221983032001 ','Yuniarti Soeroso, Dr. drg. Sp.Perio(K) ',1,NULL,'2018-08-28 02:37:01'),(1268,'196609191995011001 ','Yurnadi, Dr. Drs. M.Kes ',1,NULL,'2018-08-28 02:37:01'),(1269,'197208161997021001 ','Yusra, Dr. Sp.PK. ',1,NULL,'2018-08-28 02:37:01'),(1270,'140349969 ','Yuyun Listinawati, dr. SpOG ',1,NULL,'2018-08-28 02:37:01'),(1271,'101503002 ','Yvonne Magdalena Indrawani, Dr. drh. SU ',1,NULL,'2018-08-28 02:37:01'),(1272,'131965955 ','Zakaria, dr.',1,NULL,'2018-08-28 02:37:01'),(1273,'197303211998022001 ','Zakianis SKM., M.K.M ',1,NULL,'2018-08-28 02:37:01'),(1274,'195508141977061002 ','Zakiudin Munasir, dr. Sp.A(K) ',1,NULL,'2018-08-28 02:37:01'),(1275,'195910041987031008 ','Zanil Musa, dr. Sp.THT-KL(K) ',1,NULL,'2018-08-28 02:37:01'),(1276,'194903021975011001','Zarfiel Tafal, dr. MPH ',1,NULL,'2018-08-28 02:37:01'),(1277,'195106181977022001 ','Zaura Kiswarina Anggraeni, Dr.drg. MDS. ',1,NULL,'2018-08-28 02:37:01'),(1278,'101203017 ','Zulazmi Mamdy, dr. MPH ',1,NULL,'2018-08-28 02:37:01'),(1279,'140202407 ','Zulhasmar Syamsu, dr. S.H., SpF ',1,NULL,'2018-08-28 02:37:01'),(1280,'194711301973101001 ','Zuljasri Albar, Prof. dr. SpPD-KR ',1,NULL,'2018-08-28 02:37:01'),(1281,'195210101978111001 ','Zulkifli Amin, Dr. dr. SpPD ',1,NULL,'2018-08-28 02:37:01'),(1282,'195911271987031004 ','Zulkifli Djunaidi, Dr. dr. M.App.Sc ',1,NULL,'2018-08-28 02:37:01'),(1283,'101503010','Izhar Muhammad Fihir, dr.',1,NULL,'2018-08-28 02:37:01'),(1284,'010903287','Rahmawati Ridwan, Dr. Dra. Apt. MS.',1,NULL,'2018-08-28 02:37:01'),(1285,'198411122015042003','Shanti Farida Rachmi, S.Kep., M.Kep.',1,NULL,'2018-08-28 02:37:01'),(1286,'195002261976022001','Zunilda Djanun, dr. M.S., SpFK.',1,NULL,'2018-08-28 02:37:01'),(1287,'101203016','Pradnya Paramita, Dr. drg. MARS',1,NULL,'2018-08-28 02:37:01'),(1288,'171603002','Sara Wardhani, . M.Sc., Ph.D',1,NULL,'2018-08-28 02:37:01'),(1289,'198108272008122000','Imelda Rosalyn Sianipar, dr. M.Biomed.,Ph.D',1,NULL,'2018-08-28 02:37:01'),(1290,'171703006','Nuriza Ulul Azmi, M.Sc., Apt',1,NULL,'2018-08-28 02:37:01'),(1291,'171703002','Rosita Handayani, S.Farm., M.Si',1,NULL,'2018-08-28 02:37:01'),(1292,'171703003','Widya Dwi Aryati, S.Farm. M.Si. Apt',1,NULL,'2018-08-28 02:37:01'),(1293,'21703005','Gita Ariffa Sjarkawi, drg. M.Kes',1,NULL,'2018-08-28 02:37:01'),(1294,'21703007',' Atik Ramadhani, drg, Ph.D',1,NULL,'2018-08-28 02:37:01'),(1295,'0207050177','Dewa Ayu Nyoman Putri Artiningsih, Dr. drg.  Sp.KG(K)',1,NULL,'2018-08-28 02:37:01'),(1296,'197206062010012001','Tuti Afriani, Ns, S.Kep, M.Kep',1,NULL,'2018-08-28 02:37:01');
/*!40000 ALTER TABLE `dosen` ENABLE KEYS */;
UNLOCK TABLES;

--
-- Table structure for table `dosen_fakultas`
--

DROP TABLE IF EXISTS `dosen_fakultas`;
/*!40101 SET @saved_cs_client     = @@character_set_client */;
/*!40101 SET character_set_client = utf8 */;
CREATE TABLE `dosen_fakultas` (
  `id` int(11) NOT NULL AUTO_INCREMENT,
  `dosen_id` int(11) NOT NULL,
  `fakultas_id` int(11) NOT NULL,
  `semester_id` int(11) NOT NULL,
  `tahun_ajaran_id` int(11) NOT NULL,
  `user_created` int(11) NOT NULL,
  `user_updated` int(11) DEFAULT NULL,
  `update_time` datetime NOT NULL,
  PRIMARY KEY (`id`),
  KEY `fk-dosen_fakultas-semester_id` (`semester_id`),
  KEY `fk-dosen_fakultas-dosen_id` (`dosen_id`),
  KEY `fk-dosen_fakultas-fakultas_id` (`fakultas_id`),
  KEY `fk-dosen_fakultas-tahun_ajaran_id` (`tahun_ajaran_id`),
  CONSTRAINT `fk-dosen_fakultas-dosen_id` FOREIGN KEY (`dosen_id`) REFERENCES `dosen` (`id`) ON DELETE CASCADE,
  CONSTRAINT `fk-dosen_fakultas-fakultas_id` FOREIGN KEY (`fakultas_id`) REFERENCES `fakultas` (`id`) ON DELETE CASCADE,
  CONSTRAINT `fk-dosen_fakultas-semester_id` FOREIGN KEY (`semester_id`) REFERENCES `semester` (`id`) ON DELETE CASCADE,
  CONSTRAINT `fk-dosen_fakultas-tahun_ajaran_id` FOREIGN KEY (`tahun_ajaran_id`) REFERENCES `tahun_ajaran` (`id`) ON DELETE CASCADE
) ENGINE=InnoDB AUTO_INCREMENT=32 DEFAULT CHARSET=latin1;
/*!40101 SET character_set_client = @saved_cs_client */;

--
-- Dumping data for table `dosen_fakultas`
--

LOCK TABLES `dosen_fakultas` WRITE;
/*!40000 ALTER TABLE `dosen_fakultas` DISABLE KEYS */;
INSERT INTO `dosen_fakultas` VALUES (1,1,6,1,1,1,NULL,'2018-08-30 01:26:09'),(2,2,5,1,1,1,NULL,'2018-08-30 01:29:40'),(3,3,4,1,1,1,NULL,'2018-08-30 01:29:50'),(4,4,5,1,1,1,NULL,'2018-08-30 01:30:01'),(5,5,1,1,1,1,NULL,'2018-08-30 01:30:20'),(6,6,4,1,1,1,NULL,'2018-08-30 01:30:30'),(7,7,4,1,1,1,NULL,'2018-08-30 01:44:27'),(8,8,4,1,1,1,NULL,'2018-08-30 01:44:36'),(9,9,4,1,1,1,NULL,'2018-08-30 01:44:45'),(10,10,4,1,1,1,NULL,'2018-08-30 01:45:07'),(11,11,4,1,1,1,NULL,'2018-08-30 01:45:20'),(12,12,4,1,1,1,NULL,'2018-08-30 01:45:28'),(13,13,4,1,1,1,NULL,'2018-08-30 01:45:50'),(14,14,4,1,1,1,NULL,'2018-08-30 01:45:59'),(15,15,6,1,1,1,NULL,'2018-08-30 01:46:17'),(16,16,4,1,1,1,NULL,'2018-08-30 01:46:32'),(17,17,4,1,1,1,NULL,'2018-08-30 01:46:43'),(18,18,4,1,1,1,NULL,'2018-08-30 01:46:58'),(19,19,6,1,1,1,NULL,'2018-08-30 01:47:19'),(20,20,4,1,1,1,NULL,'2018-08-30 01:47:55'),(21,21,6,1,1,1,NULL,'2018-08-30 01:48:09'),(22,22,6,1,1,1,NULL,'2018-08-30 01:48:21'),(23,23,4,1,1,1,NULL,'2018-08-30 01:48:39'),(24,24,4,1,1,1,NULL,'2018-08-30 01:49:07'),(25,25,4,1,1,1,NULL,'2018-08-30 01:49:19'),(26,26,4,1,1,1,NULL,'2018-08-30 01:49:32'),(27,27,4,1,1,1,NULL,'2018-08-30 01:49:48'),(28,28,4,1,1,1,NULL,'2018-08-30 01:49:57'),(29,29,5,1,1,1,NULL,'2018-08-30 01:50:20'),(30,30,4,1,1,1,NULL,'2018-08-30 01:50:42'),(31,31,4,1,1,1,NULL,'2018-08-30 01:51:08');
/*!40000 ALTER TABLE `dosen_fakultas` ENABLE KEYS */;
UNLOCK TABLES;

--
-- Table structure for table `dosen_kelas`
--

DROP TABLE IF EXISTS `dosen_kelas`;
/*!40101 SET @saved_cs_client     = @@character_set_client */;
/*!40101 SET character_set_client = utf8 */;
CREATE TABLE `dosen_kelas` (
  `id` int(11) NOT NULL AUTO_INCREMENT,
  `dosen_id` int(11) NOT NULL,
  `kelas_id` int(11) NOT NULL,
  `tahun_ajaran_id` int(11) NOT NULL,
  `user_created` int(11) NOT NULL,
  `user_updated` int(11) DEFAULT NULL,
  `update_time` datetime NOT NULL,
  PRIMARY KEY (`id`),
  UNIQUE KEY `dosen-index-dosen_kelas` (`dosen_id`),
  UNIQUE KEY `kelas-index-dosen_kelas` (`kelas_id`),
  UNIQUE KEY `tahun_ajaran-index-dosen_kelas` (`tahun_ajaran_id`)
) ENGINE=InnoDB DEFAULT CHARSET=latin1;
/*!40101 SET character_set_client = @saved_cs_client */;

--
-- Dumping data for table `dosen_kelas`
--

LOCK TABLES `dosen_kelas` WRITE;
/*!40000 ALTER TABLE `dosen_kelas` DISABLE KEYS */;
/*!40000 ALTER TABLE `dosen_kelas` ENABLE KEYS */;
UNLOCK TABLES;

--
-- Table structure for table `fakultas`
--

DROP TABLE IF EXISTS `fakultas`;
/*!40101 SET @saved_cs_client     = @@character_set_client */;
/*!40101 SET character_set_client = utf8 */;
CREATE TABLE `fakultas` (
  `id` int(11) NOT NULL AUTO_INCREMENT,
  `nama` varchar(100) NOT NULL,
  `keterangan` text DEFAULT NULL,
  `user_created` int(11) NOT NULL,
  `user_updated` int(11) DEFAULT NULL,
  `update_time` datetime NOT NULL,
  PRIMARY KEY (`id`),
  UNIQUE KEY `nama` (`nama`),
  UNIQUE KEY `nama-index-fakultas` (`nama`)
) ENGINE=InnoDB AUTO_INCREMENT=8 DEFAULT CHARSET=latin1;
/*!40101 SET character_set_client = @saved_cs_client */;

--
-- Dumping data for table `fakultas`
--

LOCK TABLES `fakultas` WRITE;
/*!40000 ALTER TABLE `fakultas` DISABLE KEYS */;
INSERT INTO `fakultas` VALUES (1,'FF','Fakultas Farmasi',1,NULL,'2018-08-28 02:50:27'),(2,'FH','Fakultas Hukum',1,NULL,'2018-08-28 02:51:16'),(3,'FIK','Fakultas Ilmu Kesehatan',1,NULL,'2018-08-28 02:51:31'),(4,'FK','Fakultas Kedokteran',1,NULL,'2018-08-28 02:51:40'),(5,'FKG','Fakultas Kedokteran Gigi',1,NULL,'2018-08-28 02:51:55'),(6,'FKM','Fakultas Kesehatan Masyarakat',1,NULL,'2018-08-28 02:52:10'),(7,'FPSi','Fakultas Psikologi',1,NULL,'2018-08-28 02:55:30');
/*!40000 ALTER TABLE `fakultas` ENABLE KEYS */;
UNLOCK TABLES;

--
-- Table structure for table `imbal_jasa`
--

DROP TABLE IF EXISTS `imbal_jasa`;
/*!40101 SET @saved_cs_client     = @@character_set_client */;
/*!40101 SET character_set_client = utf8 */;
CREATE TABLE `imbal_jasa` (
  `id` int(11) NOT NULL AUTO_INCREMENT,
  `tgl_kegiatan` datetime NOT NULL,
  `dosen_fakultas_id` int(11) NOT NULL,
  `transaksi_id` int(11) NOT NULL,
  `nip` varchar(30) NOT NULL,
  `nama_dosen` varchar(200) DEFAULT NULL,
  `nama_fakultas` varchar(100) DEFAULT NULL,
  `dosen_fakultas_id_digantikan` int(11) DEFAULT NULL,
  `nip_digantikan` varchar(30) DEFAULT NULL,
  `nama_dosen_digantikan` varchar(200) DEFAULT NULL,
  `nama_fakultas_digantikan` varchar(100) DEFAULT NULL,
  `module_tahun_ajaran_id` int(11) NOT NULL,
  `kelas_id` int(11) NOT NULL,
  `nama_kelas` varchar(100) DEFAULT NULL,
  `ruangan_id` int(11) NOT NULL,
  `nama_ruangan` varchar(100) DEFAULT NULL,
  `jam_mulai` time NOT NULL,
  `jam_selesai` time NOT NULL,
  `peran_hitung_id` int(11) NOT NULL,
  `peran_id` int(11) NOT NULL,
  `nama_peran` varchar(100) DEFAULT NULL,
  `jumlah_jam_rumus` int(11) NOT NULL,
  `transport` float DEFAULT NULL,
  `honor` float DEFAULT NULL,
  `keterangan` text DEFAULT NULL,
  `user_created` int(11) NOT NULL,
  `user_updated` int(11) DEFAULT NULL,
  `update_time` datetime NOT NULL,
  PRIMARY KEY (`id`),
  KEY `fk-imbal_jasa-kelas_id` (`kelas_id`),
  KEY `fk-imbal_jasa-ruangan_id` (`ruangan_id`),
  KEY `fk-imbal_jasa-peran_hitung_id` (`peran_hitung_id`),
  KEY `fk-imbal_jasa-peran_id` (`peran_id`),
  KEY `fk-imbal_jasa-transaksi_id` (`transaksi_id`),
  KEY `fk-imbal_jasa-module_tahun_ajaran_id` (`module_tahun_ajaran_id`),
  CONSTRAINT `fk-imbal_jasa-kelas_id` FOREIGN KEY (`kelas_id`) REFERENCES `kelas` (`id`) ON DELETE CASCADE,
  CONSTRAINT `fk-imbal_jasa-module_tahun_ajaran_id` FOREIGN KEY (`module_tahun_ajaran_id`) REFERENCES `module_tahun_ajaran` (`id`) ON DELETE CASCADE,
  CONSTRAINT `fk-imbal_jasa-peran_hitung_id` FOREIGN KEY (`peran_hitung_id`) REFERENCES `peran_hitung` (`id`) ON DELETE CASCADE,
  CONSTRAINT `fk-imbal_jasa-peran_id` FOREIGN KEY (`peran_id`) REFERENCES `peran` (`id`) ON DELETE CASCADE,
  CONSTRAINT `fk-imbal_jasa-ruangan_id` FOREIGN KEY (`ruangan_id`) REFERENCES `ruangan` (`id`) ON DELETE CASCADE,
  CONSTRAINT `fk-imbal_jasa-transaksi_id` FOREIGN KEY (`transaksi_id`) REFERENCES `transaksi` (`id`) ON DELETE CASCADE
) ENGINE=InnoDB AUTO_INCREMENT=6 DEFAULT CHARSET=latin1;
/*!40101 SET character_set_client = @saved_cs_client */;

--
-- Dumping data for table `imbal_jasa`
--

LOCK TABLES `imbal_jasa` WRITE;
/*!40000 ALTER TABLE `imbal_jasa` DISABLE KEYS */;
INSERT INTO `imbal_jasa` VALUES (1,'2018-09-07 00:00:00',1,1,'195204011985031001','A. Rahman, Drs. M.Env. ','FKM',2,'195409181980031003','A. Winoto Suhartono, drg. M.Si. ','FKG',1,3,'MP-3',3,'K-B. 103 (150)','08:00:00','10:00:00',5,1,'Fasilitator',2,100000,400000,'dua',1,1,'2018-09-07 09:41:45'),(2,'2018-09-06 00:00:00',1,1,'195204011985031001','A. Rahman, Drs. M.Env. ','FKM',2,'195409181980031003','A. Winoto Suhartono, drg. M.Si. ','FKG',1,4,'MP-4',6,'K-C. 201 (200)','08:00:00','10:00:00',5,1,'Fasilitator',2,100000,400000,'satu',1,1,'2018-09-06 09:31:45'),(3,'2018-09-01 00:00:00',14,1,'011003042','Achmad Mulawarman Jayusman, dr. Sp.P.(K). ','FK',NULL,'',NULL,'',1,6,'MP-6',6,'K-C. 201 (200)','08:00:00','10:00:00',5,1,'Fasilitator',2,100000,400000,'satu',1,NULL,'2018-09-06 10:15:43'),(5,'2018-09-07 00:00:00',18,1,'140176678','Ade Jeanne Domina, dr. L.Tobing SpKO ','FK',NULL,'',NULL,'-',1,8,'MP-8',42,'K-C.138 (20)','08:00:00','10:00:00',5,1,'Fasilitator',2,100000,400000,'test edit',1,1,'2018-09-07 09:43:18');
/*!40000 ALTER TABLE `imbal_jasa` ENABLE KEYS */;
UNLOCK TABLES;

--
-- Table structure for table `jabatan`
--

DROP TABLE IF EXISTS `jabatan`;
/*!40101 SET @saved_cs_client     = @@character_set_client */;
/*!40101 SET character_set_client = utf8 */;
CREATE TABLE `jabatan` (
  `id` int(11) NOT NULL AUTO_INCREMENT,
  `nama` varchar(200) NOT NULL,
  `user_created` int(11) NOT NULL,
  `user_updated` int(11) DEFAULT NULL,
  `update_time` datetime NOT NULL,
  PRIMARY KEY (`id`)
) ENGINE=InnoDB AUTO_INCREMENT=5 DEFAULT CHARSET=latin1;
/*!40101 SET character_set_client = @saved_cs_client */;

--
-- Dumping data for table `jabatan`
--

LOCK TABLES `jabatan` WRITE;
/*!40000 ALTER TABLE `jabatan` DISABLE KEYS */;
INSERT INTO `jabatan` VALUES (1,'Koordinator Keuangan dan Sumber Daya Manusia RIK',1,NULL,'2018-08-28 03:18:15'),(2,'Koordinator Umum dan Fasilitas RIK',1,NULL,'2018-08-30 01:13:36'),(3,'Pimpinan Akademik RIK',1,NULL,'2018-08-30 01:13:47'),(4,'Koordinator Laboratorium RIK',1,NULL,'2018-08-30 01:14:01');
/*!40000 ALTER TABLE `jabatan` ENABLE KEYS */;
UNLOCK TABLES;

--
-- Table structure for table `kelas`
--

DROP TABLE IF EXISTS `kelas`;
/*!40101 SET @saved_cs_client     = @@character_set_client */;
/*!40101 SET character_set_client = utf8 */;
CREATE TABLE `kelas` (
  `id` int(11) NOT NULL AUTO_INCREMENT,
  `nama` varchar(100) NOT NULL,
  `keterangan` text DEFAULT NULL,
  `user_created` int(11) NOT NULL,
  `user_updated` int(11) DEFAULT NULL,
  `update_time` datetime NOT NULL,
  PRIMARY KEY (`id`),
  UNIQUE KEY `nama` (`nama`),
  UNIQUE KEY `nama-index-kelas` (`nama`)
) ENGINE=InnoDB AUTO_INCREMENT=138 DEFAULT CHARSET=latin1;
/*!40101 SET character_set_client = @saved_cs_client */;

--
-- Dumping data for table `kelas`
--

LOCK TABLES `kelas` WRITE;
/*!40000 ALTER TABLE `kelas` DISABLE KEYS */;
INSERT INTO `kelas` VALUES (1,'MP-1',NULL,1,NULL,'2018-08-28 03:04:22'),(2,'MP-2',NULL,1,NULL,'2018-08-28 03:04:22'),(3,'MP-3',NULL,1,NULL,'2018-08-28 03:04:22'),(4,'MP-4',NULL,1,NULL,'2018-08-28 03:04:22'),(5,'MP-5',NULL,1,NULL,'2018-08-28 03:04:22'),(6,'MP-6',NULL,1,NULL,'2018-08-28 03:04:22'),(7,'MP-7',NULL,1,NULL,'2018-08-28 03:04:22'),(8,'MP-8',NULL,1,NULL,'2018-08-28 03:04:22'),(9,'MP-9',NULL,1,NULL,'2018-08-28 03:04:22'),(10,'MP-10',NULL,1,NULL,'2018-08-28 03:04:22'),(11,'MP-11',NULL,1,NULL,'2018-08-28 03:04:22'),(12,'MP-12',NULL,1,NULL,'2018-08-28 03:04:22'),(13,'MP-13',NULL,1,NULL,'2018-08-28 03:04:22'),(14,'MP-14',NULL,1,NULL,'2018-08-28 03:04:22'),(15,'MP-15',NULL,1,NULL,'2018-08-28 03:04:22'),(16,'MP-16',NULL,1,NULL,'2018-08-28 03:04:22'),(17,'MP-17',NULL,1,NULL,'2018-08-28 03:04:22'),(18,'MP-18',NULL,1,NULL,'2018-08-28 03:04:22'),(19,'MP-19',NULL,1,NULL,'2018-08-28 03:04:22'),(20,'MP-20',NULL,1,NULL,'2018-08-28 03:04:22'),(21,'MP-21',NULL,1,NULL,'2018-08-28 03:04:22'),(22,'MP-22',NULL,1,NULL,'2018-08-28 03:04:22'),(23,'MP-23',NULL,1,NULL,'2018-08-28 03:04:22'),(24,'MP-24',NULL,1,NULL,'2018-08-28 03:04:22'),(25,'MP-25',NULL,1,NULL,'2018-08-28 03:04:22'),(26,'MP-26',NULL,1,NULL,'2018-08-28 03:04:22'),(27,'MP-27',NULL,1,NULL,'2018-08-28 03:04:22'),(28,'MP-28',NULL,1,NULL,'2018-08-28 03:04:22'),(29,'MP-29',NULL,1,NULL,'2018-08-28 03:04:22'),(30,'MP-30',NULL,1,NULL,'2018-08-28 03:04:22'),(31,'MP-31',NULL,1,NULL,'2018-08-28 03:04:22'),(32,'MP-32',NULL,1,NULL,'2018-08-28 03:04:22'),(33,'MP-33',NULL,1,NULL,'2018-08-28 03:04:22'),(34,'MP-34',NULL,1,NULL,'2018-08-28 03:04:22'),(35,'MP-35',NULL,1,NULL,'2018-08-28 03:04:22'),(36,'MP-36',NULL,1,NULL,'2018-08-28 03:04:22'),(37,'MP-37',NULL,1,NULL,'2018-08-28 03:04:22'),(38,'MP-38',NULL,1,NULL,'2018-08-28 03:04:22'),(39,'MP-39',NULL,1,NULL,'2018-08-28 03:04:22'),(40,'MP-40',NULL,1,NULL,'2018-08-28 03:04:22'),(41,'MP-41',NULL,1,NULL,'2018-08-28 03:04:22'),(42,'MP-42',NULL,1,NULL,'2018-08-28 03:04:22'),(43,'MP-43',NULL,1,NULL,'2018-08-28 03:04:22'),(44,'MP-44',NULL,1,NULL,'2018-08-28 03:04:22'),(45,'MP-45',NULL,1,NULL,'2018-08-28 03:04:22'),(46,'MP-46',NULL,1,NULL,'2018-08-28 03:04:22'),(47,'MP-47',NULL,1,NULL,'2018-08-28 03:04:22'),(48,'PB - 1',NULL,1,NULL,'2018-08-28 03:09:32'),(49,'PB - 2',NULL,1,NULL,'2018-08-28 03:09:32'),(50,'PB - 3',NULL,1,NULL,'2018-08-28 03:09:32'),(51,'PB - 4',NULL,1,NULL,'2018-08-28 03:09:32'),(52,'PB - 5',NULL,1,NULL,'2018-08-28 03:09:33'),(53,'PB - 6',NULL,1,NULL,'2018-08-28 03:09:33'),(54,'PB - 7',NULL,1,NULL,'2018-08-28 03:09:33'),(55,'PB - 8',NULL,1,NULL,'2018-08-28 03:09:33'),(56,'PB - 9',NULL,1,NULL,'2018-08-28 03:09:33'),(57,'PB - 10',NULL,1,NULL,'2018-08-28 03:09:33'),(58,'PB - 11',NULL,1,NULL,'2018-08-28 03:09:33'),(59,'PB - 12',NULL,1,NULL,'2018-08-28 03:09:33'),(60,'PB - 13',NULL,1,NULL,'2018-08-28 03:09:33'),(61,'PB - 14',NULL,1,NULL,'2018-08-28 03:09:33'),(62,'PB - 15',NULL,1,NULL,'2018-08-28 03:09:33'),(63,'PB - 16',NULL,1,NULL,'2018-08-28 03:09:33'),(64,'PB - 17',NULL,1,NULL,'2018-08-28 03:09:33'),(65,'PB - 18',NULL,1,NULL,'2018-08-28 03:09:33'),(66,'PB - 19',NULL,1,NULL,'2018-08-28 03:09:33'),(67,'PB - 20',NULL,1,NULL,'2018-08-28 03:09:33'),(68,'PB - 21',NULL,1,NULL,'2018-08-28 03:09:33'),(69,'PB - 22',NULL,1,NULL,'2018-08-28 03:09:33'),(70,'PB - 23',NULL,1,NULL,'2018-08-28 03:09:33'),(71,'PB - 24',NULL,1,NULL,'2018-08-28 03:09:33'),(72,'PB - 25',NULL,1,NULL,'2018-08-28 03:09:33'),(73,'PB - 26',NULL,1,NULL,'2018-08-28 03:09:33'),(74,'PB - 27',NULL,1,NULL,'2018-08-28 03:09:33'),(75,'PB - 28',NULL,1,NULL,'2018-08-28 03:09:33'),(76,'PB - 29',NULL,1,NULL,'2018-08-28 03:09:33'),(77,'PB - 30',NULL,1,NULL,'2018-08-28 03:09:33'),(78,'PB - 31',NULL,1,NULL,'2018-08-28 03:09:33'),(79,'PB - 32',NULL,1,NULL,'2018-08-28 03:09:33'),(80,'PB - 33',NULL,1,NULL,'2018-08-28 03:09:33'),(81,'PB - 34',NULL,1,NULL,'2018-08-28 03:09:33'),(82,'PB - 35',NULL,1,NULL,'2018-08-28 03:09:33'),(83,'PB - 36',NULL,1,NULL,'2018-08-28 03:09:33'),(84,'PB - 37',NULL,1,NULL,'2018-08-28 03:09:33'),(85,'PB - 38',NULL,1,NULL,'2018-08-28 03:09:33'),(86,'PB - 39',NULL,1,NULL,'2018-08-28 03:09:33'),(87,'PB - 40',NULL,1,NULL,'2018-08-28 03:09:33'),(88,'PB - 41',NULL,1,NULL,'2018-08-28 03:09:33'),(89,'PB - 42',NULL,1,NULL,'2018-08-28 03:09:33'),(90,'PB - 43',NULL,1,NULL,'2018-08-28 03:09:33'),(91,'IPE - P1',NULL,1,NULL,'2018-08-28 03:09:33'),(92,'IPE - P2',NULL,1,NULL,'2018-08-28 03:09:33'),(93,'IPE - P3',NULL,1,NULL,'2018-08-28 03:09:33'),(94,'IPE - P4',NULL,1,NULL,'2018-08-28 03:09:33'),(95,'IPE - P5',NULL,1,NULL,'2018-08-28 03:09:33'),(96,'IPE - P6',NULL,1,NULL,'2018-08-28 03:09:33'),(97,'IPE - P7',NULL,1,NULL,'2018-08-28 03:09:33'),(98,'IPE - P8',NULL,1,NULL,'2018-08-28 03:09:33'),(99,'IPE - P9',NULL,1,NULL,'2018-08-28 03:09:33'),(100,'IPE - P10',NULL,1,NULL,'2018-08-28 03:09:33'),(101,'IPE - P11',NULL,1,NULL,'2018-08-28 03:09:33'),(102,'IPE - P12',NULL,1,NULL,'2018-08-28 03:09:33'),(103,'IPE - P13',NULL,1,NULL,'2018-08-28 03:09:33'),(104,'IPE - P14',NULL,1,NULL,'2018-08-28 03:09:33'),(105,'IPE - P15',NULL,1,NULL,'2018-08-28 03:09:33'),(106,'IPE - P16',NULL,1,NULL,'2018-08-28 03:09:33'),(107,'IPE - P17',NULL,1,NULL,'2018-08-28 03:09:33'),(108,'IPE - P18',NULL,1,NULL,'2018-08-28 03:09:33'),(109,'IPE - P19',NULL,1,NULL,'2018-08-28 03:09:33'),(110,'IPE - P20',NULL,1,NULL,'2018-08-28 03:09:33'),(111,'IPE - P21',NULL,1,NULL,'2018-08-28 03:09:33'),(112,'IPE - P22',NULL,1,NULL,'2018-08-28 03:09:33'),(113,'IPE - P23',NULL,1,NULL,'2018-08-28 03:09:33'),(114,'IPE - P24',NULL,1,NULL,'2018-08-28 03:09:33'),(115,'IPE - P25',NULL,1,NULL,'2018-08-28 03:09:33'),(116,'IPE - P26',NULL,1,NULL,'2018-08-28 03:09:33'),(117,'IPE - P27',NULL,1,NULL,'2018-08-28 03:09:33'),(118,'IPE - P28',NULL,1,NULL,'2018-08-28 03:09:33'),(119,'IPE - P29',NULL,1,NULL,'2018-08-28 03:09:33'),(120,'IPE - P30',NULL,1,NULL,'2018-08-28 03:09:33'),(121,'IPE - P31',NULL,1,NULL,'2018-08-28 03:09:33'),(122,'IPE - P32',NULL,1,NULL,'2018-08-28 03:09:33'),(123,'IPE - P33',NULL,1,NULL,'2018-08-28 03:09:33'),(124,'IPE - P34',NULL,1,NULL,'2018-08-28 03:09:33'),(125,'IPE - P35',NULL,1,NULL,'2018-08-28 03:09:34'),(126,'IPE - P36',NULL,1,NULL,'2018-08-28 03:09:34'),(127,'IPE - P37',NULL,1,NULL,'2018-08-28 03:09:34'),(128,'IPE - P38',NULL,1,NULL,'2018-08-28 03:09:34'),(129,'IPE - P39',NULL,1,NULL,'2018-08-28 03:09:34'),(130,'IPE - P40',NULL,1,NULL,'2018-08-28 03:09:34'),(131,'IPE - P41',NULL,1,NULL,'2018-08-28 03:09:34'),(132,'IPE - P42',NULL,1,NULL,'2018-08-28 03:09:34'),(133,'IPE - P43',NULL,1,NULL,'2018-08-28 03:09:34'),(134,'IPE - P44',NULL,1,NULL,'2018-08-28 03:09:34'),(135,'IPE - P45',NULL,1,NULL,'2018-08-28 03:09:34'),(136,'IPE - P46',NULL,1,NULL,'2018-08-28 03:09:34'),(137,'IPE - P47',NULL,1,NULL,'2018-08-28 03:09:34');
/*!40000 ALTER TABLE `kelas` ENABLE KEYS */;
UNLOCK TABLES;

--
-- Table structure for table `menu`
--

DROP TABLE IF EXISTS `menu`;
/*!40101 SET @saved_cs_client     = @@character_set_client */;
/*!40101 SET character_set_client = utf8 */;
CREATE TABLE `menu` (
  `id` int(11) NOT NULL AUTO_INCREMENT,
  `name` varchar(128) NOT NULL,
  `parent` int(11) DEFAULT NULL,
  `route` varchar(255) DEFAULT NULL,
  `order` int(11) DEFAULT NULL,
  `data` blob DEFAULT NULL,
  PRIMARY KEY (`id`),
  KEY `parent` (`parent`),
  CONSTRAINT `menu_ibfk_1` FOREIGN KEY (`parent`) REFERENCES `menu` (`id`) ON DELETE SET NULL ON UPDATE CASCADE
) ENGINE=InnoDB AUTO_INCREMENT=34 DEFAULT CHARSET=utf8;
/*!40101 SET character_set_client = @saved_cs_client */;

--
-- Dumping data for table `menu`
--

LOCK TABLES `menu` WRITE;
/*!40000 ALTER TABLE `menu` DISABLE KEYS */;
INSERT INTO `menu` VALUES (1,'Master',NULL,NULL,2,'database'),(2,'Tahun Ajaran',1,'/tahunajaran/index',1,'hourglass-3'),(3,'Dosen',1,'/dosen/index',2,'user'),(4,'Ruangan',1,'/ruangan/index',3,'building'),(5,'Fakultas',1,'/fakultas/index',4,'graduation-cap'),(6,'Kelas',1,'/kelas/index',5,'window-maximize'),(7,'Module',1,'/module/index',6,'file-text'),(8,'Peran',1,'/peran/index',7,'blind'),(9,'Jabatan',1,'/jabatan/index',8,'handshake-o'),(10,'Setting',NULL,NULL,1,'gears'),(11,'User',10,'/admin/user/index',1,'user-md'),(12,'Assignment',10,'/admin/assignment/index',2,'american-sign-language-interpreting'),(13,'Route',10,'/admin/route/index',3,'exchange'),(14,'Permission',10,'/admin/permission/index',4,'handshake-o'),(15,'Menu',10,'/admin/menu/index',5,'bars'),(16,'Role',10,'/admin/role/index',6,'unlock-alt'),(17,'Gii',10,'/gii/default/index',7,'file-code-o'),(18,'Tahun Ajaran',NULL,NULL,3,'calendar'),(19,'Dosen dan Fakultas',18,'/dosenfakultas/index',1,'sitemap'),(20,'Module dan Tahun Ajaran',18,'/moduletahunajaran/index',2,'table'),(21,'Module dan Kelas',18,'/modulekelas/index',3,'cubes'),(22,'Note Ijd',18,'/noteijd/index',4,'sticky-note-o'),(23,'Person Ijd',18,'/personijd/index',5,'user-md'),(24,'Transaction',NULL,NULL,4,'window-restore'),(25,'Hitung Peran',24,'/peranhitung/index',1,'calculator'),(26,'Hitung Imbal Jasa',24,'/transaksi/index',2,'th'),(27,'Report',NULL,NULL,5,'file-text-o'),(28,'Gabung',27,'/report/gabung',1,'file-text'),(29,'Pivot Dosen',27,'/report/pivotdosen',2,'files-o'),(30,'Pivot Fakultas',27,'/report/pivotfakultas',3,'file-powerpoint-o'),(31,'Pivot Module',27,'/report/pivotmodule',4,'file-o');
/*!40000 ALTER TABLE `menu` ENABLE KEYS */;
UNLOCK TABLES;

--
-- Table structure for table `migration`
--

DROP TABLE IF EXISTS `migration`;
/*!40101 SET @saved_cs_client     = @@character_set_client */;
/*!40101 SET character_set_client = utf8 */;
CREATE TABLE `migration` (
  `version` varchar(180) NOT NULL,
  `apply_time` int(11) DEFAULT NULL,
  PRIMARY KEY (`version`)
) ENGINE=InnoDB DEFAULT CHARSET=latin1;
/*!40101 SET character_set_client = @saved_cs_client */;

--
-- Dumping data for table `migration`
--

LOCK TABLES `migration` WRITE;
/*!40000 ALTER TABLE `migration` DISABLE KEYS */;
INSERT INTO `migration` VALUES ('m000000_000000_base',1534755941),('m130524_201442_init',1534755942),('m140506_102106_rbac_init',1534987012),('m140506_102106_rbac_init.deleted',1534842677),('m140602_111327_create_menu_table',1534842540),('m160312_050000_create_user',1534842540),('m170907_052038_rbac_add_index_on_auth_assignment_user_id',1534987012),('m170907_052038_rbac_add_index_on_auth_assignment_user_id.deleted',1534842677),('m180426_032627_dosen',1534755942),('m180430_043420_ruangan',1534755942),('m180430_063056_fakultas',1534755942),('m180502_011916_kelas',1534755942),('m180502_020627_module',1534755943),('m180502_024214_tahun_ajaran',1534755943),('m180502_085225_semester',1534755943),('m180503_024141_dosen_kelas',1534755943),('m180503_024156_module_kelas',1534755944),('m180503_031107_peran',1534755944),('m180503_032756_module_tahun_ajaran',1534755945),('m180503_033029_peran_hitung',1534755946),('m180507_020615_dosen_fakultas',1534755947),('m180511_032940_transaksi',1534755947),('m180511_090451_imbal_jasa',1534755949),('m180726_010548_noteijd',1534755949),('m180726_030551_jabatan',1534755949),('m180726_030900_personijd',1534755950);
/*!40000 ALTER TABLE `migration` ENABLE KEYS */;
UNLOCK TABLES;

--
-- Table structure for table `module`
--

DROP TABLE IF EXISTS `module`;
/*!40101 SET @saved_cs_client     = @@character_set_client */;
/*!40101 SET character_set_client = utf8 */;
CREATE TABLE `module` (
  `id` int(11) NOT NULL AUTO_INCREMENT,
  `nama` varchar(200) NOT NULL,
  `keterangan` text DEFAULT NULL,
  `user_created` int(11) NOT NULL,
  `user_updated` int(11) DEFAULT NULL,
  `update_time` datetime NOT NULL,
  PRIMARY KEY (`id`)
) ENGINE=InnoDB AUTO_INCREMENT=4 DEFAULT CHARSET=latin1;
/*!40101 SET character_set_client = @saved_cs_client */;

--
-- Dumping data for table `module`
--

LOCK TABLES `module` WRITE;
/*!40000 ALTER TABLE `module` DISABLE KEYS */;
INSERT INTO `module` VALUES (1,'Kolaborasi 1','Modul Kolaborasi 1',1,NULL,'2018-08-28 03:10:18'),(2,'Metode Penelitian Kesehatan','Modul Metode Penelitian Kesehatan',1,NULL,'2018-08-28 03:10:58'),(3,'Pengelolaan Bencana','Modul Pengelolaan Bencana',1,NULL,'2018-08-28 03:11:17');
/*!40000 ALTER TABLE `module` ENABLE KEYS */;
UNLOCK TABLES;

--
-- Table structure for table `module_kelas`
--

DROP TABLE IF EXISTS `module_kelas`;
/*!40101 SET @saved_cs_client     = @@character_set_client */;
/*!40101 SET character_set_client = utf8 */;
CREATE TABLE `module_kelas` (
  `id` int(11) NOT NULL AUTO_INCREMENT,
  `module_id` int(11) NOT NULL,
  `kelas_id` int(11) NOT NULL,
  `tahun_ajaran_id` int(11) NOT NULL,
  `semester_id` int(11) NOT NULL,
  `user_created` int(11) NOT NULL,
  `user_updated` int(11) DEFAULT NULL,
  `update_time` datetime NOT NULL,
  PRIMARY KEY (`id`),
  KEY `fk-module_kelas-semester_id` (`semester_id`),
  KEY `fk-module_kelas-module_id` (`module_id`),
  KEY `fk-module_kelas-kelas_id` (`kelas_id`),
  KEY `fk-module_kelas-tahun_ajaran_id` (`tahun_ajaran_id`),
  CONSTRAINT `fk-module_kelas-kelas_id` FOREIGN KEY (`kelas_id`) REFERENCES `kelas` (`id`) ON DELETE CASCADE,
  CONSTRAINT `fk-module_kelas-module_id` FOREIGN KEY (`module_id`) REFERENCES `module` (`id`) ON DELETE CASCADE,
  CONSTRAINT `fk-module_kelas-semester_id` FOREIGN KEY (`semester_id`) REFERENCES `semester` (`id`) ON DELETE CASCADE,
  CONSTRAINT `fk-module_kelas-tahun_ajaran_id` FOREIGN KEY (`tahun_ajaran_id`) REFERENCES `tahun_ajaran` (`id`) ON DELETE CASCADE
) ENGINE=InnoDB AUTO_INCREMENT=16 DEFAULT CHARSET=latin1;
/*!40101 SET character_set_client = @saved_cs_client */;

--
-- Dumping data for table `module_kelas`
--

LOCK TABLES `module_kelas` WRITE;
/*!40000 ALTER TABLE `module_kelas` DISABLE KEYS */;
INSERT INTO `module_kelas` VALUES (1,1,1,1,1,1,NULL,'2018-09-06 02:32:49'),(2,1,2,1,1,1,NULL,'2018-09-06 02:32:49'),(7,1,3,1,1,1,NULL,'2018-09-06 02:33:37'),(8,1,4,1,1,1,NULL,'2018-09-06 02:33:37'),(9,1,5,1,1,1,NULL,'2018-09-06 02:33:37'),(10,1,6,1,1,1,NULL,'2018-09-06 02:33:37'),(11,1,7,1,1,1,NULL,'2018-09-06 02:33:37'),(12,1,8,1,1,1,NULL,'2018-09-06 02:33:37'),(13,1,9,1,1,1,NULL,'2018-09-06 02:33:37'),(14,1,10,1,1,1,NULL,'2018-09-06 02:33:37');
/*!40000 ALTER TABLE `module_kelas` ENABLE KEYS */;
UNLOCK TABLES;

--
-- Table structure for table `module_tahun_ajaran`
--

DROP TABLE IF EXISTS `module_tahun_ajaran`;
/*!40101 SET @saved_cs_client     = @@character_set_client */;
/*!40101 SET character_set_client = utf8 */;
CREATE TABLE `module_tahun_ajaran` (
  `id` int(11) NOT NULL AUTO_INCREMENT,
  `module_id` int(11) NOT NULL,
  `nama` varchar(200) DEFAULT NULL,
  `tahun_ajaran_id` int(11) NOT NULL,
  `semester_id` int(11) NOT NULL,
  `periode` varchar(50) DEFAULT NULL,
  `jumlah_sks` smallint(3) NOT NULL,
  `jumlah_menit_per_sks` smallint(3) NOT NULL DEFAULT 50,
  `user_created` int(11) DEFAULT NULL,
  `user_updated` int(11) DEFAULT NULL,
  `update_time` datetime DEFAULT NULL,
  PRIMARY KEY (`id`),
  KEY `fk-module_tahun_ajaran-semester_id` (`semester_id`),
  KEY `fk-module_tahun_ajaran-module_id` (`module_id`),
  KEY `fk-module_tahun_ajaran-tahun_ajaran_id` (`tahun_ajaran_id`),
  CONSTRAINT `fk-module_tahun_ajaran-module_id` FOREIGN KEY (`module_id`) REFERENCES `module` (`id`) ON DELETE CASCADE,
  CONSTRAINT `fk-module_tahun_ajaran-semester_id` FOREIGN KEY (`semester_id`) REFERENCES `semester` (`id`) ON DELETE CASCADE,
  CONSTRAINT `fk-module_tahun_ajaran-tahun_ajaran_id` FOREIGN KEY (`tahun_ajaran_id`) REFERENCES `tahun_ajaran` (`id`) ON DELETE CASCADE
) ENGINE=InnoDB AUTO_INCREMENT=5 DEFAULT CHARSET=latin1;
/*!40101 SET character_set_client = @saved_cs_client */;

--
-- Dumping data for table `module_tahun_ajaran`
--

LOCK TABLES `module_tahun_ajaran` WRITE;
/*!40000 ALTER TABLE `module_tahun_ajaran` DISABLE KEYS */;
INSERT INTO `module_tahun_ajaran` VALUES (1,1,'Kolaborasi 1',1,1,'2018-2019',2,50,1,NULL,'2018-09-06 02:17:05'),(2,2,'Metode Penelitian Kesehatan',1,1,'2018-2019',2,50,1,NULL,'2018-09-06 02:17:48'),(3,3,'Pengelolaan Bencana',1,1,'2018-2019',2,50,1,NULL,'2018-09-06 02:17:57');
/*!40000 ALTER TABLE `module_tahun_ajaran` ENABLE KEYS */;
UNLOCK TABLES;

--
-- Table structure for table `noteijd`
--

DROP TABLE IF EXISTS `noteijd`;
/*!40101 SET @saved_cs_client     = @@character_set_client */;
/*!40101 SET character_set_client = utf8 */;
CREATE TABLE `noteijd` (
  `id` int(11) NOT NULL AUTO_INCREMENT,
  `title` text NOT NULL,
  `tahun_ajaran_id` int(11) NOT NULL,
  `no_urut` tinyint(3) NOT NULL,
  `user_created` int(11) NOT NULL,
  `user_updated` int(11) DEFAULT NULL,
  `update_time` datetime NOT NULL,
  PRIMARY KEY (`id`),
  KEY `fk-noteijd-tahun_ajaran_id` (`tahun_ajaran_id`),
  CONSTRAINT `fk-noteijd-tahun_ajaran_id` FOREIGN KEY (`tahun_ajaran_id`) REFERENCES `tahun_ajaran` (`id`) ON DELETE CASCADE
) ENGINE=InnoDB DEFAULT CHARSET=latin1;
/*!40101 SET character_set_client = @saved_cs_client */;

--
-- Dumping data for table `noteijd`
--

LOCK TABLES `noteijd` WRITE;
/*!40000 ALTER TABLE `noteijd` DISABLE KEYS */;
/*!40000 ALTER TABLE `noteijd` ENABLE KEYS */;
UNLOCK TABLES;

--
-- Table structure for table `peran`
--

DROP TABLE IF EXISTS `peran`;
/*!40101 SET @saved_cs_client     = @@character_set_client */;
/*!40101 SET character_set_client = utf8 */;
CREATE TABLE `peran` (
  `id` int(11) NOT NULL AUTO_INCREMENT,
  `nama` varchar(100) NOT NULL,
  `keterangan` text DEFAULT NULL,
  `user_created` int(11) NOT NULL,
  `user_updated` int(11) DEFAULT NULL,
  `update_time` datetime NOT NULL,
  PRIMARY KEY (`id`)
) ENGINE=InnoDB AUTO_INCREMENT=6 DEFAULT CHARSET=latin1;
/*!40101 SET character_set_client = @saved_cs_client */;

--
-- Dumping data for table `peran`
--

LOCK TABLES `peran` WRITE;
/*!40000 ALTER TABLE `peran` DISABLE KEYS */;
INSERT INTO `peran` VALUES (1,'Fasilitator','Peran sebagai fasilitator',1,NULL,'2018-08-28 03:12:31'),(2,'Narasumber','Peran sebagai narasumber',1,NULL,'2018-08-28 03:13:05'),(3,'Tutor','Peran sebagai tutor',1,NULL,'2018-08-28 03:13:22'),(4,'Pembimbing Praktikum','Peran sebagai pembimbing praktikum',1,NULL,'2018-08-28 03:13:45'),(5,'Pembimbing Lapangan','Peran sebagai pembimbing lapangan',1,NULL,'2018-08-28 03:14:03');
/*!40000 ALTER TABLE `peran` ENABLE KEYS */;
UNLOCK TABLES;

--
-- Table structure for table `peran_hitung`
--

DROP TABLE IF EXISTS `peran_hitung`;
/*!40101 SET @saved_cs_client     = @@character_set_client */;
/*!40101 SET character_set_client = utf8 */;
CREATE TABLE `peran_hitung` (
  `id` int(11) NOT NULL AUTO_INCREMENT,
  `peran_id` int(11) NOT NULL,
  `module_tahun_ajaran_id` int(11) NOT NULL,
  `tahun_ajaran_id` int(11) NOT NULL,
  `semester_id` int(11) NOT NULL,
  `bulan` smallint(2) NOT NULL,
  `tahun` smallint(4) NOT NULL,
  `jumlah_menit_hitung` smallint(6) NOT NULL DEFAULT 60 COMMENT 'per jam(dalam satuan menit)',
  `honor_menit_hitung` int(11) NOT NULL COMMENT 'nilai imbal jasa',
  `transport_hitung` int(11) DEFAULT NULL COMMENT 'transport imbal jasa',
  `volume_menit_pertemuan` smallint(3) NOT NULL DEFAULT 120,
  `keterangan` text DEFAULT NULL,
  `user_created` int(11) NOT NULL,
  `user_updated` int(11) DEFAULT NULL,
  `update_time` datetime NOT NULL,
  PRIMARY KEY (`id`),
  KEY `fk-peran_hitung-semester_id` (`semester_id`),
  KEY `fk-peran_hitung-peran_id` (`peran_id`),
  KEY `fk-peran_hitung-tahun_ajaran_id` (`tahun_ajaran_id`),
  KEY `fk-peran_hitung-module_tahun_ajaran_id` (`module_tahun_ajaran_id`),
  CONSTRAINT `fk-peran_hitung-module_tahun_ajaran_id` FOREIGN KEY (`module_tahun_ajaran_id`) REFERENCES `module_tahun_ajaran` (`id`) ON DELETE CASCADE,
  CONSTRAINT `fk-peran_hitung-peran_id` FOREIGN KEY (`peran_id`) REFERENCES `peran` (`id`) ON DELETE CASCADE,
  CONSTRAINT `fk-peran_hitung-semester_id` FOREIGN KEY (`semester_id`) REFERENCES `semester` (`id`) ON DELETE CASCADE,
  CONSTRAINT `fk-peran_hitung-tahun_ajaran_id` FOREIGN KEY (`tahun_ajaran_id`) REFERENCES `tahun_ajaran` (`id`) ON DELETE CASCADE
) ENGINE=InnoDB AUTO_INCREMENT=9 DEFAULT CHARSET=latin1;
/*!40101 SET character_set_client = @saved_cs_client */;

--
-- Dumping data for table `peran_hitung`
--

LOCK TABLES `peran_hitung` WRITE;
/*!40000 ALTER TABLE `peran_hitung` DISABLE KEYS */;
INSERT INTO `peran_hitung` VALUES (1,1,2,1,1,9,2018,60,200000,75000,120,'Metode Penelitian Kesehatan - Fasilitator - 2018/2019 - Ganjil',1,NULL,'2018-09-06 07:52:16'),(2,1,3,1,1,9,2018,60,200000,100000,120,'-',1,NULL,'2018-09-06 07:58:50'),(5,1,1,1,1,9,2018,60,200000,100000,120,'-',1,NULL,'2018-09-06 08:08:17'),(7,2,3,1,1,9,2018,60,300000,150000,120,'-',1,NULL,'2018-09-06 08:09:44');
/*!40000 ALTER TABLE `peran_hitung` ENABLE KEYS */;
UNLOCK TABLES;

--
-- Table structure for table `personijd`
--

DROP TABLE IF EXISTS `personijd`;
/*!40101 SET @saved_cs_client     = @@character_set_client */;
/*!40101 SET character_set_client = utf8 */;
CREATE TABLE `personijd` (
  `id` int(11) NOT NULL AUTO_INCREMENT,
  `dosen_id` int(11) NOT NULL,
  `jabatan_id` int(11) NOT NULL,
  `tahun_ajaran_id` int(11) NOT NULL,
  `nip` varchar(50) NOT NULL,
  `nama` varchar(200) NOT NULL,
  `status` tinyint(3) NOT NULL COMMENT '1: aktif, 0: not aktif',
  `user_created` int(11) NOT NULL,
  `user_updated` int(11) DEFAULT NULL,
  `update_time` datetime NOT NULL,
  PRIMARY KEY (`id`),
  KEY `fk-personijd-jabatan_id` (`jabatan_id`),
  KEY `fk-personijd-dosen_id` (`dosen_id`),
  KEY `fk-personijd-tahun_ajaran_id` (`tahun_ajaran_id`),
  CONSTRAINT `fk-personijd-dosen_id` FOREIGN KEY (`dosen_id`) REFERENCES `dosen` (`id`) ON DELETE CASCADE,
  CONSTRAINT `fk-personijd-jabatan_id` FOREIGN KEY (`jabatan_id`) REFERENCES `jabatan` (`id`) ON DELETE CASCADE,
  CONSTRAINT `fk-personijd-tahun_ajaran_id` FOREIGN KEY (`tahun_ajaran_id`) REFERENCES `tahun_ajaran` (`id`) ON DELETE CASCADE
) ENGINE=InnoDB AUTO_INCREMENT=4 DEFAULT CHARSET=latin1;
/*!40101 SET character_set_client = @saved_cs_client */;

--
-- Dumping data for table `personijd`
--

LOCK TABLES `personijd` WRITE;
/*!40000 ALTER TABLE `personijd` DISABLE KEYS */;
INSERT INTO `personijd` VALUES (1,72,3,1,'196707011993032002 ','Allenidekania, Dr. S.Kp., M.Sc ',1,1,NULL,'2018-09-06 09:35:21'),(2,237,1,1,'196206081992032001 ','Caroline Endah Wuryaningsih, dra. M.Kes ',1,1,NULL,'2018-09-06 09:36:12'),(3,750,4,1,'195506251983032001 ','Mindya Yuniastuti, drg. M.S. ',1,1,NULL,'2018-09-06 09:36:32');
/*!40000 ALTER TABLE `personijd` ENABLE KEYS */;
UNLOCK TABLES;

--
-- Table structure for table `ruangan`
--

DROP TABLE IF EXISTS `ruangan`;
/*!40101 SET @saved_cs_client     = @@character_set_client */;
/*!40101 SET character_set_client = utf8 */;
CREATE TABLE `ruangan` (
  `id` int(11) NOT NULL AUTO_INCREMENT,
  `nama` varchar(100) NOT NULL,
  `kapasitas` smallint(3) DEFAULT NULL,
  `user_created` int(11) NOT NULL,
  `user_updated` int(11) DEFAULT NULL,
  `update_time` datetime NOT NULL,
  PRIMARY KEY (`id`)
) ENGINE=InnoDB AUTO_INCREMENT=117 DEFAULT CHARSET=latin1;
/*!40101 SET character_set_client = @saved_cs_client */;

--
-- Dumping data for table `ruangan`
--

LOCK TABLES `ruangan` WRITE;
/*!40000 ALTER TABLE `ruangan` DISABLE KEYS */;
INSERT INTO `ruangan` VALUES (1,'Auditorium (500)',500,1,NULL,'2018-08-28 02:49:50'),(2,'Common Hall RIK',NULL,1,NULL,'2018-08-28 02:49:50'),(3,'K-B. 103 (150)',150,1,NULL,'2018-08-28 02:49:50'),(4,'K-B. 202 (100)',100,1,NULL,'2018-08-28 02:49:50'),(5,'K-B. 203 (150)',150,1,NULL,'2018-08-28 02:49:50'),(6,'K-C. 201 (200)',200,1,NULL,'2018-08-28 02:49:50'),(7,'K-C. 301 (233)',233,1,NULL,'2018-08-28 02:49:50'),(8,'K-C. 303 (229)',229,1,NULL,'2018-08-28 02:49:50'),(9,'K-C.103 (20)',20,1,NULL,'2018-08-28 02:49:50'),(10,'K-C.104 (20)',20,1,NULL,'2018-08-28 02:49:50'),(11,'K-C.105 (20)',20,1,NULL,'2018-08-28 02:49:50'),(12,'K-C.106 (20)',20,1,NULL,'2018-08-28 02:49:50'),(13,'K-C.107 (20)',20,1,NULL,'2018-08-28 02:49:50'),(14,'K-C.108 (20)',20,1,NULL,'2018-08-28 02:49:50'),(15,'K-C.109 (20)',20,1,NULL,'2018-08-28 02:49:50'),(16,'K-C.110 (20)',20,1,NULL,'2018-08-28 02:49:50'),(17,'K-C.111 (20)',20,1,NULL,'2018-08-28 02:49:51'),(18,'K-C.112 (20)',20,1,NULL,'2018-08-28 02:49:51'),(19,'K-C.113 (20)',20,1,NULL,'2018-08-28 02:49:51'),(20,'K-C.114 (20)',20,1,NULL,'2018-08-28 02:49:51'),(21,'K-C.115 (20)',20,1,NULL,'2018-08-28 02:49:51'),(22,'K-C.116 (20)',20,1,NULL,'2018-08-28 02:49:51'),(23,'K-C.117 (20)',20,1,NULL,'2018-08-28 02:49:51'),(24,'K-C.118 (20)',20,1,NULL,'2018-08-28 02:49:51'),(25,'K-C.119 (20)',20,1,NULL,'2018-08-28 02:49:51'),(26,'K-C.120 (20)',20,1,NULL,'2018-08-28 02:49:51'),(27,'K-C.122 (20)',20,1,NULL,'2018-08-28 02:49:51'),(28,'K-C.123 (20)',20,1,NULL,'2018-08-28 02:49:51'),(29,'K-C.124 (20)',20,1,NULL,'2018-08-28 02:49:51'),(30,'K-C.125 (20)',20,1,NULL,'2018-08-28 02:49:51'),(31,'K-C.127 (20)',20,1,NULL,'2018-08-28 02:49:51'),(32,'K-C.128 (20)',20,1,NULL,'2018-08-28 02:49:51'),(33,'K-C.129 (20)',20,1,NULL,'2018-08-28 02:49:51'),(34,'K-C.130 (20)',20,1,NULL,'2018-08-28 02:49:51'),(35,'K-C.131 (20)',20,1,NULL,'2018-08-28 02:49:51'),(36,'K-C.132 (20)',20,1,NULL,'2018-08-28 02:49:51'),(37,'K-C.133 (20)',20,1,NULL,'2018-08-28 02:49:51'),(38,'K-C.134 (20)',20,1,NULL,'2018-08-28 02:49:51'),(39,'K-C.135 (20)',20,1,NULL,'2018-08-28 02:49:51'),(40,'K-C.136 (20)',20,1,NULL,'2018-08-28 02:49:51'),(41,'K-C.137 (20)',20,1,NULL,'2018-08-28 02:49:51'),(42,'K-C.138 (20)',20,1,NULL,'2018-08-28 02:49:51'),(43,'K-C.139 (20)',20,1,NULL,'2018-08-28 02:49:51'),(44,'K-C.140 (20)',20,1,NULL,'2018-08-28 02:49:51'),(45,'K-C.141 (20)',20,1,NULL,'2018-08-28 02:49:51'),(46,'K-C.142 (20)',20,1,NULL,'2018-08-28 02:49:51'),(47,'K-C.143 (20)',20,1,NULL,'2018-08-28 02:49:51'),(48,'K-C.144 (20)',20,1,NULL,'2018-08-28 02:49:51'),(49,'K-C.146 (20)',20,1,NULL,'2018-08-28 02:49:51'),(50,'K-C.147 (20)',20,1,NULL,'2018-08-28 02:49:51'),(51,'K-C.148 (20)',20,1,NULL,'2018-08-28 02:49:51'),(52,'K-C.149 (20)',20,1,NULL,'2018-08-28 02:49:51'),(53,'K-C.229 (20)',20,1,NULL,'2018-08-28 02:49:51'),(54,'K-C.230 (20)',20,1,NULL,'2018-08-28 02:49:51'),(55,'K-C.231 (20)',20,1,NULL,'2018-08-28 02:49:51'),(56,'K-C.232 (20)',20,1,NULL,'2018-08-28 02:49:51'),(57,'K-C.233 (20)',20,1,NULL,'2018-08-28 02:49:51'),(58,'K-C.234 (20)',20,1,NULL,'2018-08-28 02:49:51'),(59,'K-C.235 (20)',20,1,NULL,'2018-08-28 02:49:51'),(60,'K-C.236 (20)',20,1,NULL,'2018-08-28 02:49:51'),(61,'K-C.237 (20)',20,1,NULL,'2018-08-28 02:49:51'),(62,'K-C.238 (20)',20,1,NULL,'2018-08-28 02:49:51'),(63,'K-C.239 (20)',20,1,NULL,'2018-08-28 02:49:51'),(64,'K-C.240 (20)',20,1,NULL,'2018-08-28 02:49:51'),(65,'K-C.241 (20)',20,1,NULL,'2018-08-28 02:49:51'),(66,'K-C.242 (20)',20,1,NULL,'2018-08-28 02:49:51'),(67,'K-E. 101 (200)',200,1,NULL,'2018-08-28 02:49:51'),(68,'K-E. 202 (150)',150,1,NULL,'2018-08-28 02:49:51'),(69,'L-B. 104',NULL,1,NULL,'2018-08-28 02:49:51'),(70,'L-B. 107',NULL,1,NULL,'2018-08-28 02:49:51'),(71,'L-B. 204',NULL,1,NULL,'2018-08-28 02:49:51'),(72,'L-B. 207 (56)',56,1,NULL,'2018-08-28 02:49:51'),(73,'L-B. 208 (64)',64,1,NULL,'2018-08-28 02:49:51'),(74,'L-C. 203',NULL,1,NULL,'2018-08-28 02:49:51'),(75,'L-E. 104',NULL,1,NULL,'2018-08-28 02:49:51'),(76,'L-E. 107',NULL,1,NULL,'2018-08-28 02:49:51'),(77,'L-E. 204 (56)',56,1,NULL,'2018-08-28 02:49:51'),(78,'L-E. 205 (64)',64,1,NULL,'2018-08-28 02:49:51'),(79,'L-E. 207',NULL,1,NULL,'2018-08-28 02:49:51'),(80,'L-E. 305',NULL,1,NULL,'2018-08-28 02:49:51'),(81,'L-E. 308',NULL,1,NULL,'2018-08-28 02:49:51'),(82,'Lingkungan RIK UI',NULL,1,NULL,'2018-08-28 02:49:51'),(83,'P-C. 101',NULL,1,NULL,'2018-08-28 02:49:51'),(84,'P-C. 102',NULL,1,NULL,'2018-08-28 02:49:51'),(85,'P-E.410 (65)',65,1,NULL,'2018-08-28 02:49:51'),(86,'Wisma Makara UI',NULL,1,NULL,'2018-08-28 02:49:51'),(87,'K-C.121 (20)',20,1,NULL,'2018-08-28 02:49:51'),(88,'Ruang A1 FKM',NULL,1,NULL,'2018-08-28 02:49:51'),(89,'Ruang A2 FKM',NULL,1,NULL,'2018-08-28 02:49:51'),(90,'Ruang A3 FKM',NULL,1,NULL,'2018-08-28 02:49:51'),(91,'Aula FKM',NULL,1,NULL,'2018-08-28 02:49:51'),(92,'R Mahasiswa FKM',NULL,1,NULL,'2018-08-28 02:49:52'),(93,'Lab FIK UI',NULL,1,NULL,'2018-08-28 02:49:52'),(94,'Auditorium FIK',NULL,1,NULL,'2018-08-28 02:49:52'),(95,'K-C.121 (20)',20,1,NULL,'2018-08-28 02:49:52'),(96,'K-C.126 (20)',20,1,NULL,'2018-08-28 02:49:52'),(97,'Lab FK Gd.IASTH LT.5',NULL,1,NULL,'2018-08-28 02:49:52'),(98,'K-C.205 (20)',20,1,NULL,'2018-08-28 02:49:52'),(99,'K-C.206 (20)',20,1,NULL,'2018-08-28 02:49:52'),(100,'K-C.207 (20)',20,1,NULL,'2018-08-28 02:49:52'),(101,'K-C.208 (20)',20,1,NULL,'2018-08-28 02:49:52'),(102,'K-C.209 (20)',20,1,NULL,'2018-08-28 02:49:52'),(103,'K-C.210 (20)',20,1,NULL,'2018-08-28 02:49:52'),(104,'K-C.211 (20)',20,1,NULL,'2018-08-28 02:49:52'),(105,'K-C.212 (20)',20,1,NULL,'2018-08-28 02:49:52'),(106,'K-C.213 (20)',20,1,NULL,'2018-08-28 02:49:52'),(107,'K-C.214 (20)',20,1,NULL,'2018-08-28 02:49:52'),(108,'K-C.215 (20)',20,1,NULL,'2018-08-28 02:49:52'),(109,'K-C.216 (20)',20,1,NULL,'2018-08-28 02:49:52'),(110,'K-C.215 (20)',20,1,NULL,'2018-08-28 02:49:52'),(111,'K-C.216 (20)',20,1,NULL,'2018-08-28 02:49:52'),(112,'L-C.152',NULL,1,NULL,'2018-08-28 02:49:52'),(113,'K-C.126(20)',20,1,NULL,'2018-08-28 02:49:52'),(114,'GDLN Salemba',NULL,1,NULL,'2018-08-28 02:49:52'),(115,'IMERI Salemba',NULL,1,NULL,'2018-08-28 02:49:52'),(116,'Teaching Theatre',NULL,1,NULL,'2018-08-28 02:49:52');
/*!40000 ALTER TABLE `ruangan` ENABLE KEYS */;
UNLOCK TABLES;

--
-- Table structure for table `semester`
--

DROP TABLE IF EXISTS `semester`;
/*!40101 SET @saved_cs_client     = @@character_set_client */;
/*!40101 SET character_set_client = utf8 */;
CREATE TABLE `semester` (
  `id` int(11) NOT NULL AUTO_INCREMENT,
  `nama` varchar(100) NOT NULL,
  `keterangan` text DEFAULT NULL,
  `user_created` int(11) NOT NULL,
  `user_updated` int(11) DEFAULT NULL,
  `update_time` datetime NOT NULL,
  PRIMARY KEY (`id`),
  UNIQUE KEY `nama` (`nama`),
  UNIQUE KEY `nama-index-semester` (`nama`)
) ENGINE=InnoDB AUTO_INCREMENT=3 DEFAULT CHARSET=latin1;
/*!40101 SET character_set_client = @saved_cs_client */;

--
-- Dumping data for table `semester`
--

LOCK TABLES `semester` WRITE;
/*!40000 ALTER TABLE `semester` DISABLE KEYS */;
INSERT INTO `semester` VALUES (1,'Ganjil','Semester Ganjil',1,NULL,'2018-08-28 09:29:10'),(2,'Genap','Semester Genap',1,NULL,'2018-08-28 09:29:31');
/*!40000 ALTER TABLE `semester` ENABLE KEYS */;
UNLOCK TABLES;

--
-- Table structure for table `tahun_ajaran`
--

DROP TABLE IF EXISTS `tahun_ajaran`;
/*!40101 SET @saved_cs_client     = @@character_set_client */;
/*!40101 SET character_set_client = utf8 */;
CREATE TABLE `tahun_ajaran` (
  `id` int(11) NOT NULL AUTO_INCREMENT,
  `periode_awal` date NOT NULL,
  `periode_akhir` date NOT NULL,
  `periode` varchar(50) DEFAULT NULL,
  `status` smallint(1) DEFAULT 0,
  `user_created` int(11) NOT NULL,
  `user_updated` int(11) DEFAULT NULL,
  `update_time` datetime NOT NULL,
  PRIMARY KEY (`id`),
  UNIQUE KEY `periode` (`periode`)
) ENGINE=InnoDB AUTO_INCREMENT=2 DEFAULT CHARSET=latin1;
/*!40101 SET character_set_client = @saved_cs_client */;

--
-- Dumping data for table `tahun_ajaran`
--

LOCK TABLES `tahun_ajaran` WRITE;
/*!40000 ALTER TABLE `tahun_ajaran` DISABLE KEYS */;
INSERT INTO `tahun_ajaran` VALUES (1,'2018-09-01','2019-07-01','2018-2019',1,1,NULL,'2018-08-28 02:30:07');
/*!40000 ALTER TABLE `tahun_ajaran` ENABLE KEYS */;
UNLOCK TABLES;

--
-- Table structure for table `transaksi`
--

DROP TABLE IF EXISTS `transaksi`;
/*!40101 SET @saved_cs_client     = @@character_set_client */;
/*!40101 SET character_set_client = utf8 */;
CREATE TABLE `transaksi` (
  `id` int(11) NOT NULL AUTO_INCREMENT,
  `no_transaksi` varchar(15) NOT NULL COMMENT 'Ym/IJD/xxx',
  `tgl_transaksi` datetime NOT NULL,
  `tahun_ajaran_id` int(11) NOT NULL,
  `semester_id` int(11) NOT NULL,
  `bulan_tahun` date NOT NULL,
  `keterangan` text DEFAULT NULL,
  `user_created` int(11) NOT NULL,
  `user_updated` int(11) DEFAULT NULL,
  `update_time` datetime NOT NULL,
  PRIMARY KEY (`id`),
  UNIQUE KEY `no_transaksi` (`no_transaksi`),
  UNIQUE KEY `no_transaksi-index-transaksi` (`no_transaksi`),
  UNIQUE KEY `bulan_tahun-index-transaksi` (`bulan_tahun`,`tahun_ajaran_id`),
  KEY `fk-transaksi-semester_id` (`semester_id`),
  CONSTRAINT `fk-transaksi-semester_id` FOREIGN KEY (`semester_id`) REFERENCES `semester` (`id`) ON DELETE CASCADE
) ENGINE=InnoDB AUTO_INCREMENT=4 DEFAULT CHARSET=latin1;
/*!40101 SET character_set_client = @saved_cs_client */;

--
-- Dumping data for table `transaksi`
--

LOCK TABLES `transaksi` WRITE;
/*!40000 ALTER TABLE `transaksi` DISABLE KEYS */;
INSERT INTO `transaksi` VALUES (1,'201809/IJD/001','2018-09-06 09:22:30',1,1,'2018-09-01','IJD Bulan September',1,NULL,'2018-09-06 09:22:30'),(2,'201810/IJD/002','2018-09-06 09:26:24',1,1,'2018-10-01','IJD Bulan Oktober',1,1,'2018-09-06 09:26:32'),(3,'201811/IJD/003','2018-09-07 09:38:54',1,1,'2018-11-01','November 2018',1,NULL,'2018-09-07 09:38:54');
/*!40000 ALTER TABLE `transaksi` ENABLE KEYS */;
UNLOCK TABLES;

--
-- Table structure for table `user`
--

DROP TABLE IF EXISTS `user`;
/*!40101 SET @saved_cs_client     = @@character_set_client */;
/*!40101 SET character_set_client = utf8 */;
CREATE TABLE `user` (
  `id` int(11) NOT NULL AUTO_INCREMENT,
  `username` varchar(255) COLLATE utf8_unicode_ci NOT NULL,
  `auth_key` varchar(32) COLLATE utf8_unicode_ci NOT NULL,
  `password_hash` varchar(255) COLLATE utf8_unicode_ci NOT NULL,
  `password_reset_token` varchar(255) COLLATE utf8_unicode_ci DEFAULT NULL,
  `email` varchar(255) COLLATE utf8_unicode_ci NOT NULL,
  `status` smallint(6) NOT NULL DEFAULT 10,
  `created_at` int(11) NOT NULL,
  `updated_at` int(11) NOT NULL,
  PRIMARY KEY (`id`),
  UNIQUE KEY `username` (`username`),
  UNIQUE KEY `email` (`email`),
  UNIQUE KEY `password_reset_token` (`password_reset_token`)
) ENGINE=InnoDB AUTO_INCREMENT=5 DEFAULT CHARSET=utf8 COLLATE=utf8_unicode_ci;
/*!40101 SET character_set_client = @saved_cs_client */;

--
-- Dumping data for table `user`
--

LOCK TABLES `user` WRITE;
/*!40000 ALTER TABLE `user` DISABLE KEYS */;
INSERT INTO `user` VALUES (1,'Iwan','eA7QlLuqEqGSDRwIY2ORU3FG82DDE8tw','$2y$13$O.qs7EuvIT7pFiTB/9FS2usnR.maV8PnpIRFx7wSmXpq/lsumr.Om',NULL,'iwandevapps@gmail.com',10,1524620714,1524620714);
/*!40000 ALTER TABLE `user` ENABLE KEYS */;
UNLOCK TABLES;
/*!40103 SET TIME_ZONE=@OLD_TIME_ZONE */;

/*!40101 SET SQL_MODE=@OLD_SQL_MODE */;
/*!40014 SET FOREIGN_KEY_CHECKS=@OLD_FOREIGN_KEY_CHECKS */;
/*!40014 SET UNIQUE_CHECKS=@OLD_UNIQUE_CHECKS */;
/*!40101 SET CHARACTER_SET_CLIENT=@OLD_CHARACTER_SET_CLIENT */;
/*!40101 SET CHARACTER_SET_RESULTS=@OLD_CHARACTER_SET_RESULTS */;
/*!40101 SET COLLATION_CONNECTION=@OLD_COLLATION_CONNECTION */;
/*!40111 SET SQL_NOTES=@OLD_SQL_NOTES */;

-- Dump completed on 2018-09-07 10:03:29
